[
  {
    "path": "docs/AboutUs.md",
    "fileType": "md",
    "lines": [
      {
        "lineNumber": 1,
        "author": {
          "gitId": "-"
        },
        "content": "# About us"
      },
      {
        "lineNumber": 2,
        "author": {
          "gitId": "-"
        },
        "content": ""
      },
      {
        "lineNumber": 3,
        "author": {
          "gitId": "-"
        },
        "content": "Display | Name | Github Profile | Portfolio "
      },
      {
        "lineNumber": 4,
        "author": {
          "gitId": "-"
        },
        "content": "--------|:----:|:--------------:|:---------:"
      },
      {
        "lineNumber": 5,
        "author": {
          "gitId": "NyanWunPaing"
        },
        "content": "![](https://via.placeholder.com/100.png?text\u003dPhoto) | Nyan Wun Paing | [Github](https://github.com/NyanWunPaing) | [Portfolio](docs/team/Nyan.md)"
      },
      {
        "lineNumber": 6,
        "author": {
          "gitId": "Janicetyy"
        },
        "content": "![](https://via.placeholder.com/100.png?text\u003dPhoto) | Janice| [Github](https://github.com/Janicetyy/tp) | [Portfolio](docs/team/janice.md)"
      },
      {
        "lineNumber": 7,
        "author": {
          "gitId": "itskesin"
        },
        "content": "![](https://via.placeholder.com/100.png?text\u003dPhoto) | Yap Kesin | [Github](https://github.com/itskesin) | [Portfolio](docs/team/johndoe.md)"
      },
      {
        "lineNumber": 8,
        "author": {
          "gitId": "sitinadiah25"
        },
        "content": "![](https://via.placeholder.com/100.png?text\u003dPhoto) | Siti Nadiah | [Github](https://github.com/sitinadiah25) | [Portfolio](docs/team/sitinadiah.md)"
      }
    ],
    "authorContributionMap": {
      "NyanWunPaing": 1,
      "Janicetyy": 1,
      "sitinadiah25": 1,
      "itskesin": 1,
      "-": 4
    }
  },
  {
    "path": "docs/team/Nyan.md",
    "fileType": "md",
    "lines": [
      {
        "lineNumber": 1,
        "author": {
          "gitId": "NyanWunPaing"
        },
        "content": "# Nyan - Project Portfolio Page"
      },
      {
        "lineNumber": 2,
        "author": {
          "gitId": "NyanWunPaing"
        },
        "content": ""
      },
      {
        "lineNumber": 3,
        "author": {
          "gitId": "NyanWunPaing"
        },
        "content": "## Overview"
      },
      {
        "lineNumber": 4,
        "author": {
          "gitId": "NyanWunPaing"
        },
        "content": ""
      },
      {
        "lineNumber": 5,
        "author": {
          "gitId": "NyanWunPaing"
        },
        "content": ""
      },
      {
        "lineNumber": 6,
        "author": {
          "gitId": "NyanWunPaing"
        },
        "content": "### Summary of Contributions"
      }
    ],
    "authorContributionMap": {
      "NyanWunPaing": 6
    }
  },
  {
    "path": "docs/team/janice.md",
    "fileType": "md",
    "lines": [
      {
        "lineNumber": 1,
        "author": {
          "gitId": "Janicetyy"
        },
        "content": "# Janice - Project Portfolio Page"
      },
      {
        "lineNumber": 2,
        "author": {
          "gitId": "Janicetyy"
        },
        "content": ""
      },
      {
        "lineNumber": 3,
        "author": {
          "gitId": "Janicetyy"
        },
        "content": "## Overview"
      },
      {
        "lineNumber": 4,
        "author": {
          "gitId": "Janicetyy"
        },
        "content": ""
      },
      {
        "lineNumber": 5,
        "author": {
          "gitId": "Janicetyy"
        },
        "content": ""
      },
      {
        "lineNumber": 6,
        "author": {
          "gitId": "Janicetyy"
        },
        "content": "### Summary of Contributions"
      }
    ],
    "authorContributionMap": {
      "Janicetyy": 6
    }
  },
  {
    "path": "docs/team/sitinadiah.md",
    "fileType": "md",
    "lines": [
      {
        "lineNumber": 1,
        "author": {
          "gitId": "sitinadiah25"
        },
        "content": "#Siti Nadiah "
      },
      {
        "lineNumber": 2,
        "author": {
          "gitId": "sitinadiah25"
        },
        "content": "##Contact: e0318697@u.nus.edu "
      }
    ],
    "authorContributionMap": {
      "sitinadiah25": 2
    }
  }
]
