{
  "authorDailyContributionsMap": {
    "NyanWunPaing": [
      {
        "insertions": 8,
        "deletions": 5,
        "date": "2020-03-03",
        "commitResults": [
          {
            "hash": "262bf32fce42f80486baa3688dedc85a0c6ed10c",
            "messageTitle": "Add Aboutus",
            "messageBody": "",
            "insertions": 7,
            "deletions": 1
          },
          {
            "hash": "e7e742c69b2ea47575da9f45ac78853894a25178",
            "messageTitle": "Clear Aboutus",
            "messageBody": "",
            "insertions": 1,
            "deletions": 4
          }
        ]
      },
      {
        "insertions": 64,
        "deletions": 42,
        "date": "2020-03-07",
        "commitResults": [
          {
            "hash": "a55cab417f9e44110da30b0a24618c8b8bdcf0a1",
            "messageTitle": "Add HappyPills.java",
            "messageBody": "",
            "insertions": 40,
            "deletions": 22
          },
          {
            "hash": "ae6fbd91f32697125d0d0cc80f75ba33f6568781",
            "messageTitle": "Update HappyPills.java",
            "messageBody": "",
            "insertions": 8,
            "deletions": 8
          },
          {
            "hash": "486b00b7f44eb96e5645e57cecb3c20d1a3c2fca",
            "messageTitle": "Update HappyPills",
            "messageBody": "",
            "insertions": 16,
            "deletions": 12
          }
        ]
      },
      {
        "insertions": 352,
        "deletions": 10,
        "date": "2020-03-08",
        "commitResults": [
          {
            "hash": "690a9c58b93d8338385722a94365790351fec5ab",
            "messageTitle": "Add Patient class Add PatientList Add commands",
            "messageBody": "",
            "insertions": 177,
            "deletions": 0
          },
          {
            "hash": "72d6f77785773e371af6fc3fc572ced9c45e2550",
            "messageTitle": "Update classes",
            "messageBody": "",
            "insertions": 8,
            "deletions": 2
          },
          {
            "hash": "37592be6f70f99b943da11585b65ba9f84d844ab",
            "messageTitle": "Add addCommand",
            "messageBody": "",
            "insertions": 167,
            "deletions": 8
          }
        ]
      },
      {
        "insertions": 57,
        "deletions": 42,
        "date": "2020-03-09",
        "commitResults": [
          {
            "hash": "8becbae01802d1b6e77fb3afa3b344e042fd9a85",
            "messageTitle": "Add parser",
            "messageBody": "",
            "insertions": 54,
            "deletions": 37
          },
          {
            "hash": "4ebb7aee349a0f8b878424baff7565f90bcfc07f",
            "messageTitle": "Update parser",
            "messageBody": "",
            "insertions": 3,
            "deletions": 5
          }
        ]
      },
      {
        "insertions": 19,
        "deletions": 0,
        "date": "2020-03-10",
        "commitResults": [
          {
            "hash": "cd2a1240298e5912948e66b89cdc69bfb69dd0c9",
            "messageTitle": "Add JUnit testing for AddCommand",
            "messageBody": "",
            "insertions": 19,
            "deletions": 0
          }
        ]
      },
      {
        "insertions": 18,
        "deletions": 8,
        "date": "2020-03-17",
        "commitResults": [
          {
            "hash": "3f6d8559a0c9cc472f4f2043cccd248af187d8ab",
            "messageTitle": "Add assertions and logging for addCommand",
            "messageBody": "",
            "insertions": 11,
            "deletions": 0
          },
          {
            "hash": "9ce26bf5cb61f8077d39002f9c6d167ec8d49e90",
            "messageTitle": "Update parser for adding patient\u0027s details",
            "messageBody": "",
            "insertions": 7,
            "deletions": 8
          }
        ]
      },
      {
        "insertions": 100,
        "deletions": 137,
        "date": "2020-03-23",
        "commitResults": [
          {
            "hash": "c771892d75d6084f680d0b6c683099ae34da302f",
            "messageTitle": "Fix Bug for addCommand Add UserPrompt for addCommand",
            "messageBody": "",
            "insertions": 76,
            "deletions": 112
          },
          {
            "hash": "19e4192ace0a0bb589ef9426ef766ccce20d1ba4",
            "messageTitle": "Update Parser",
            "messageBody": "",
            "insertions": 22,
            "deletions": 22
          },
          {
            "hash": "20e4adee118e48ec4ada94d48c560def53f65f4f",
            "messageTitle": "Update Test-ui Bug found",
            "messageBody": "",
            "insertions": 0,
            "deletions": 3
          },
          {
            "hash": "17f87d22832f859077a07753790a71d3a60a1ffb",
            "messageTitle": "Add assertion for AddCommand",
            "messageBody": "",
            "insertions": 2,
            "deletions": 0
          }
        ]
      },
      {
        "insertions": 56,
        "deletions": 4,
        "date": "2020-03-24",
        "commitResults": [
          {
            "hash": "2310aa646db0085fc57128efee36451b3ed02b2b",
            "messageTitle": "Update AddCommandTest",
            "messageBody": "",
            "insertions": 4,
            "deletions": 3
          },
          {
            "hash": "d43a961e15893fadb9acd21b11179b17f235b67e",
            "messageTitle": "Fix CheckStyle",
            "messageBody": "",
            "insertions": 1,
            "deletions": 1
          },
          {
            "hash": "f9671672cc3c44f6038c4ed755bdb5131a2a5e1b",
            "messageTitle": "Update DG",
            "messageBody": "",
            "insertions": 51,
            "deletions": 0
          }
        ]
      },
      {
        "insertions": 41,
        "deletions": 15,
        "date": "2020-03-27",
        "commitResults": [
          {
            "hash": "ab96e1ff2559e9a47e3b113ee5c3a95110c7b795",
            "messageTitle": "Updated UG for add",
            "messageBody": "",
            "insertions": 41,
            "deletions": 15
          }
        ]
      },
      {
        "insertions": 6,
        "deletions": 4,
        "date": "2020-03-28",
        "commitResults": [
          {
            "hash": "56635841467ee913209d9eb6e2e4340473a67f44",
            "messageTitle": "update addparser",
            "messageBody": "",
            "insertions": 3,
            "deletions": 2
          },
          {
            "hash": "42f1276d6944707158d94e5b0f3ca22889a7fad0",
            "messageTitle": "update parser",
            "messageBody": "",
            "insertions": 3,
            "deletions": 2
          }
        ]
      },
      {
        "insertions": 854,
        "deletions": 467,
        "date": "2020-03-30",
        "commitResults": [
          {
            "hash": "6b3edbaa49d65e9dd285dc80196e7b09f0e9c49f",
            "messageTitle": "Refactor to fit MCV",
            "messageBody": "",
            "insertions": 430,
            "deletions": 433
          },
          {
            "hash": "bd32e4ec86dcc0dd3eeaadc62f356530fd1ced5d",
            "messageTitle": "Fix codingstyle buf",
            "messageBody": "",
            "insertions": 0,
            "deletions": 4
          },
          {
            "hash": "a1cad88a5e31dfd15e479ceae47e2c08f2bfdb12",
            "messageTitle": "Debugged Text-ui-test",
            "messageBody": "",
            "insertions": 6,
            "deletions": 6
          },
          {
            "hash": "f15343609a7cc6757ca7ab9e53b952b5edf83b55",
            "messageTitle": "Added visit and visitmap",
            "messageBody": "",
            "insertions": 141,
            "deletions": 0
          },
          {
            "hash": "978b27ad836f5c9dd42f3a6c4992a20b5c63de3b",
            "messageTitle": "visit parser and visit add command",
            "messageBody": "",
            "insertions": 277,
            "deletions": 24
          }
        ]
      },
      {
        "insertions": 594,
        "deletions": 347,
        "date": "2020-03-31",
        "commitResults": [
          {
            "hash": "6043533e93a22de0091f2be3607d3fac46cac707",
            "messageTitle": "Add VisitParser",
            "messageBody": "",
            "insertions": 124,
            "deletions": 93
          },
          {
            "hash": "7fd52fef11d38383a2051c54b5f4736b82e3d6d2",
            "messageTitle": "Fix bug for test",
            "messageBody": "",
            "insertions": 46,
            "deletions": 24
          },
          {
            "hash": "40b1e0225ff576bb58440677c3604b48c9d1b2f3",
            "messageTitle": "Testing bug",
            "messageBody": "",
            "insertions": 0,
            "deletions": 2
          },
          {
            "hash": "b13506caff7bf49814d5f706140c039ff680085a",
            "messageTitle": "edit EditPatientTest",
            "messageBody": "",
            "insertions": 3,
            "deletions": 3
          },
          {
            "hash": "c2aa3fb6d35b77e1301738c2c855daa70c89d710",
            "messageTitle": "Update save.txt",
            "messageBody": "",
            "insertions": 5,
            "deletions": 5
          },
          {
            "hash": "a0401d64b345256db1be4c636985976c4d67b427",
            "messageTitle": "ammend ug",
            "messageBody": "",
            "insertions": 5,
            "deletions": 5
          },
          {
            "hash": "117d1283425af7465e15753d5a057e6892c8cc77",
            "messageTitle": "Edit minor printing information",
            "messageBody": "",
            "insertions": 42,
            "deletions": 60
          },
          {
            "hash": "12e0cda9f65fa05db475cc1c64ce8ff8d59de93f",
            "messageTitle": "link images",
            "messageBody": "",
            "insertions": 3,
            "deletions": 3
          },
          {
            "hash": "6931f95a6844baead0f70793962678efc7bee174",
            "messageTitle": "Add template for UG",
            "messageBody": "",
            "insertions": 58,
            "deletions": 8
          },
          {
            "hash": "ae01bd3433e9fff073f82f3203a74d80ee2254a0",
            "messageTitle": "Update minor details",
            "messageBody": "",
            "insertions": 9,
            "deletions": 9
          },
          {
            "hash": "72caa513ffab71376d77ed95149b9eb81b7f2ad9",
            "messageTitle": "Update DG",
            "messageBody": "",
            "insertions": 40,
            "deletions": 10
          },
          {
            "hash": "8da64e232bc31e0f581b32b979625a88818f067f",
            "messageTitle": "Edit ReadMe",
            "messageBody": "",
            "insertions": 44,
            "deletions": 18
          },
          {
            "hash": "3eff6bf9280d6931ca237511167d70a7cdd3fda3",
            "messageTitle": "Update UG",
            "messageBody": "",
            "insertions": 56,
            "deletions": 41
          },
          {
            "hash": "10aa7843b94f9488b3b9dc9a8dbf8e4d1c5289f6",
            "messageTitle": "Minor update",
            "messageBody": "",
            "insertions": 4,
            "deletions": 2
          },
          {
            "hash": "c2231a2c2c66eb5471bf8115156f205957f774b0",
            "messageTitle": "Update UG Update UI for PatientRecord Function",
            "messageBody": "",
            "insertions": 90,
            "deletions": 43
          },
          {
            "hash": "585d83140ba5face71eb879cf225f9a4c0f59871",
            "messageTitle": "Fix style",
            "messageBody": "",
            "insertions": 3,
            "deletions": 3
          },
          {
            "hash": "fd150d8a2af87b5596bc55dda1d431e2b19bb028",
            "messageTitle": "Fix test",
            "messageBody": "",
            "insertions": 5,
            "deletions": 10
          },
          {
            "hash": "3d39c175261c9fb15cc0bc98b1b8678b69263689",
            "messageTitle": "Update UG - Patient Records",
            "messageBody": "",
            "insertions": 57,
            "deletions": 8
          }
        ]
      },
      {
        "insertions": 312,
        "deletions": 119,
        "date": "2020-04-01",
        "commitResults": [
          {
            "hash": "be0abd4b010a25c66060a0c54e635d5665db5a47",
            "messageTitle": "fix text-ui-test bug",
            "messageBody": "",
            "insertions": 14,
            "deletions": 13
          },
          {
            "hash": "ab1bb8dfa1569280e44c4e3a1be79a89e869fe33",
            "messageTitle": "add random input",
            "messageBody": "",
            "insertions": 2,
            "deletions": 1
          },
          {
            "hash": "a8903a5b63cb111991f46df9a55bbb5b0edb9a1a",
            "messageTitle": "Update UserGuide.md",
            "messageBody": "",
            "insertions": 3,
            "deletions": 3
          },
          {
            "hash": "2c6bf317aa974dcdc1351eb78e6b8914f7f4843c",
            "messageTitle": "Update UserGuide-Patient.md",
            "messageBody": "",
            "insertions": 10,
            "deletions": 10
          },
          {
            "hash": "e7c51f3f4904ee68153fa7a09d072a81be375792",
            "messageTitle": "Update UserGuide.md",
            "messageBody": "",
            "insertions": 1,
            "deletions": 1
          },
          {
            "hash": "85057634d5636561986322abdac2a1f40cd1546d",
            "messageTitle": "Update UserGuide-Patient.md",
            "messageBody": "",
            "insertions": 2,
            "deletions": 2
          },
          {
            "hash": "36699376e390118e75e552c7bda7e94ac5ef6f41",
            "messageTitle": "Update UserGuide-Patient.md",
            "messageBody": "",
            "insertions": 2,
            "deletions": 2
          },
          {
            "hash": "1e6c2be983899b225dedb262dfe933bc86cb105e",
            "messageTitle": "Update UserGuide-Patient.md",
            "messageBody": "",
            "insertions": 2,
            "deletions": 0
          },
          {
            "hash": "ef666c6fd4e2a312a466619d9637a71609abf325",
            "messageTitle": "Fix issue found in addCommand",
            "messageBody": "",
            "insertions": 36,
            "deletions": 13
          },
          {
            "hash": "d7a4d1fecfc69a05abbda3f3a1412824f4026221",
            "messageTitle": "PR",
            "messageBody": "",
            "insertions": 104,
            "deletions": 30
          },
          {
            "hash": "4cab6e1a5ec0740912afa702bb407a4441de6dba",
            "messageTitle": "remove data",
            "messageBody": "",
            "insertions": 0,
            "deletions": 0
          },
          {
            "hash": "1f07ba6427ae80a9d7cffcfc340ac7d9aa3189de",
            "messageTitle": "fix style",
            "messageBody": "",
            "insertions": 3,
            "deletions": 3
          },
          {
            "hash": "73585baea88256766827649a5b74cc4fd2f9676c",
            "messageTitle": "clear text-ui-test",
            "messageBody": "",
            "insertions": 0,
            "deletions": 3
          },
          {
            "hash": "b84f29a4cf347b85f6ec387559d7a7d546113b96",
            "messageTitle": "clear everything",
            "messageBody": "",
            "insertions": 0,
            "deletions": 2
          },
          {
            "hash": "803595dc2ee7c004a87ca4047ff7f072243fac4d",
            "messageTitle": "Added bloodtype checker Fix Bug in Edit patient command",
            "messageBody": "",
            "insertions": 99,
            "deletions": 9
          },
          {
            "hash": "8bbb3f5a47596f1dbed88427c357a52a677d20e5",
            "messageTitle": "fix style",
            "messageBody": "",
            "insertions": 2,
            "deletions": 1
          },
          {
            "hash": "1392e43e357c3e6a94b8616e7abda0d80feef019",
            "messageTitle": "Fix new bugs on Add command",
            "messageBody": "",
            "insertions": 18,
            "deletions": 10
          },
          {
            "hash": "052218ca48fb026276fb6b0f5b03cf49663ab2ec",
            "messageTitle": "change style",
            "messageBody": "",
            "insertions": 1,
            "deletions": 1
          },
          {
            "hash": "e5e792203fa435da90e32566d1a70490a756ca8b",
            "messageTitle": "remove testing output",
            "messageBody": "",
            "insertions": 2,
            "deletions": 3
          },
          {
            "hash": "12400b21d9488e864d9138da10cccb4c751fb6d6",
            "messageTitle": "Update UserGuide.md",
            "messageBody": "",
            "insertions": 1,
            "deletions": 1
          },
          {
            "hash": "ba67ec8ec4d424a865a7f9c1440fc55c1f2ece24",
            "messageTitle": "Update UserGuide.md",
            "messageBody": "",
            "insertions": 1,
            "deletions": 1
          },
          {
            "hash": "70de61be73169a030246af6bd3a2b584973a17e6",
            "messageTitle": "fix delete patient bug",
            "messageBody": "",
            "insertions": 8,
            "deletions": 8
          },
          {
            "hash": "289973a3f1c1630fe20151d0bb05be7431cc0d44",
            "messageTitle": "Fix delete bug",
            "messageBody": "",
            "insertions": 1,
            "deletions": 2
          }
        ]
      },
      {
        "insertions": 34,
        "deletions": 29,
        "date": "2020-04-02",
        "commitResults": [
          {
            "hash": "a4a6c14478afba5e68b203c56dce999c0a74eb72",
            "messageTitle": "fix all bug for General Patient related bugs",
            "messageBody": "",
            "insertions": 23,
            "deletions": 23
          },
          {
            "hash": "c0c70b657888589296a6b5d42fe92d4fbb83f2bd",
            "messageTitle": "Fix test getPatientCommand",
            "messageBody": "",
            "insertions": 11,
            "deletions": 6
          }
        ]
      }
    ],
    "Janicetyy": [
      {
        "insertions": 8,
        "deletions": 1,
        "date": "2020-03-03",
        "commitResults": [
          {
            "hash": "3f04b5553e8650e515bdb764c1a761a31e006ec6",
            "messageTitle": "changes to AboutMe. Added portfolio doc to doc/team folder",
            "messageBody": "",
            "insertions": 8,
            "deletions": 1
          }
        ]
      },
      {
        "insertions": 39,
        "deletions": 1,
        "date": "2020-03-09",
        "commitResults": [
          {
            "hash": "6e5a2067f4724fe17b1850c1b77ed03ca0e28d97",
            "messageTitle": "added the retrieve specific patient feature",
            "messageBody": "",
            "insertions": 39,
            "deletions": 1
          }
        ]
      },
      {
        "insertions": 243,
        "deletions": 68,
        "date": "2020-03-16",
        "commitResults": [
          {
            "hash": "287457e3036f281420b161c9f709edb467fe86be",
            "messageTitle": "addedGetCommandtest JUnit",
            "messageBody": "",
            "insertions": 59,
            "deletions": 5
          },
          {
            "hash": "7e227932905bd51a1c5492240c2b7d83a3ed323d",
            "messageTitle": "added assert to getCommand",
            "messageBody": "",
            "insertions": 4,
            "deletions": 0
          },
          {
            "hash": "72dee677997973f909625b245ee4526bc4a3109f",
            "messageTitle": "added new storage functions",
            "messageBody": "",
            "insertions": 65,
            "deletions": 0
          },
          {
            "hash": "83c7a62f879c0e3c73781c4bbd5ec1e7d6758cd3",
            "messageTitle": "Added toSave string in patient function",
            "messageBody": "",
            "insertions": 7,
            "deletions": 0
          },
          {
            "hash": "75bef1c6a82e73e6a11ba78db6b7325f77c1cf55",
            "messageTitle": "change storage list type from arraylist to patientlist. added load from file to main",
            "messageBody": "",
            "insertions": 15,
            "deletions": 6
          },
          {
            "hash": "09e4797395e262655d743dc3127836e2353b68b0",
            "messageTitle": "defined filepath as global variable instead of local variable",
            "messageBody": "",
            "insertions": 4,
            "deletions": 4
          },
          {
            "hash": "9b773c7151bbb65fb95d2c63921db32c6239c2f8",
            "messageTitle": "checkstyle",
            "messageBody": "",
            "insertions": 18,
            "deletions": 10
          },
          {
            "hash": "513aab02a762718873acf749952f0ee0f9935b4a",
            "messageTitle": "changes to storage javadoc, edited variable names in Textui, extracted logging methods in main, added logging for hpe",
            "messageBody": "",
            "insertions": 47,
            "deletions": 29
          },
          {
            "hash": "42561f9d0d6b7cc6d1563ffdc851d8b34f4cbd7a",
            "messageTitle": "modification due to checkstyle",
            "messageBody": "",
            "insertions": 17,
            "deletions": 8
          },
          {
            "hash": "3b598d03ec6b89a522f1eca48b04a0b978c154f9",
            "messageTitle": "modified javadoc for getPatientSuccessMessage",
            "messageBody": "",
            "insertions": 2,
            "deletions": 1
          },
          {
            "hash": "7068444ca1acf8d8dc90639567ae6bdccfbca4e8",
            "messageTitle": "stash changes?",
            "messageBody": "",
            "insertions": 1,
            "deletions": 1
          },
          {
            "hash": "9bdaa1a7ebe2e7051cbeaee5bd4a31810d06d304",
            "messageTitle": "checkstyle",
            "messageBody": "",
            "insertions": 1,
            "deletions": 1
          },
          {
            "hash": "a754f3603a8fe93bc2bcaff1bd5b220f2db4c7c4",
            "messageTitle": "double check",
            "messageBody": "",
            "insertions": 1,
            "deletions": 1
          },
          {
            "hash": "d2c538b19b1c14f8f185cc65fb3eef145ccc8b4f",
            "messageTitle": "i/o redirection",
            "messageBody": "",
            "insertions": 2,
            "deletions": 2
          }
        ]
      },
      {
        "insertions": 217,
        "deletions": 9,
        "date": "2020-03-17",
        "commitResults": [
          {
            "hash": "dfe4f94bfe914083c450222b34d799393723b756",
            "messageTitle": "Created skeleton layout for readme.",
            "messageBody": "",
            "insertions": 162,
            "deletions": 2
          },
          {
            "hash": "7e613f15233f0f912c50b7a3d8c700ea8bbf6c17",
            "messageTitle": "fixed javadocs",
            "messageBody": "",
            "insertions": 55,
            "deletions": 7
          }
        ]
      },
      {
        "insertions": 36,
        "deletions": 0,
        "date": "2020-03-26",
        "commitResults": [
          {
            "hash": "35504653904f405dd8f527152dcd27c28a31726a",
            "messageTitle": "added storage in DG",
            "messageBody": "",
            "insertions": 36,
            "deletions": 0
          }
        ]
      },
      {
        "insertions": 124,
        "deletions": 34,
        "date": "2020-03-28",
        "commitResults": [
          {
            "hash": "ab0e6f32bb1c999df338cabc0dd557c4f865384c",
            "messageTitle": "modified storage class, implemented storage class into add,edit,delete command.",
            "messageBody": "",
            "insertions": 73,
            "deletions": 10
          },
          {
            "hash": "7152009818e49fa818ffbc5dc387b79b60d43654",
            "messageTitle": "tested storage function on add and edit",
            "messageBody": "",
            "insertions": 4,
            "deletions": 2
          },
          {
            "hash": "1445c592266a1cf570d935df72f024bdec299a7f",
            "messageTitle": "tested storage on delete, added savnig entire list to file in exit command.",
            "messageBody": "",
            "insertions": 13,
            "deletions": 1
          },
          {
            "hash": "3b45c9f5dfe26579cbbeaf78b93276d5e371030d",
            "messageTitle": "checkstyle and javadoc",
            "messageBody": "",
            "insertions": 9,
            "deletions": 3
          },
          {
            "hash": "1a87f7aca3c46d6ccbeeea066150692173c342dd",
            "messageTitle": "get only accepts NRIC in uppercase now to prevent duplicated NRIC.",
            "messageBody": "",
            "insertions": 1,
            "deletions": 1
          },
          {
            "hash": "8747b9b7320fa99e1783a612dc0c84f7501acfb8",
            "messageTitle": "updated DG",
            "messageBody": "",
            "insertions": 24,
            "deletions": 17
          }
        ]
      },
      {
        "insertions": 1000,
        "deletions": 139,
        "date": "2020-03-30",
        "commitResults": [
          {
            "hash": "2e6bd1d8fad11789046b43ed094798ec18c5351a",
            "messageTitle": "fixed refactor issue",
            "messageBody": "",
            "insertions": 134,
            "deletions": 3
          },
          {
            "hash": "400c981674e06bbc41f51e10789da821493ac7da",
            "messageTitle": "added find feature.",
            "messageBody": "",
            "insertions": 23,
            "deletions": 16
          },
          {
            "hash": "a18f3cd69d6f4538dd7195ac90c03aee201cde04",
            "messageTitle": "checkstyle",
            "messageBody": "",
            "insertions": 14,
            "deletions": 3
          },
          {
            "hash": "ef91841f71aad142824adc47d7d9c921ce8444b2",
            "messageTitle": "implement edit apt skeleton",
            "messageBody": "",
            "insertions": 233,
            "deletions": 7
          },
          {
            "hash": "023a5c68ad109c3359fa724de6d31c9e566498a7",
            "messageTitle": "first tested and working copy of edit appt.",
            "messageBody": "",
            "insertions": 104,
            "deletions": 45
          },
          {
            "hash": "ef0ef4c60e4e871f89b2c35bc27cc541e9ccb772",
            "messageTitle": "checkstyle main completed.",
            "messageBody": "",
            "insertions": 21,
            "deletions": 24
          },
          {
            "hash": "39c5fda898e55e840d0a3772616f1a26f1f9a80f",
            "messageTitle": "added test for edit appt. checkstyle/",
            "messageBody": "",
            "insertions": 147,
            "deletions": 10
          },
          {
            "hash": "27605138fcdae117c65b7f2a17245a9a3e8a8235",
            "messageTitle": "fixed test merge import issue.",
            "messageBody": "",
            "insertions": 5,
            "deletions": 8
          },
          {
            "hash": "fc722a771eaeba1b25b740cb50ae38249c9e698e",
            "messageTitle": "initialise done command for appt",
            "messageBody": "",
            "insertions": 120,
            "deletions": 11
          },
          {
            "hash": "7a8e8bc88ad3b3f61619e11a2d3c742b04cf2215",
            "messageTitle": "checkstyle",
            "messageBody": "",
            "insertions": 16,
            "deletions": 1
          },
          {
            "hash": "4344d9d714bbecd876ff1d9764fe07b6844b808c",
            "messageTitle": "Added test file.",
            "messageBody": "",
            "insertions": 65,
            "deletions": 0
          },
          {
            "hash": "ef5fc86071c2ddd1312005afead5111a86c10769",
            "messageTitle": "added load function for storage appt.",
            "messageBody": "",
            "insertions": 50,
            "deletions": 0
          },
          {
            "hash": "fe4f07069cddaf5fdff9a9c999747a43733865dd",
            "messageTitle": "added storage to add,edit,delete.",
            "messageBody": "",
            "insertions": 68,
            "deletions": 11
          }
        ]
      },
      {
        "insertions": 687,
        "deletions": 419,
        "date": "2020-03-31",
        "commitResults": [
          {
            "hash": "b8ec30be8f1dae2c7419d10f4f48a96599e03a9a",
            "messageTitle": "added storage to delete, implemented delete for patient object. change apptid to retrieve from static int, which increases every construction.",
            "messageBody": "",
            "insertions": 95,
            "deletions": 36
          },
          {
            "hash": "2723bafb5e3e7d7f47b8f1ea64aaa66b11096dc6",
            "messageTitle": "checkstyle",
            "messageBody": "",
            "insertions": 15,
            "deletions": 13
          },
          {
            "hash": "563ff0a0a8c2c50e9042ace5739e1c2956cff3da",
            "messageTitle": "javadoc check",
            "messageBody": "",
            "insertions": 5,
            "deletions": 0
          },
          {
            "hash": "2f9e4f0f884a6a7e8334e7f1b53ffc1633a0b747",
            "messageTitle": "test gradle",
            "messageBody": "",
            "insertions": 5,
            "deletions": 5
          },
          {
            "hash": "7dbd19ef52f5492271128b1fe6b57b7511a956e1",
            "messageTitle": "test file again",
            "messageBody": "",
            "insertions": 2,
            "deletions": 2
          },
          {
            "hash": "e3c7395781004cd052860c47e0c6a1215ffe6f96",
            "messageTitle": "test again and again",
            "messageBody": "",
            "insertions": 3,
            "deletions": 3
          },
          {
            "hash": "31c152133226a620cc64261b643d4b21173408f3",
            "messageTitle": "test please",
            "messageBody": "",
            "insertions": 2,
            "deletions": 2
          },
          {
            "hash": "58ac5db8e4152df6c793efa672c5aaaa55d6c91c",
            "messageTitle": "changes to DG-Storage",
            "messageBody": "",
            "insertions": 39,
            "deletions": 8
          },
          {
            "hash": "b94ff06861cb185a8b4bd4731975caafc95b1960",
            "messageTitle": "changes to DG-Storage",
            "messageBody": "",
            "insertions": 4,
            "deletions": 2
          },
          {
            "hash": "ff8edfc314a2aa1b3ade9c4d104e4de33c5f6986",
            "messageTitle": "spliting into smaller pages.",
            "messageBody": "",
            "insertions": 343,
            "deletions": 296
          },
          {
            "hash": "2092f15db9cb96e4981aa88a8a4b8d14356d47ac",
            "messageTitle": "added content to appt done,delete,edit",
            "messageBody": "",
            "insertions": 52,
            "deletions": 2
          },
          {
            "hash": "8e7f278599de87136d26d5304c9b1d8f9045d01d",
            "messageTitle": "added content to find appt UG",
            "messageBody": "",
            "insertions": 15,
            "deletions": 0
          },
          {
            "hash": "075aa0db2cde440a63c10aeb776003de07782333",
            "messageTitle": "added content to add appt UG",
            "messageBody": "",
            "insertions": 21,
            "deletions": 0
          },
          {
            "hash": "11dd27b0f6847b0c47f0fa1c62ea1eab89b8495f",
            "messageTitle": "Brief desc appt",
            "messageBody": "",
            "insertions": 2,
            "deletions": 0
          },
          {
            "hash": "5e5685e3ec0fa70c8ca492d474e0eb17424ff72e",
            "messageTitle": "added content to list appt UG",
            "messageBody": "",
            "insertions": 13,
            "deletions": 0
          },
          {
            "hash": "52f306083d9a97cbe4ffbf47d41a72c4d32d0368",
            "messageTitle": "test",
            "messageBody": "",
            "insertions": 3,
            "deletions": 3
          },
          {
            "hash": "d6cb635cee82cf31cf745e705bdb1644e1b24c01",
            "messageTitle": "reroute return to main in UG",
            "messageBody": "",
            "insertions": 2,
            "deletions": 2
          },
          {
            "hash": "eed7791335602a7796b04fe11609a23fb946004b",
            "messageTitle": "reroute return to main in UG",
            "messageBody": "",
            "insertions": 7,
            "deletions": 3
          },
          {
            "hash": "f7957de6a758a3696e14c412344f79065d66409f",
            "messageTitle": "testing link",
            "messageBody": "",
            "insertions": 2,
            "deletions": 2
          },
          {
            "hash": "f260e43329568a91806ddf0f4eb116be65286354",
            "messageTitle": "change link, add go to links",
            "messageBody": "",
            "insertions": 11,
            "deletions": 10
          },
          {
            "hash": "16e02f7fd2f577f5f665bede7fa64a07e4c1e0a2",
            "messageTitle": "test arrow",
            "messageBody": "",
            "insertions": 1,
            "deletions": 1
          },
          {
            "hash": "0fe1124cd9d1a99ec8350cded590e94260931b76",
            "messageTitle": "add up arrow to return to top in ug",
            "messageBody": "",
            "insertions": 15,
            "deletions": 15
          },
          {
            "hash": "bbc61fdef303ff5fc37a08fd5c481e5ac2c577bd",
            "messageTitle": "test format",
            "messageBody": "",
            "insertions": 13,
            "deletions": 2
          },
          {
            "hash": "f7a3733109da4678e78e0d8e1151bcacafdd7f06",
            "messageTitle": "test table",
            "messageBody": "",
            "insertions": 6,
            "deletions": 3
          },
          {
            "hash": "af3d2f18a988e4552a0adbbc077f10d0803bf552",
            "messageTitle": "format",
            "messageBody": "",
            "insertions": 3,
            "deletions": 3
          },
          {
            "hash": "fdbe3bf3b0969b216921fe28893e3d913223528f",
            "messageTitle": "format",
            "messageBody": "",
            "insertions": 2,
            "deletions": 0
          },
          {
            "hash": "5bfd0cb814f033a21d132b01737f6d9e40f5a312",
            "messageTitle": "format",
            "messageBody": "",
            "insertions": 1,
            "deletions": 3
          },
          {
            "hash": "bd0d2949203c2382b3f04002d85fd83eddedbb75",
            "messageTitle": "format",
            "messageBody": "",
            "insertions": 3,
            "deletions": 1
          },
          {
            "hash": "65fab2e553c14ff8c2ff55bd0aacd14ec4f3cecb",
            "messageTitle": "format",
            "messageBody": "",
            "insertions": 1,
            "deletions": 1
          },
          {
            "hash": "664ffb6a936b1046aee6c47fda571bcb907acd39",
            "messageTitle": "format",
            "messageBody": "",
            "insertions": 1,
            "deletions": 1
          }
        ]
      },
      {
        "insertions": 1035,
        "deletions": 1010,
        "date": "2020-04-01",
        "commitResults": [
          {
            "hash": "ea2c0f17932a6f187e69da9fbdda894cf4499c1d",
            "messageTitle": "merge",
            "messageBody": "",
            "insertions": 17,
            "deletions": 17
          },
          {
            "hash": "fdf36d54fc19d0c0158d12cb8141e922c5ffd517",
            "messageTitle": "fix storage assertion",
            "messageBody": "",
            "insertions": 51,
            "deletions": 16
          },
          {
            "hash": "ac94d8990fcae4b632b9277a69317bbda4b28835",
            "messageTitle": "fixed appt delete issue, improved appt parser logic",
            "messageBody": "",
            "insertions": 55,
            "deletions": 12
          },
          {
            "hash": "5df0e327fd30ff27a42685684ff87a677ad173a8",
            "messageTitle": "Refactor TextUi",
            "messageBody": "",
            "insertions": 583,
            "deletions": 672
          },
          {
            "hash": "8cba769e1d16e5457b5bc7002675a64c4f158986",
            "messageTitle": "prepare for upstream merge",
            "messageBody": "",
            "insertions": 0,
            "deletions": 16
          },
          {
            "hash": "18e701c62fb215f321139c0c794803fada32f4c4",
            "messageTitle": "PatientTextUi",
            "messageBody": "",
            "insertions": 19,
            "deletions": 33
          },
          {
            "hash": "0a92bfada342f5fdb191f25d4b8e9fb0cb395cea",
            "messageTitle": "PRTextUi",
            "messageBody": "",
            "insertions": 5,
            "deletions": 15
          },
          {
            "hash": "fc0f7a8a5ea6da2c838d1a0d193858e4e01825c4",
            "messageTitle": "apptTextUi",
            "messageBody": "",
            "insertions": 23,
            "deletions": 29
          },
          {
            "hash": "58190f48197e96f276a797ee3254f7384712fce8",
            "messageTitle": "Use textui in appointment commands",
            "messageBody": "",
            "insertions": 106,
            "deletions": 72
          },
          {
            "hash": "87545a59d7bfc7fbb2e839ebfd0f4d5b9d9214f8",
            "messageTitle": "Use textui in patient commands",
            "messageBody": "",
            "insertions": 8,
            "deletions": 7
          },
          {
            "hash": "b66b3932ecdef479ac2e6fd00ca322b81115a1b9",
            "messageTitle": "checkstyle",
            "messageBody": "",
            "insertions": 45,
            "deletions": 36
          },
          {
            "hash": "39af90dc645b767d7fbcbf5ad4f1878ceecd41a1",
            "messageTitle": "test file expected output minor adjustments",
            "messageBody": "",
            "insertions": 13,
            "deletions": 18
          },
          {
            "hash": "0ac4986f35a11f8beb6d72984f49941446b1d906",
            "messageTitle": "passed all checks",
            "messageBody": "",
            "insertions": 40,
            "deletions": 51
          },
          {
            "hash": "ebd219b2e8018d64571912962bbba0fd42dcc6f7",
            "messageTitle": "issue 125 : Help edit not working",
            "messageBody": "",
            "insertions": 1,
            "deletions": 1
          },
          {
            "hash": "4a6e91df426f68f21885a7ae4dc5751e2a3266dc",
            "messageTitle": "issue 129: done appointment wrong instruction",
            "messageBody": "",
            "insertions": 2,
            "deletions": 1
          },
          {
            "hash": "fe21aed574ddfcb7e60bf940a352083411b4f428",
            "messageTitle": "add validation",
            "messageBody": "",
            "insertions": 66,
            "deletions": 0
          },
          {
            "hash": "f473db5aeb3c6bad8a0aa0cc63b8fe4f94b30a7b",
            "messageTitle": "storage",
            "messageBody": "",
            "insertions": 1,
            "deletions": 14
          }
        ]
      },
      {
        "insertions": 12,
        "deletions": 28,
        "date": "2020-04-02",
        "commitResults": [
          {
            "hash": "f30ef7c05a972d12c5774c306fb0485f1543e817",
            "messageTitle": "storage",
            "messageBody": "",
            "insertions": 12,
            "deletions": 28
          }
        ]
      }
    ],
    "sitinadiah25": [
      {
        "insertions": 4,
        "deletions": 0,
        "date": "2020-03-03",
        "commitResults": [
          {
            "hash": "1922ee9dd1f8d5d012f1e2cdb1869ac79cd7e4bf",
            "messageTitle": "update about us",
            "messageBody": "",
            "insertions": 4,
            "deletions": 0
          }
        ]
      },
      {
        "insertions": 99,
        "deletions": 8,
        "date": "2020-03-09",
        "commitResults": [
          {
            "hash": "912975ac2bf80562822fcdfb675dda690a3dbe3a",
            "messageTitle": "Add edit patient details",
            "messageBody": "",
            "insertions": 99,
            "deletions": 8
          }
        ]
      },
      {
        "insertions": 81,
        "deletions": 49,
        "date": "2020-03-10",
        "commitResults": [
          {
            "hash": "309ad29ff7ebb0ab381c8b08de84399ffb37b40e",
            "messageTitle": "Update parser",
            "messageBody": "",
            "insertions": 10,
            "deletions": 39
          },
          {
            "hash": "90d92e5c550b30ad50160c9e4a1bfbe931be6d8f",
            "messageTitle": "Add exit command",
            "messageBody": "",
            "insertions": 71,
            "deletions": 10
          }
        ]
      },
      {
        "insertions": 1,
        "deletions": 4,
        "date": "2020-03-15",
        "commitResults": [
          {
            "hash": "3e722df126de7bd339a0e04be5b1d2bd70d80400",
            "messageTitle": "Run gradle",
            "messageBody": "",
            "insertions": 1,
            "deletions": 4
          }
        ]
      },
      {
        "insertions": 421,
        "deletions": 105,
        "date": "2020-03-16",
        "commitResults": [
          {
            "hash": "079d567f6cf9e5e8f37898bedbd38da98cf1b27d",
            "messageTitle": "Update Edit command",
            "messageBody": "",
            "insertions": 71,
            "deletions": 32
          },
          {
            "hash": "c7d607ec3c8d8a22480f9e8b734cb76c9f6a9a29",
            "messageTitle": "Update Edit command TextUi",
            "messageBody": "",
            "insertions": 23,
            "deletions": 14
          },
          {
            "hash": "58bc41f68f8faf94a5a560d10e2e8eabc2ea2bb6",
            "messageTitle": "Update help command",
            "messageBody": "",
            "insertions": 186,
            "deletions": 33
          },
          {
            "hash": "32f013dff0723eb12317c34ed3aa5c81f02f3636",
            "messageTitle": "Add delete function",
            "messageBody": "",
            "insertions": 91,
            "deletions": 17
          },
          {
            "hash": "c563fabcd31f0d064624e5e955b76a39c67319d8",
            "messageTitle": "Add Javadoc and Logging",
            "messageBody": "",
            "insertions": 50,
            "deletions": 9
          }
        ]
      },
      {
        "insertions": 153,
        "deletions": 14,
        "date": "2020-03-17",
        "commitResults": [
          {
            "hash": "39afddcff7c41ba6ee800eb6cf41ef9c4a06ec91",
            "messageTitle": "Update add command",
            "messageBody": "",
            "insertions": 153,
            "deletions": 14
          }
        ]
      },
      {
        "insertions": 67,
        "deletions": 14,
        "date": "2020-03-22",
        "commitResults": [
          {
            "hash": "139bd4fa28a41d3b14f5c1f0db8ccf5d33022e8e",
            "messageTitle": "Refactor TextUi",
            "messageBody": "",
            "insertions": 64,
            "deletions": 10
          },
          {
            "hash": "e33c52d40dad3eca6b08459baa5bcd004294f0d8",
            "messageTitle": "Add Logic Diagrams",
            "messageBody": "",
            "insertions": 3,
            "deletions": 4
          }
        ]
      },
      {
        "insertions": 64,
        "deletions": 3,
        "date": "2020-03-23",
        "commitResults": [
          {
            "hash": "7e333c16f237575a56b5c913d6a04d66aa28ddc3",
            "messageTitle": "Add Appointment Scheduling in Developer Guide",
            "messageBody": "",
            "insertions": 64,
            "deletions": 3
          }
        ]
      },
      {
        "insertions": 2,
        "deletions": 11,
        "date": "2020-03-26",
        "commitResults": [
          {
            "hash": "7a8dfcace6951bb6e99b9a4905f3018d1376e9d5",
            "messageTitle": "Update UserGuide.md",
            "messageBody": "",
            "insertions": 0,
            "deletions": 9
          },
          {
            "hash": "cbb47079bd4374f39f8b0266e7343015ffb282c4",
            "messageTitle": "Update DeveloperGuide.md",
            "messageBody": "",
            "insertions": 2,
            "deletions": 2
          }
        ]
      },
      {
        "insertions": 941,
        "deletions": 96,
        "date": "2020-03-29",
        "commitResults": [
          {
            "hash": "bfa1174837bdf251ed8d357de9bc1d1b70a26d89",
            "messageTitle": "Update README",
            "messageBody": "",
            "insertions": 202,
            "deletions": 1
          },
          {
            "hash": "f7d4e0cb72c81be19d6e3e27ac72c2cb22db9a89",
            "messageTitle": "Update README.md",
            "messageBody": "",
            "insertions": 1,
            "deletions": 1
          },
          {
            "hash": "0da8fdc4ae63bb3450cecb90f6a9018ce91f35a3",
            "messageTitle": "Update DeveloperGuide.md",
            "messageBody": "",
            "insertions": 1,
            "deletions": 1
          },
          {
            "hash": "b30b0ff7d8ed41affc23e3bb358252470a73476c",
            "messageTitle": "Update UserGuide.md",
            "messageBody": "",
            "insertions": 3,
            "deletions": 1
          },
          {
            "hash": "a57d05bed5c331d2fd6767a5f75ab42f78311f71",
            "messageTitle": "Change file names",
            "messageBody": "",
            "insertions": 114,
            "deletions": 54
          },
          {
            "hash": "5f3f5202220c13e19132a1b8417835a3758cb6a1",
            "messageTitle": "Add Appointment Class",
            "messageBody": "",
            "insertions": 138,
            "deletions": 0
          },
          {
            "hash": "f3cddf80a8cf1c02bb24ba4b5eb53d44d7a6929f",
            "messageTitle": "Add Appointment Command classes",
            "messageBody": "",
            "insertions": 89,
            "deletions": 0
          },
          {
            "hash": "bd80f90b69b0db4e6dde0cf627abf4d75f63c1f0",
            "messageTitle": "Add Command interface",
            "messageBody": "",
            "insertions": 3,
            "deletions": 38
          },
          {
            "hash": "1b8f8f5737c687846823ddfe6fa7eb5e0b494c2f",
            "messageTitle": "Add child parsers",
            "messageBody": "",
            "insertions": 390,
            "deletions": 0
          }
        ]
      },
      {
        "insertions": 1105,
        "deletions": 1024,
        "date": "2020-03-30",
        "commitResults": [
          {
            "hash": "c9c8b61e84c1ef7cc24bc01486b47e58488deefd",
            "messageTitle": "Rename files",
            "messageBody": "",
            "insertions": 51,
            "deletions": 30
          },
          {
            "hash": "336978624a446e8cbe73a042fa4a797b48f11cf1",
            "messageTitle": "Edit main commands",
            "messageBody": "",
            "insertions": 129,
            "deletions": 45
          },
          {
            "hash": "ca71f9de28b365aef5c654dc9ef5910ac7698fa5",
            "messageTitle": "Update Appointment parser",
            "messageBody": "",
            "insertions": 159,
            "deletions": 288
          },
          {
            "hash": "4b376e2c9d47d6e1d7610cd6f304062cf724aa85",
            "messageTitle": "Update Patient Parser",
            "messageBody": "",
            "insertions": 8,
            "deletions": 10
          },
          {
            "hash": "674b21fec7bedcb7254b95b4ef3a4f8726858e16",
            "messageTitle": "Update JUnit tests",
            "messageBody": "",
            "insertions": 41,
            "deletions": 31
          },
          {
            "hash": "2c7b20b3d9dfd2aa79bc4f51c6ac273081348039",
            "messageTitle": "Update automated test",
            "messageBody": "",
            "insertions": 2,
            "deletions": 11
          },
          {
            "hash": "7b472ffd295fb88319150c338d494d5b0a7e449c",
            "messageTitle": "Update DeveloperGuide.md",
            "messageBody": "",
            "insertions": 1,
            "deletions": 3
          },
          {
            "hash": "142747c7ed5f30c356f2983824fdfecbdceeabe7",
            "messageTitle": "Update Guides table of content",
            "messageBody": "",
            "insertions": 79,
            "deletions": 45
          },
          {
            "hash": "4e479c448a35a4db8bcd616c9a9375d8c2c73ef2",
            "messageTitle": "Update README.md",
            "messageBody": "",
            "insertions": 1,
            "deletions": 187
          },
          {
            "hash": "cf962cf039cfad35d908123f7f55cbb88fc360c9",
            "messageTitle": "Update DG 1",
            "messageBody": "",
            "insertions": 288,
            "deletions": 38
          },
          {
            "hash": "3f9032ab4282bc739898fd92d80df86cef468daf",
            "messageTitle": "Update DG 2",
            "messageBody": "",
            "insertions": 156,
            "deletions": 70
          },
          {
            "hash": "c8af11b0a35d20deec225c09fa69c689e8c80821",
            "messageTitle": "Update UG 1",
            "messageBody": "",
            "insertions": 190,
            "deletions": 107
          },
          {
            "hash": "186d911c51efb1ee9018d5d1405e57e200035f7d",
            "messageTitle": "Update UserGuide.md",
            "messageBody": "",
            "insertions": 0,
            "deletions": 159
          }
        ]
      },
      {
        "insertions": 421,
        "deletions": 147,
        "date": "2020-03-31",
        "commitResults": [
          {
            "hash": "bf189ecb96d7c3c29f3e73c033c988555025c710",
            "messageTitle": "Update Help Command",
            "messageBody": "",
            "insertions": 211,
            "deletions": 52
          },
          {
            "hash": "42b10f38b06d4dbd7f61fb2e4a26eb4c4555b874",
            "messageTitle": "Fix appt bugs",
            "messageBody": "",
            "insertions": 16,
            "deletions": 11
          },
          {
            "hash": "cede6fd141d2d7f9750b3897ca07dfde7884283b",
            "messageTitle": "Fix appt bugs 2",
            "messageBody": "",
            "insertions": 7,
            "deletions": 6
          },
          {
            "hash": "135060de775574f6378b334b742bb0664e88eb7a",
            "messageTitle": "Update DG 3",
            "messageBody": "",
            "insertions": 34,
            "deletions": 16
          },
          {
            "hash": "673ec8dd82136e814ff0b4e6f5ff1cffb923f371",
            "messageTitle": "Update UserGuide-Main.md",
            "messageBody": "",
            "insertions": 1,
            "deletions": 1
          },
          {
            "hash": "549e4f6e9d118eecb7a9b51954589e9efcd5cc47",
            "messageTitle": "Update UserGuide.md",
            "messageBody": "",
            "insertions": 1,
            "deletions": 1
          },
          {
            "hash": "5c48874a509754d27a2a46c349f282b29ef4f257",
            "messageTitle": "Update UserGuide.md",
            "messageBody": "",
            "insertions": 110,
            "deletions": 6
          },
          {
            "hash": "81a0981f2c9fa69bb84d2bce9cd4ecfa87c0ce31",
            "messageTitle": "Update UserGuide.md",
            "messageBody": "",
            "insertions": 0,
            "deletions": 10
          },
          {
            "hash": "e780fc3be9a3cd354ee50f7f603507679754a250",
            "messageTitle": "Update UserGuide.md",
            "messageBody": "",
            "insertions": 1,
            "deletions": 1
          },
          {
            "hash": "5d46ca6a2cf8718557bb1f1d473e28429bf43566",
            "messageTitle": "Update UserGuide-Appointment.md",
            "messageBody": "",
            "insertions": 1,
            "deletions": 1
          },
          {
            "hash": "8d7e28123c519c84cdef9ba2875679ed1f4d73bd",
            "messageTitle": "Update DeveloperGuide.md",
            "messageBody": "",
            "insertions": 1,
            "deletions": 1
          },
          {
            "hash": "50c843c5f07a6c82b2a994ed80d58741ef61293a",
            "messageTitle": "Fix Help Command",
            "messageBody": "",
            "insertions": 13,
            "deletions": 13
          },
          {
            "hash": "671aef952d4b822020a08367fc61fd7908c5b2e7",
            "messageTitle": "Fix Help Command 2",
            "messageBody": "",
            "insertions": 10,
            "deletions": 13
          },
          {
            "hash": "3f4733c260a8c73b75eb549e00003b170bc84152",
            "messageTitle": "Update UserGuide-Records.md",
            "messageBody": "",
            "insertions": 14,
            "deletions": 14
          },
          {
            "hash": "266c8df2a12f8c3fa816bae9d97688f86bd28523",
            "messageTitle": "Update UserGuide-Records.md",
            "messageBody": "",
            "insertions": 1,
            "deletions": 1
          }
        ]
      },
      {
        "insertions": 140,
        "deletions": 62,
        "date": "2020-04-01",
        "commitResults": [
          {
            "hash": "4fcd155aa1d097d814afca0bca2c8e522ff62eb3",
            "messageTitle": "Update UserGuide-Records.md",
            "messageBody": "",
            "insertions": 3,
            "deletions": 3
          },
          {
            "hash": "8feda1dd2c9cd509780eb5c6de9c05f1a552c257",
            "messageTitle": "Update Help Command",
            "messageBody": "",
            "insertions": 91,
            "deletions": 23
          },
          {
            "hash": "92b7ca06c807864ae1be2a88aa01e34322d9cd31",
            "messageTitle": "Update Help Command",
            "messageBody": "",
            "insertions": 1,
            "deletions": 4
          },
          {
            "hash": "be7a573fb901857a5915598d6994b946855544ab",
            "messageTitle": "Update UserGuide-Main.md",
            "messageBody": "",
            "insertions": 9,
            "deletions": 9
          },
          {
            "hash": "2dafa3e1568f9a94e022d1e90dc27943bbd389ce",
            "messageTitle": "Update UserGuide-Main.md",
            "messageBody": "",
            "insertions": 4,
            "deletions": 3
          },
          {
            "hash": "a3df767d3bd6b9de54697a48d42b47227a6d2833",
            "messageTitle": "Update UserGuide.md",
            "messageBody": "",
            "insertions": 13,
            "deletions": 13
          },
          {
            "hash": "8d99238f57ff7112f4b75096c7e7b0256f9b8b83",
            "messageTitle": "Update UserGuide.md",
            "messageBody": "",
            "insertions": 12,
            "deletions": 0
          },
          {
            "hash": "4ae454a8ccca1b3d568089758ed229bc10197533",
            "messageTitle": "Update UserGuide.md",
            "messageBody": "",
            "insertions": 1,
            "deletions": 1
          },
          {
            "hash": "d131a863fa3c4f4f07c71e8289e48a7e92a57283",
            "messageTitle": "Update UserGuide-Appointment.md",
            "messageBody": "",
            "insertions": 6,
            "deletions": 6
          }
        ]
      }
    ],
    "itskesin": [
      {
        "insertions": 1,
        "deletions": 1,
        "date": "2020-03-03",
        "commitResults": [
          {
            "hash": "1db82887ffeacaba48fbb153a9e0994d4bdeddee",
            "messageTitle": "Edit AboutUs",
            "messageBody": "",
            "insertions": 1,
            "deletions": 1
          }
        ]
      },
      {
        "insertions": 32,
        "deletions": 18,
        "date": "2020-03-07",
        "commitResults": [
          {
            "hash": "58a16cbea4cf21d4ac59d073513ae39a4d834fc9",
            "messageTitle": "update logo",
            "messageBody": "",
            "insertions": 21,
            "deletions": 9
          },
          {
            "hash": "0012fc63adac9e74d29354097149df538a9d9ef9",
            "messageTitle": "Fix logo with the correct style",
            "messageBody": "",
            "insertions": 11,
            "deletions": 8
          },
          {
            "hash": "66695140ed370812af5ad643fd82b849e1776fff",
            "messageTitle": "Resolve IO redirection test",
            "messageBody": "",
            "insertions": 0,
            "deletions": 1
          }
        ]
      },
      {
        "insertions": 61,
        "deletions": 3,
        "date": "2020-03-08",
        "commitResults": [
          {
            "hash": "e20261474972ee16a34513a36f942e874134dc39",
            "messageTitle": "Add list and help commands",
            "messageBody": "",
            "insertions": 8,
            "deletions": 0
          },
          {
            "hash": "737709656e5ffd5c7a13c5ae83b99d75c8e97aa6",
            "messageTitle": "add list and help commands",
            "messageBody": "",
            "insertions": 53,
            "deletions": 3
          }
        ]
      },
      {
        "insertions": 108,
        "deletions": 31,
        "date": "2020-03-10",
        "commitResults": [
          {
            "hash": "2615d41a5286de9c820316b09166a1aae2e84d7e",
            "messageTitle": "Add JUnit testing for Patient class",
            "messageBody": "",
            "insertions": 10,
            "deletions": 0
          },
          {
            "hash": "1cc08031dd18a540edffb747c0720f97010405d8",
            "messageTitle": "Add JUnit testing for Patient class",
            "messageBody": "",
            "insertions": 81,
            "deletions": 15
          },
          {
            "hash": "181d18cad592fc5b91abb3a8bf99fbf002f0944b",
            "messageTitle": "Edit style",
            "messageBody": "",
            "insertions": 17,
            "deletions": 16
          }
        ]
      },
      {
        "insertions": 115,
        "deletions": 39,
        "date": "2020-03-15",
        "commitResults": [
          {
            "hash": "7b44a480095bc23e85f0ad1382cbf001abf9de6b",
            "messageTitle": "Change return type for execute() in Command.java",
            "messageBody": "",
            "insertions": 98,
            "deletions": 32
          },
          {
            "hash": "99828d5e37c81e67ad853e05526d9537db933bbd",
            "messageTitle": "Attempt to fix IO redirection problem",
            "messageBody": "",
            "insertions": 2,
            "deletions": 2
          },
          {
            "hash": "94dd58f7f91d756d70ddfef0e482a87bd279d83f",
            "messageTitle": "no message",
            "messageBody": "",
            "insertions": 1,
            "deletions": 1
          },
          {
            "hash": "2c3688aa1f98b97724485483b11c49ffc3de6872",
            "messageTitle": "Ammend the spaces",
            "messageBody": "",
            "insertions": 2,
            "deletions": 2
          },
          {
            "hash": "67e708196d5b5fa86b6f07a8b82881d7ab76bc77",
            "messageTitle": "Enable assertions",
            "messageBody": "",
            "insertions": 1,
            "deletions": 0
          },
          {
            "hash": "4746cbc37ff5ee2d16c5dd8f42f5983822759783",
            "messageTitle": "Add assertions, loggings",
            "messageBody": "",
            "insertions": 11,
            "deletions": 2
          }
        ]
      },
      {
        "insertions": 6,
        "deletions": 1,
        "date": "2020-03-17",
        "commitResults": [
          {
            "hash": "c306c1ce25e42e41c61f6600fc4c8df4344afc2f",
            "messageTitle": "Edit the logger",
            "messageBody": "",
            "insertions": 6,
            "deletions": 1
          }
        ]
      },
      {
        "insertions": 61,
        "deletions": 37,
        "date": "2020-03-19",
        "commitResults": [
          {
            "hash": "e21730f47a56277185750b579706b1cc3d481a62",
            "messageTitle": "Update the text-ui-test",
            "messageBody": "",
            "insertions": 57,
            "deletions": 33
          },
          {
            "hash": "2927a63eb24fee491e67a4a8ca3ba50b92540958",
            "messageTitle": "Update ListCommandTest",
            "messageBody": "",
            "insertions": 1,
            "deletions": 1
          },
          {
            "hash": "d68b5c0e196eab46e56cdba46e51cd287c0f7f1d",
            "messageTitle": "Ammend GetCommandTest",
            "messageBody": "",
            "insertions": 1,
            "deletions": 1
          },
          {
            "hash": "7ecd85a4251c4fb1ece55f65063d57110c65d1aa",
            "messageTitle": "Ammend minor problems",
            "messageBody": "",
            "insertions": 2,
            "deletions": 2
          }
        ]
      },
      {
        "insertions": 75,
        "deletions": 1,
        "date": "2020-03-20",
        "commitResults": [
          {
            "hash": "7d009dbbf1fbf96ccf68edd91ddc77cf9e681809",
            "messageTitle": "Add HelpCommandTest",
            "messageBody": "",
            "insertions": 75,
            "deletions": 1
          }
        ]
      },
      {
        "insertions": 456,
        "deletions": 389,
        "date": "2020-03-22",
        "commitResults": [
          {
            "hash": "fe239d65f49d41853d80b4b8f4c49d8639590aa8",
            "messageTitle": "Update developer guide.md",
            "messageBody": "",
            "insertions": 64,
            "deletions": 11
          },
          {
            "hash": "12a8742e488d2c55a37744a73143b70829673988",
            "messageTitle": "Update DeveloperGuide.md",
            "messageBody": "",
            "insertions": 2,
            "deletions": 1
          },
          {
            "hash": "e62e54d084a9d8c67a45364b6bdaa5d2158d4588",
            "messageTitle": "Update DeveloperGuide.md",
            "messageBody": "",
            "insertions": 21,
            "deletions": 2
          },
          {
            "hash": "3bd09bc49590fe1561bb948fea13990ad10c0e16",
            "messageTitle": "Update README.md",
            "messageBody": "",
            "insertions": 9,
            "deletions": 9
          },
          {
            "hash": "9d2f2a0c22a134feef3e1d19d2c6f5dd7f5e75b7",
            "messageTitle": "Update UserGuide.md",
            "messageBody": "",
            "insertions": 166,
            "deletions": 29
          },
          {
            "hash": "502e7c3374c45243856eb8dbc9389cb44de08c03",
            "messageTitle": "Delete README.md",
            "messageBody": "",
            "insertions": 0,
            "deletions": 167
          },
          {
            "hash": "ad504356abb33725fa5fb916bb573d2a36a8179a",
            "messageTitle": "Change ArrayList to HashMap",
            "messageBody": "",
            "insertions": 194,
            "deletions": 170
          }
        ]
      },
      {
        "insertions": 96,
        "deletions": 113,
        "date": "2020-03-23",
        "commitResults": [
          {
            "hash": "bc88adb53138fa0a2751d05a35ce331919ff5c67",
            "messageTitle": "Update Parser",
            "messageBody": "",
            "insertions": 0,
            "deletions": 35
          },
          {
            "hash": "a703bbe0c160b0bf832dd27d7c943c4e0cf5ef50",
            "messageTitle": "Update parser",
            "messageBody": "",
            "insertions": 96,
            "deletions": 78
          }
        ]
      },
      {
        "insertions": 53,
        "deletions": 16,
        "date": "2020-03-24",
        "commitResults": [
          {
            "hash": "89df252571286dc73914199bfe5dcfde9ba2ed08",
            "messageTitle": "Update DeveloperGuide.md",
            "messageBody": "",
            "insertions": 4,
            "deletions": 4
          },
          {
            "hash": "fc83809e7efd309cc89a443e33c04232bbe171c6",
            "messageTitle": "Update DG",
            "messageBody": "",
            "insertions": 42,
            "deletions": 8
          },
          {
            "hash": "3f88a1b571368f012b5fdf9c93c70d9068baa584",
            "messageTitle": "Update Developer Guide to include png",
            "messageBody": "",
            "insertions": 6,
            "deletions": 3
          },
          {
            "hash": "3f4bd0e69bde9e01258e426ea8135f141b6e0515",
            "messageTitle": "Update DG",
            "messageBody": "",
            "insertions": 1,
            "deletions": 1
          }
        ]
      },
      {
        "insertions": 6,
        "deletions": 6,
        "date": "2020-03-27",
        "commitResults": [
          {
            "hash": "8c60dd6fd91a1df14470e4a08805083fff52e3f5",
            "messageTitle": "Update DeveloperGuide.md",
            "messageBody": "",
            "insertions": 6,
            "deletions": 6
          }
        ]
      },
      {
        "insertions": 83,
        "deletions": 22,
        "date": "2020-03-30",
        "commitResults": [
          {
            "hash": "6adba2a9e66137299b6c0d51a6e7e38620c26cba",
            "messageTitle": "Update UserGuide.md",
            "messageBody": "",
            "insertions": 83,
            "deletions": 22
          }
        ]
      },
      {
        "insertions": 3341,
        "deletions": 2856,
        "date": "2020-03-31",
        "commitResults": [
          {
            "hash": "ad6703215030a62b8148f11ba19159c4d260e1ea",
            "messageTitle": "Update UserGuide.md",
            "messageBody": "",
            "insertions": 1,
            "deletions": 1
          },
          {
            "hash": "63adfd515175a7aacb8fe41c2fce53a6b6d33a25",
            "messageTitle": "Update UserGuide.md",
            "messageBody": "",
            "insertions": 38,
            "deletions": 35
          },
          {
            "hash": "fdb9bc8f770e20e256253fd9561feca13016c55e",
            "messageTitle": "Update UserGuide.md",
            "messageBody": "",
            "insertions": 11,
            "deletions": 4
          },
          {
            "hash": "ec3fcd902ac9098e04f104f0c055f99d37c1864e",
            "messageTitle": "Update UserGuide.md",
            "messageBody": "",
            "insertions": 3,
            "deletions": 3
          },
          {
            "hash": "293fd5e33041380729af644ff6396d873c33c32b",
            "messageTitle": "update patient.txt",
            "messageBody": "",
            "insertions": 5,
            "deletions": 2
          },
          {
            "hash": "5ff4a2d1b2df74f38025b5ad0088de90de5a430d",
            "messageTitle": "Add patient record feature",
            "messageBody": "",
            "insertions": 3143,
            "deletions": 2717
          },
          {
            "hash": "7e2561ff1180d8c6fa6631b1bfcadd4c35e45ffd",
            "messageTitle": "Bug fix",
            "messageBody": "",
            "insertions": 25,
            "deletions": 16
          },
          {
            "hash": "76fbc6230d1455c3ccfb98edcc92fee54e1eca1b",
            "messageTitle": "Update DeveloperGuide.md",
            "messageBody": "",
            "insertions": 1,
            "deletions": 3
          },
          {
            "hash": "9bd797a40cafcafaf4571f0a2cfb63762799aa54",
            "messageTitle": "Update DeveloperGuide.md",
            "messageBody": "",
            "insertions": 0,
            "deletions": 1
          },
          {
            "hash": "6d3338567ed5dc323d4528667ab13336468a40d0",
            "messageTitle": "Update DeveloperGuide.md",
            "messageBody": "",
            "insertions": 1,
            "deletions": 1
          },
          {
            "hash": "44d0aac9a1c2eeaf6bdcae1b54b37590d663bcba",
            "messageTitle": "Update DeveloperGuide.md",
            "messageBody": "",
            "insertions": 10,
            "deletions": 10
          },
          {
            "hash": "a9d0ccfe0ac3cb6923384ad9cd18a2ef2be69a8c",
            "messageTitle": "Update UserGuide.md",
            "messageBody": "",
            "insertions": 11,
            "deletions": 11
          },
          {
            "hash": "591e7f6241252ee1c56075386fef10e394e8cafd",
            "messageTitle": "Update UserGuide.md",
            "messageBody": "",
            "insertions": 2,
            "deletions": 2
          },
          {
            "hash": "123d24b5d917ab2489e2cc539b3ccde20e31b8df",
            "messageTitle": "Update UserGuide.md",
            "messageBody": "",
            "insertions": 2,
            "deletions": 0
          },
          {
            "hash": "78a42dc85413107a00a16bd928185d27b4f9332c",
            "messageTitle": "Update UserGuide-Main.md",
            "messageBody": "",
            "insertions": 3,
            "deletions": 1
          },
          {
            "hash": "8fd6350e65d3236c6b52569beeebbd08360b0746",
            "messageTitle": "Update UserGuide-Main.md",
            "messageBody": "",
            "insertions": 4,
            "deletions": 2
          },
          {
            "hash": "70211d2debb797f4313605aa180051274540d9ec",
            "messageTitle": "Update UserGuide-Main.md",
            "messageBody": "",
            "insertions": 2,
            "deletions": 2
          },
          {
            "hash": "4d6200a574ad0b455e7e57e111c20c4f5156e14d",
            "messageTitle": "Update UserGuide-Main.md",
            "messageBody": "",
            "insertions": 3,
            "deletions": 1
          },
          {
            "hash": "ca6edbb72dfa80996609f5657543ed3bb5bdc411",
            "messageTitle": "Update UserGuide-Main.md",
            "messageBody": "",
            "insertions": 1,
            "deletions": 0
          },
          {
            "hash": "8cf014938d0e37f48c598403af0953c3d5e751e8",
            "messageTitle": "Update UserGuide-Main.md",
            "messageBody": "",
            "insertions": 0,
            "deletions": 1
          },
          {
            "hash": "91462cb7d84ca81db78e85ed483d9b313685f884",
            "messageTitle": "Update UserGuide-Main.md",
            "messageBody": "",
            "insertions": 5,
            "deletions": 6
          },
          {
            "hash": "ec1ee6495be3accc6ffc0d6d2ada47938c5e0ff6",
            "messageTitle": "Update UserGuide.md",
            "messageBody": "",
            "insertions": 8,
            "deletions": 6
          },
          {
            "hash": "85d28a75d27e85934cd04e68641ba36648eaa025",
            "messageTitle": "Revert changes",
            "messageBody": "",
            "insertions": 2,
            "deletions": 4
          },
          {
            "hash": "43fa9fa63e9c5e02ce016d83ccdbdfa755998b4b",
            "messageTitle": "Revert changes",
            "messageBody": "",
            "insertions": 2,
            "deletions": 4
          },
          {
            "hash": "344562f42a1e303a0e14d024b545563bd55ad552",
            "messageTitle": "Update UserGuide.md",
            "messageBody": "",
            "insertions": 2,
            "deletions": 2
          },
          {
            "hash": "f1f16e028ea7e1ef410cadfc708baf174be983a8",
            "messageTitle": "test",
            "messageBody": "",
            "insertions": 8,
            "deletions": 2
          },
          {
            "hash": "504013ef0a41b20a8196899bc3fb7712b05e67aa",
            "messageTitle": "Update UserGuide.md",
            "messageBody": "",
            "insertions": 2,
            "deletions": 4
          },
          {
            "hash": "01de668848b318b4bdc44a50c83bd9443085ef83",
            "messageTitle": "Update UserGuide-Main.md",
            "messageBody": "",
            "insertions": 1,
            "deletions": 2
          },
          {
            "hash": "4299c95ef1bfd8d480032c3576675c1c0a9222bb",
            "messageTitle": "Update UserGuide-Patient.md",
            "messageBody": "",
            "insertions": 45,
            "deletions": 9
          },
          {
            "hash": "670ad85d4af2e124ecf6f084d62e616d7a2a6e2c",
            "messageTitle": "Update UserGuide-Patient.md",
            "messageBody": "",
            "insertions": 0,
            "deletions": 4
          }
        ]
      },
      {
        "insertions": 725,
        "deletions": 682,
        "date": "2020-04-01",
        "commitResults": [
          {
            "hash": "dd9307750299a4fcbd4cafdad35324056fec7db5",
            "messageTitle": "rename UG",
            "messageBody": "",
            "insertions": 622,
            "deletions": 622
          },
          {
            "hash": "7fa167368c9e98ff8c040252a52b09d982eb623a",
            "messageTitle": "Update UserGuide-Records.md",
            "messageBody": "",
            "insertions": 1,
            "deletions": 1
          },
          {
            "hash": "77239d2b33a5fcbf0cff77870cce645b8706dba9",
            "messageTitle": "Update UserGuide-Patient.md",
            "messageBody": "",
            "insertions": 1,
            "deletions": 1
          },
          {
            "hash": "6308e4db1f7af7c5c4ac180b8f92f1e7fa8e673e",
            "messageTitle": "Update UserGuide-Appointment.md",
            "messageBody": "",
            "insertions": 1,
            "deletions": 1
          },
          {
            "hash": "18853be6cde36e288ea179e70e1ef5d6d2080f7b",
            "messageTitle": "Update UserGuide.md",
            "messageBody": "",
            "insertions": 1,
            "deletions": 1
          },
          {
            "hash": "f64cfeb8779159dd29892ecde878a8b41ec01cf5",
            "messageTitle": "Update UserGuide-Patient.md",
            "messageBody": "",
            "insertions": 8,
            "deletions": 8
          },
          {
            "hash": "72fc326590dc688bda7ce59adfbf5869d071b307",
            "messageTitle": "Update UserGuide.md",
            "messageBody": "",
            "insertions": 1,
            "deletions": 1
          },
          {
            "hash": "c2decf10b5f24de701818d5ab58573fe9f20aca1",
            "messageTitle": "Update UserGuide.md",
            "messageBody": "",
            "insertions": 1,
            "deletions": 1
          },
          {
            "hash": "da623e3e0481405b7605dfd8db5526a9f931842f",
            "messageTitle": "Update UserGuide-Appointment.md",
            "messageBody": "",
            "insertions": 12,
            "deletions": 12
          },
          {
            "hash": "5df962f08a26b1fdeab0f53e711394c75575bb45",
            "messageTitle": "Update UserGuide-Records.md",
            "messageBody": "",
            "insertions": 5,
            "deletions": 6
          },
          {
            "hash": "f44fbce8eacf68ccd8b8469e45bc7e5fa93eb9b7",
            "messageTitle": "Edit text-ui-test Fixed patient add pr bug",
            "messageBody": "",
            "insertions": 70,
            "deletions": 26
          },
          {
            "hash": "59974ee5a6b298ed6cf0bec0c8faa778a7683c20",
            "messageTitle": "fix style",
            "messageBody": "",
            "insertions": 2,
            "deletions": 2
          }
        ]
      },
      {
        "insertions": 56,
        "deletions": 9,
        "date": "2020-04-02",
        "commitResults": [
          {
            "hash": "e21b356966f963a11e97d96187182d5d72746550",
            "messageTitle": "Fix all bugs related to Patient Records",
            "messageBody": "",
            "insertions": 53,
            "deletions": 5
          },
          {
            "hash": "3a11caf8bba5fd45693e307aa242f0c420b12134",
            "messageTitle": "Minor bug fix on PR",
            "messageBody": "",
            "insertions": 1,
            "deletions": 2
          },
          {
            "hash": "fc91e418a172bcb8abceae87e13573aa2e48e241",
            "messageTitle": "minor update on bug fix (PR)",
            "messageBody": "",
            "insertions": 2,
            "deletions": 2
          }
        ]
      }
    ]
  },
  "authorFinalContributionMap": {
    "NyanWunPaing": 878,
    "Janicetyy": 2135,
    "sitinadiah25": 1569,
    "itskesin": 1785
  },
  "authorFileTypeContributionMap": {
    "NyanWunPaing": {
      "java": 668,
      "md": 207,
      "fxml": 0,
      "sh": 0,
      "bat": 0,
      "gradle": 0,
      "txt": 3
    },
    "Janicetyy": {
      "java": 1777,
      "md": 358,
      "fxml": 0,
      "sh": 0,
      "bat": 0,
      "gradle": 0,
      "txt": 0
    },
    "sitinadiah25": {
      "java": 1040,
      "md": 529,
      "fxml": 0,
      "sh": 0,
      "bat": 0,
      "gradle": 0,
      "txt": 0
    },
    "itskesin": {
      "java": 1143,
      "md": 622,
      "fxml": 0,
      "sh": 0,
      "bat": 7,
      "gradle": 2,
      "txt": 11
    }
  },
  "authorContributionVariance": {
    "NyanWunPaing": 79144.56,
    "Janicetyy": 184504.36,
    "sitinadiah25": 168093.58,
    "itskesin": 1166397.2
  },
  "authorDisplayNameMap": {
    "NyanWunPaing": "CS2113T-T12-2 NYAN..AING",
    "Janicetyy": "CS2113T-T12-2 TOH ..NICE",
    "sitinadiah25": "CS2113T-T12-2 SITI..AMLI",
    "itskesin": "CS2113T-T12-2 YAP ..ESIN"
  }
}
