{
  "authorDailyContributionsMap": {
    "NyanWunPaing": [
      {
        "insertions": 8,
        "deletions": 5,
        "date": "2020-03-03",
        "commitResults": [
          {
            "hash": "262bf32fce42f80486baa3688dedc85a0c6ed10c",
            "messageTitle": "Add Aboutus",
            "messageBody": "",
            "insertions": 7,
            "deletions": 1
          },
          {
            "hash": "e7e742c69b2ea47575da9f45ac78853894a25178",
            "messageTitle": "Clear Aboutus",
            "messageBody": "",
            "insertions": 1,
            "deletions": 4
          }
        ]
      }
    ],
    "Janicetyy": [
      {
        "insertions": 8,
        "deletions": 1,
        "date": "2020-03-03",
        "commitResults": [
          {
            "hash": "3f04b5553e8650e515bdb764c1a761a31e006ec6",
            "messageTitle": "changes to AboutMe. Added portfolio doc to doc/team folder",
            "messageBody": "",
            "insertions": 8,
            "deletions": 1
          }
        ]
      }
    ],
    "sitinadiah25": [
      {
        "insertions": 4,
        "deletions": 0,
        "date": "2020-03-03",
        "commitResults": [
          {
            "hash": "1922ee9dd1f8d5d012f1e2cdb1869ac79cd7e4bf",
            "messageTitle": "update about us",
            "messageBody": "",
            "insertions": 4,
            "deletions": 0
          }
        ]
      }
    ],
    "itskesin": [
      {
        "insertions": 1,
        "deletions": 1,
        "date": "2020-03-03",
        "commitResults": [
          {
            "hash": "1db82887ffeacaba48fbb153a9e0994d4bdeddee",
            "messageTitle": "Edit AboutUs",
            "messageBody": "",
            "insertions": 1,
            "deletions": 1
          }
        ]
      }
    ]
  },
  "authorFinalContributionMap": {
    "NyanWunPaing": 7,
    "Janicetyy": 7,
    "sitinadiah25": 3,
    "itskesin": 1
  },
  "authorFileTypeContributionMap": {
    "NyanWunPaing": {
      "java": 0,
      "md": 7,
      "fxml": 0,
      "sh": 0,
      "bat": 0,
      "gradle": 0,
      "txt": 0
    },
    "Janicetyy": {
      "java": 0,
      "md": 7,
      "fxml": 0,
      "sh": 0,
      "bat": 0,
      "gradle": 0,
      "txt": 0
    },
    "sitinadiah25": {
      "java": 0,
      "md": 3,
      "fxml": 0,
      "sh": 0,
      "bat": 0,
      "gradle": 0,
      "txt": 0
    },
    "itskesin": {
      "java": 0,
      "md": 1,
      "fxml": 0,
      "sh": 0,
      "bat": 0,
      "gradle": 0,
      "txt": 0
    }
  },
  "authorContributionVariance": {
    "NyanWunPaing": 37.555553,
    "Janicetyy": 18.0,
    "sitinadiah25": 3.5555553,
    "itskesin": 0.88888884
  },
  "authorDisplayNameMap": {
    "NyanWunPaing": "CS2113T-T12-2 NYAN..AING",
    "Janicetyy": "CS2113T-T12-2 TOH ..NICE",
    "sitinadiah25": "CS2113T-T12-2 SITI..AMLI",
    "itskesin": "CS2113T-T12-2 YAP ..ESIN"
  }
}
