{
  "authorDailyContributionsMap": {
    "NyanWunPaing": [
      {
        "insertions": 8,
        "deletions": 5,
        "date": "2020-03-03",
        "commitResults": [
          {
            "hash": "262bf32fce42f80486baa3688dedc85a0c6ed10c",
            "messageTitle": "Add Aboutus",
            "messageBody": "",
            "insertions": 7,
            "deletions": 1
          },
          {
            "hash": "e7e742c69b2ea47575da9f45ac78853894a25178",
            "messageTitle": "Clear Aboutus",
            "messageBody": "",
            "insertions": 1,
            "deletions": 4
          }
        ]
      },
      {
        "insertions": 64,
        "deletions": 42,
        "date": "2020-03-07",
        "commitResults": [
          {
            "hash": "a55cab417f9e44110da30b0a24618c8b8bdcf0a1",
            "messageTitle": "Add HappyPills.java",
            "messageBody": "",
            "insertions": 40,
            "deletions": 22
          },
          {
            "hash": "ae6fbd91f32697125d0d0cc80f75ba33f6568781",
            "messageTitle": "Update HappyPills.java",
            "messageBody": "",
            "insertions": 8,
            "deletions": 8
          },
          {
            "hash": "486b00b7f44eb96e5645e57cecb3c20d1a3c2fca",
            "messageTitle": "Update HappyPills",
            "messageBody": "",
            "insertions": 16,
            "deletions": 12
          }
        ]
      },
      {
        "insertions": 352,
        "deletions": 10,
        "date": "2020-03-08",
        "commitResults": [
          {
            "hash": "690a9c58b93d8338385722a94365790351fec5ab",
            "messageTitle": "Add Patient class Add PatientList Add commands",
            "messageBody": "",
            "insertions": 177,
            "deletions": 0
          },
          {
            "hash": "72d6f77785773e371af6fc3fc572ced9c45e2550",
            "messageTitle": "Update classes",
            "messageBody": "",
            "insertions": 8,
            "deletions": 2
          },
          {
            "hash": "37592be6f70f99b943da11585b65ba9f84d844ab",
            "messageTitle": "Add addCommand",
            "messageBody": "",
            "insertions": 167,
            "deletions": 8
          }
        ]
      },
      {
        "insertions": 57,
        "deletions": 42,
        "date": "2020-03-09",
        "commitResults": [
          {
            "hash": "8becbae01802d1b6e77fb3afa3b344e042fd9a85",
            "messageTitle": "Add parser",
            "messageBody": "",
            "insertions": 54,
            "deletions": 37
          },
          {
            "hash": "4ebb7aee349a0f8b878424baff7565f90bcfc07f",
            "messageTitle": "Update parser",
            "messageBody": "",
            "insertions": 3,
            "deletions": 5
          }
        ]
      },
      {
        "insertions": 19,
        "deletions": 0,
        "date": "2020-03-10",
        "commitResults": [
          {
            "hash": "cd2a1240298e5912948e66b89cdc69bfb69dd0c9",
            "messageTitle": "Add JUnit testing for AddCommand",
            "messageBody": "",
            "insertions": 19,
            "deletions": 0
          }
        ]
      },
      {
        "insertions": 11,
        "deletions": 0,
        "date": "2020-03-17",
        "commitResults": [
          {
            "hash": "3f6d8559a0c9cc472f4f2043cccd248af187d8ab",
            "messageTitle": "Add assertions and logging for addCommand",
            "messageBody": "",
            "insertions": 11,
            "deletions": 0
          }
        ]
      }
    ],
    "Janicetyy": [
      {
        "insertions": 8,
        "deletions": 1,
        "date": "2020-03-03",
        "commitResults": [
          {
            "hash": "3f04b5553e8650e515bdb764c1a761a31e006ec6",
            "messageTitle": "changes to AboutMe. Added portfolio doc to doc/team folder",
            "messageBody": "",
            "insertions": 8,
            "deletions": 1
          }
        ]
      },
      {
        "insertions": 39,
        "deletions": 1,
        "date": "2020-03-09",
        "commitResults": [
          {
            "hash": "6e5a2067f4724fe17b1850c1b77ed03ca0e28d97",
            "messageTitle": "added the retrieve specific patient feature",
            "messageBody": "",
            "insertions": 39,
            "deletions": 1
          }
        ]
      },
      {
        "insertions": 243,
        "deletions": 68,
        "date": "2020-03-16",
        "commitResults": [
          {
            "hash": "287457e3036f281420b161c9f709edb467fe86be",
            "messageTitle": "addedGetCommandtest JUnit",
            "messageBody": "",
            "insertions": 59,
            "deletions": 5
          },
          {
            "hash": "7e227932905bd51a1c5492240c2b7d83a3ed323d",
            "messageTitle": "added assert to getCommand",
            "messageBody": "",
            "insertions": 4,
            "deletions": 0
          },
          {
            "hash": "72dee677997973f909625b245ee4526bc4a3109f",
            "messageTitle": "added new storage functions",
            "messageBody": "",
            "insertions": 65,
            "deletions": 0
          },
          {
            "hash": "83c7a62f879c0e3c73781c4bbd5ec1e7d6758cd3",
            "messageTitle": "Added toSave string in patient function",
            "messageBody": "",
            "insertions": 7,
            "deletions": 0
          },
          {
            "hash": "75bef1c6a82e73e6a11ba78db6b7325f77c1cf55",
            "messageTitle": "change storage list type from arraylist to patientlist. added load from file to main",
            "messageBody": "",
            "insertions": 15,
            "deletions": 6
          },
          {
            "hash": "09e4797395e262655d743dc3127836e2353b68b0",
            "messageTitle": "defined filepath as global variable instead of local variable",
            "messageBody": "",
            "insertions": 4,
            "deletions": 4
          },
          {
            "hash": "9b773c7151bbb65fb95d2c63921db32c6239c2f8",
            "messageTitle": "checkstyle",
            "messageBody": "",
            "insertions": 18,
            "deletions": 10
          },
          {
            "hash": "513aab02a762718873acf749952f0ee0f9935b4a",
            "messageTitle": "changes to storage javadoc, edited variable names in Textui, extracted logging methods in main, added logging for hpe",
            "messageBody": "",
            "insertions": 47,
            "deletions": 29
          },
          {
            "hash": "42561f9d0d6b7cc6d1563ffdc851d8b34f4cbd7a",
            "messageTitle": "modification due to checkstyle",
            "messageBody": "",
            "insertions": 17,
            "deletions": 8
          },
          {
            "hash": "3b598d03ec6b89a522f1eca48b04a0b978c154f9",
            "messageTitle": "modified javadoc for getPatientSuccessMessage",
            "messageBody": "",
            "insertions": 2,
            "deletions": 1
          },
          {
            "hash": "7068444ca1acf8d8dc90639567ae6bdccfbca4e8",
            "messageTitle": "stash changes?",
            "messageBody": "",
            "insertions": 1,
            "deletions": 1
          },
          {
            "hash": "9bdaa1a7ebe2e7051cbeaee5bd4a31810d06d304",
            "messageTitle": "checkstyle",
            "messageBody": "",
            "insertions": 1,
            "deletions": 1
          },
          {
            "hash": "a754f3603a8fe93bc2bcaff1bd5b220f2db4c7c4",
            "messageTitle": "double check",
            "messageBody": "",
            "insertions": 1,
            "deletions": 1
          },
          {
            "hash": "d2c538b19b1c14f8f185cc65fb3eef145ccc8b4f",
            "messageTitle": "i/o redirection",
            "messageBody": "",
            "insertions": 2,
            "deletions": 2
          }
        ]
      },
      {
        "insertions": 217,
        "deletions": 9,
        "date": "2020-03-17",
        "commitResults": [
          {
            "hash": "dfe4f94bfe914083c450222b34d799393723b756",
            "messageTitle": "Created skeleton layout for readme.",
            "messageBody": "",
            "insertions": 162,
            "deletions": 2
          },
          {
            "hash": "7e613f15233f0f912c50b7a3d8c700ea8bbf6c17",
            "messageTitle": "fixed javadocs",
            "messageBody": "",
            "insertions": 55,
            "deletions": 7
          }
        ]
      }
    ],
    "sitinadiah25": [
      {
        "insertions": 4,
        "deletions": 0,
        "date": "2020-03-03",
        "commitResults": [
          {
            "hash": "1922ee9dd1f8d5d012f1e2cdb1869ac79cd7e4bf",
            "messageTitle": "update about us",
            "messageBody": "",
            "insertions": 4,
            "deletions": 0
          }
        ]
      },
      {
        "insertions": 99,
        "deletions": 8,
        "date": "2020-03-09",
        "commitResults": [
          {
            "hash": "912975ac2bf80562822fcdfb675dda690a3dbe3a",
            "messageTitle": "Add edit patient details",
            "messageBody": "",
            "insertions": 99,
            "deletions": 8
          }
        ]
      },
      {
        "insertions": 81,
        "deletions": 49,
        "date": "2020-03-10",
        "commitResults": [
          {
            "hash": "309ad29ff7ebb0ab381c8b08de84399ffb37b40e",
            "messageTitle": "Update parser",
            "messageBody": "",
            "insertions": 10,
            "deletions": 39
          },
          {
            "hash": "90d92e5c550b30ad50160c9e4a1bfbe931be6d8f",
            "messageTitle": "Add exit command",
            "messageBody": "",
            "insertions": 71,
            "deletions": 10
          }
        ]
      },
      {
        "insertions": 1,
        "deletions": 4,
        "date": "2020-03-15",
        "commitResults": [
          {
            "hash": "3e722df126de7bd339a0e04be5b1d2bd70d80400",
            "messageTitle": "Run gradle",
            "messageBody": "",
            "insertions": 1,
            "deletions": 4
          }
        ]
      },
      {
        "insertions": 421,
        "deletions": 105,
        "date": "2020-03-16",
        "commitResults": [
          {
            "hash": "079d567f6cf9e5e8f37898bedbd38da98cf1b27d",
            "messageTitle": "Update Edit command",
            "messageBody": "",
            "insertions": 71,
            "deletions": 32
          },
          {
            "hash": "c7d607ec3c8d8a22480f9e8b734cb76c9f6a9a29",
            "messageTitle": "Update Edit command TextUi",
            "messageBody": "",
            "insertions": 23,
            "deletions": 14
          },
          {
            "hash": "58bc41f68f8faf94a5a560d10e2e8eabc2ea2bb6",
            "messageTitle": "Update help command",
            "messageBody": "",
            "insertions": 186,
            "deletions": 33
          },
          {
            "hash": "32f013dff0723eb12317c34ed3aa5c81f02f3636",
            "messageTitle": "Add delete function",
            "messageBody": "",
            "insertions": 91,
            "deletions": 17
          },
          {
            "hash": "c563fabcd31f0d064624e5e955b76a39c67319d8",
            "messageTitle": "Add Javadoc and Logging",
            "messageBody": "",
            "insertions": 50,
            "deletions": 9
          }
        ]
      },
      {
        "insertions": 153,
        "deletions": 14,
        "date": "2020-03-17",
        "commitResults": [
          {
            "hash": "39afddcff7c41ba6ee800eb6cf41ef9c4a06ec91",
            "messageTitle": "Update add command",
            "messageBody": "",
            "insertions": 153,
            "deletions": 14
          }
        ]
      }
    ],
    "itskesin": [
      {
        "insertions": 1,
        "deletions": 1,
        "date": "2020-03-03",
        "commitResults": [
          {
            "hash": "1db82887ffeacaba48fbb153a9e0994d4bdeddee",
            "messageTitle": "Edit AboutUs",
            "messageBody": "",
            "insertions": 1,
            "deletions": 1
          }
        ]
      },
      {
        "insertions": 32,
        "deletions": 18,
        "date": "2020-03-07",
        "commitResults": [
          {
            "hash": "58a16cbea4cf21d4ac59d073513ae39a4d834fc9",
            "messageTitle": "update logo",
            "messageBody": "",
            "insertions": 21,
            "deletions": 9
          },
          {
            "hash": "0012fc63adac9e74d29354097149df538a9d9ef9",
            "messageTitle": "Fix logo with the correct style",
            "messageBody": "",
            "insertions": 11,
            "deletions": 8
          },
          {
            "hash": "66695140ed370812af5ad643fd82b849e1776fff",
            "messageTitle": "Resolve IO redirection test",
            "messageBody": "",
            "insertions": 0,
            "deletions": 1
          }
        ]
      },
      {
        "insertions": 61,
        "deletions": 3,
        "date": "2020-03-08",
        "commitResults": [
          {
            "hash": "e20261474972ee16a34513a36f942e874134dc39",
            "messageTitle": "Add list and help commands",
            "messageBody": "",
            "insertions": 8,
            "deletions": 0
          },
          {
            "hash": "737709656e5ffd5c7a13c5ae83b99d75c8e97aa6",
            "messageTitle": "add list and help commands",
            "messageBody": "",
            "insertions": 53,
            "deletions": 3
          }
        ]
      },
      {
        "insertions": 108,
        "deletions": 31,
        "date": "2020-03-10",
        "commitResults": [
          {
            "hash": "2615d41a5286de9c820316b09166a1aae2e84d7e",
            "messageTitle": "Add JUnit testing for Patient class",
            "messageBody": "",
            "insertions": 10,
            "deletions": 0
          },
          {
            "hash": "1cc08031dd18a540edffb747c0720f97010405d8",
            "messageTitle": "Add JUnit testing for Patient class",
            "messageBody": "",
            "insertions": 81,
            "deletions": 15
          },
          {
            "hash": "181d18cad592fc5b91abb3a8bf99fbf002f0944b",
            "messageTitle": "Edit style",
            "messageBody": "",
            "insertions": 17,
            "deletions": 16
          }
        ]
      },
      {
        "insertions": 115,
        "deletions": 39,
        "date": "2020-03-15",
        "commitResults": [
          {
            "hash": "7b44a480095bc23e85f0ad1382cbf001abf9de6b",
            "messageTitle": "Change return type for execute() in Command.java",
            "messageBody": "",
            "insertions": 98,
            "deletions": 32
          },
          {
            "hash": "99828d5e37c81e67ad853e05526d9537db933bbd",
            "messageTitle": "Attempt to fix IO redirection problem",
            "messageBody": "",
            "insertions": 2,
            "deletions": 2
          },
          {
            "hash": "94dd58f7f91d756d70ddfef0e482a87bd279d83f",
            "messageTitle": "no message",
            "messageBody": "",
            "insertions": 1,
            "deletions": 1
          },
          {
            "hash": "2c3688aa1f98b97724485483b11c49ffc3de6872",
            "messageTitle": "Ammend the spaces",
            "messageBody": "",
            "insertions": 2,
            "deletions": 2
          },
          {
            "hash": "67e708196d5b5fa86b6f07a8b82881d7ab76bc77",
            "messageTitle": "Enable assertions",
            "messageBody": "",
            "insertions": 1,
            "deletions": 0
          },
          {
            "hash": "4746cbc37ff5ee2d16c5dd8f42f5983822759783",
            "messageTitle": "Add assertions, loggings",
            "messageBody": "",
            "insertions": 11,
            "deletions": 2
          }
        ]
      },
      {
        "insertions": 6,
        "deletions": 1,
        "date": "2020-03-17",
        "commitResults": [
          {
            "hash": "c306c1ce25e42e41c61f6600fc4c8df4344afc2f",
            "messageTitle": "Edit the logger",
            "messageBody": "",
            "insertions": 6,
            "deletions": 1
          }
        ]
      }
    ]
  },
  "authorFinalContributionMap": {
    "NyanWunPaing": 418,
    "Janicetyy": 439,
    "sitinadiah25": 644,
    "itskesin": 241
  },
  "authorFileTypeContributionMap": {
    "NyanWunPaing": {
      "java": 410,
      "md": 8,
      "fxml": 0,
      "sh": 0,
      "bat": 0,
      "gradle": 0,
      "txt": 0
    },
    "Janicetyy": {
      "java": 271,
      "md": 168,
      "fxml": 0,
      "sh": 0,
      "bat": 0,
      "gradle": 0,
      "txt": 0
    },
    "sitinadiah25": {
      "java": 641,
      "md": 3,
      "fxml": 0,
      "sh": 0,
      "bat": 0,
      "gradle": 0,
      "txt": 0
    },
    "itskesin": {
      "java": 239,
      "md": 0,
      "fxml": 0,
      "sh": 0,
      "bat": 0,
      "gradle": 2,
      "txt": 0
    }
  },
  "authorContributionVariance": {
    "NyanWunPaing": 7696.6934,
    "Janicetyy": 7604.6025,
    "sitinadiah25": 16534.65,
    "itskesin": 2323.8965
  },
  "authorDisplayNameMap": {
    "NyanWunPaing": "CS2113T-T12-2 NYAN..AING",
    "Janicetyy": "CS2113T-T12-2 TOH ..NICE",
    "sitinadiah25": "CS2113T-T12-2 SITI..AMLI",
    "itskesin": "CS2113T-T12-2 YAP ..ESIN"
  }
}
