[
  {
    "path": "docs/AboutUs.md",
    "fileType": "md",
    "lines": [
      {
        "lineNumber": 1,
        "author": {
          "gitId": "-"
        },
        "content": "# About us"
      },
      {
        "lineNumber": 2,
        "author": {
          "gitId": "-"
        },
        "content": ""
      },
      {
        "lineNumber": 3,
        "author": {
          "gitId": "-"
        },
        "content": "Display | Name | Github Profile | Portfolio "
      },
      {
        "lineNumber": 4,
        "author": {
          "gitId": "-"
        },
        "content": "--------|:----:|:--------------:|:---------:"
      },
      {
        "lineNumber": 5,
        "author": {
          "gitId": "NizarMohd"
        },
        "content": "![](https://via.placeholder.com/100.png?text\u003dPhoto) | Nizar Mohamed| [Github](https://github.com/NizarMohd) | [Portfolio](docs/team/NizarMohd.md)"
      },
      {
        "lineNumber": 6,
        "author": {
          "gitId": "terrytay"
        },
        "content": "![](https://avatars2.githubusercontent.com/u/59829631?s\u003d460\u0026v\u003d4?text\u003dterry) | Terry Tay | [Github](https://github.com/terrytay) | [Portfolio](docs/team/terrytay.md)"
      },
      {
        "lineNumber": 7,
        "author": {
          "gitId": "GanapathySanathBalaji"
        },
        "content": "![](https://via.placeholder.com/100.png?text\u003dPhoto) | Ganapathy Sanath Balaji | [Github](https://github.com/GanapathySanathBalaji) | [Portfolio](docs/team/ganapathysanathbalaji.md)"
      },
      {
        "lineNumber": 8,
        "author": {
          "gitId": "hongquan448"
        },
        "content": "![](https://via.placeholder.com/100.png?text\u003dPhoto) | Hong Quan | [Github](https://github.com/hongquan448) | [Portfolio](docs/team/hongquan.md)"
      }
    ],
    "authorContributionMap": {
      "terrytay": 1,
      "NizarMohd": 1,
      "GanapathySanathBalaji": 1,
      "hongquan448": 1,
      "-": 4
    }
  }
]
