[
  {
    "path": "docs/AboutUs.md",
    "fileType": "md",
    "lines": [
      {
        "lineNumber": 1,
        "author": {
          "gitId": "-"
        },
        "content": "# About us"
      },
      {
        "lineNumber": 2,
        "author": {
          "gitId": "-"
        },
        "content": ""
      },
      {
        "lineNumber": 3,
        "author": {
          "gitId": "-"
        },
        "content": "Display | Name | Github Profile | Portfolio "
      },
      {
        "lineNumber": 4,
        "author": {
          "gitId": "-"
        },
        "content": "--------|:----:|:--------------:|:---------:"
      },
      {
        "lineNumber": 5,
        "author": {
          "gitId": "NizarMohd"
        },
        "content": "![](https://via.placeholder.com/100.png?text\u003dPhoto) | Nizar Mohamed| [Github](https://github.com/NizarMohd) | [Portfolio](docs/team/NizarMohd.md)"
      },
      {
        "lineNumber": 6,
        "author": {
          "gitId": "terrytay"
        },
        "content": "![](https://avatars2.githubusercontent.com/u/59829631?s\u003d460\u0026v\u003d4?text\u003dterry) | Terry Tay | [Github](https://github.com/terrytay) | [Portfolio](docs/team/terrytay.md)"
      },
      {
        "lineNumber": 7,
        "author": {
          "gitId": "GanapathySanathBalaji"
        },
        "content": "![](https://via.placeholder.com/100.png?text\u003dPhoto) | Ganapathy Sanath Balaji | [Github](https://github.com/GanapathySanathBalaji) | [Portfolio](docs/team/ganapathysanathbalaji.md)"
      },
      {
        "lineNumber": 8,
        "author": {
          "gitId": "hongquan448"
        },
        "content": "![](https://via.placeholder.com/100.png?text\u003dPhoto) | Hong Quan | [Github](https://github.com/hongquan448) | [Portfolio](docs/team/hongquan.md)"
      }
    ],
    "authorContributionMap": {
      "terrytay": 1,
      "NizarMohd": 1,
      "GanapathySanathBalaji": 1,
      "hongquan448": 1,
      "-": 4
    }
  },
  {
    "path": "src/main/java/Location.java",
    "fileType": "java",
    "lines": [
      {
        "lineNumber": 1,
        "author": {
          "gitId": "terrytay"
        },
        "content": "public class Location {"
      },
      {
        "lineNumber": 2,
        "author": {
          "gitId": "terrytay"
        },
        "content": "    private String name;"
      },
      {
        "lineNumber": 3,
        "author": {
          "gitId": "terrytay"
        },
        "content": "    private String address;"
      },
      {
        "lineNumber": 4,
        "author": {
          "gitId": "terrytay"
        },
        "content": "    private String faculty;"
      },
      {
        "lineNumber": 5,
        "author": {
          "gitId": "terrytay"
        },
        "content": "    private boolean hasPort;"
      },
      {
        "lineNumber": 6,
        "author": {
          "gitId": "terrytay"
        },
        "content": "    private boolean isIndoor;"
      },
      {
        "lineNumber": 7,
        "author": {
          "gitId": "terrytay"
        },
        "content": "    private int maxPax;"
      },
      {
        "lineNumber": 8,
        "author": {
          "gitId": "terrytay"
        },
        "content": ""
      },
      {
        "lineNumber": 9,
        "author": {
          "gitId": "terrytay"
        },
        "content": "    /**"
      },
      {
        "lineNumber": 10,
        "author": {
          "gitId": "terrytay"
        },
        "content": "     * Constructs a Location class for a study area location with its information"
      },
      {
        "lineNumber": 11,
        "author": {
          "gitId": "terrytay"
        },
        "content": "     * Precondition: \u0027All variables have to be filled."
      },
      {
        "lineNumber": 12,
        "author": {
          "gitId": "terrytay"
        },
        "content": "     *"
      },
      {
        "lineNumber": 13,
        "author": {
          "gitId": "terrytay"
        },
        "content": "     * @param name name of study location"
      },
      {
        "lineNumber": 14,
        "author": {
          "gitId": "terrytay"
        },
        "content": "     * @param address address of study location"
      },
      {
        "lineNumber": 15,
        "author": {
          "gitId": "terrytay"
        },
        "content": "     * @param faculty faculty of study location"
      },
      {
        "lineNumber": 16,
        "author": {
          "gitId": "terrytay"
        },
        "content": "     * @param hasPort true for availability of ports, else false"
      },
      {
        "lineNumber": 17,
        "author": {
          "gitId": "terrytay"
        },
        "content": "     * @param isIndoor true for indoor, else false"
      },
      {
        "lineNumber": 18,
        "author": {
          "gitId": "terrytay"
        },
        "content": "     * @param maxPax maximum number of seats for this study area"
      },
      {
        "lineNumber": 19,
        "author": {
          "gitId": "terrytay"
        },
        "content": "     *"
      },
      {
        "lineNumber": 20,
        "author": {
          "gitId": "terrytay"
        },
        "content": "     * @throws Exception when not all variables are filled"
      },
      {
        "lineNumber": 21,
        "author": {
          "gitId": "terrytay"
        },
        "content": "     */"
      },
      {
        "lineNumber": 22,
        "author": {
          "gitId": "terrytay"
        },
        "content": "    public Location(String name, String address, String faculty, boolean hasPort,"
      },
      {
        "lineNumber": 23,
        "author": {
          "gitId": "terrytay"
        },
        "content": "                    boolean isIndoor, int maxPax) throws Exception {"
      },
      {
        "lineNumber": 24,
        "author": {
          "gitId": "terrytay"
        },
        "content": "        try {"
      },
      {
        "lineNumber": 25,
        "author": {
          "gitId": "terrytay"
        },
        "content": "            this.name \u003d name;"
      },
      {
        "lineNumber": 26,
        "author": {
          "gitId": "terrytay"
        },
        "content": "            this.address \u003d address;"
      },
      {
        "lineNumber": 27,
        "author": {
          "gitId": "terrytay"
        },
        "content": "            this.faculty \u003d faculty;"
      },
      {
        "lineNumber": 28,
        "author": {
          "gitId": "terrytay"
        },
        "content": "            this.hasPort \u003d hasPort;"
      },
      {
        "lineNumber": 29,
        "author": {
          "gitId": "terrytay"
        },
        "content": "            this.isIndoor \u003d isIndoor;"
      },
      {
        "lineNumber": 30,
        "author": {
          "gitId": "terrytay"
        },
        "content": "            this.maxPax \u003d maxPax;"
      },
      {
        "lineNumber": 31,
        "author": {
          "gitId": "terrytay"
        },
        "content": "        } catch (Exception e) {"
      },
      {
        "lineNumber": 32,
        "author": {
          "gitId": "terrytay"
        },
        "content": "            System.out.println(e.getMessage());"
      },
      {
        "lineNumber": 33,
        "author": {
          "gitId": "terrytay"
        },
        "content": "        }"
      },
      {
        "lineNumber": 34,
        "author": {
          "gitId": "terrytay"
        },
        "content": "    }"
      },
      {
        "lineNumber": 35,
        "author": {
          "gitId": "terrytay"
        },
        "content": ""
      },
      {
        "lineNumber": 36,
        "author": {
          "gitId": "terrytay"
        },
        "content": "    public String getName() {"
      },
      {
        "lineNumber": 37,
        "author": {
          "gitId": "terrytay"
        },
        "content": "        return name;"
      },
      {
        "lineNumber": 38,
        "author": {
          "gitId": "terrytay"
        },
        "content": "    }"
      },
      {
        "lineNumber": 39,
        "author": {
          "gitId": "terrytay"
        },
        "content": ""
      },
      {
        "lineNumber": 40,
        "author": {
          "gitId": "terrytay"
        },
        "content": "    public String getAddress() {"
      },
      {
        "lineNumber": 41,
        "author": {
          "gitId": "terrytay"
        },
        "content": "        return address;"
      },
      {
        "lineNumber": 42,
        "author": {
          "gitId": "terrytay"
        },
        "content": "    }"
      },
      {
        "lineNumber": 43,
        "author": {
          "gitId": "terrytay"
        },
        "content": ""
      },
      {
        "lineNumber": 44,
        "author": {
          "gitId": "terrytay"
        },
        "content": "    public String getFaculty() {"
      },
      {
        "lineNumber": 45,
        "author": {
          "gitId": "terrytay"
        },
        "content": "        return faculty;"
      },
      {
        "lineNumber": 46,
        "author": {
          "gitId": "terrytay"
        },
        "content": "    }"
      },
      {
        "lineNumber": 47,
        "author": {
          "gitId": "terrytay"
        },
        "content": ""
      },
      {
        "lineNumber": 48,
        "author": {
          "gitId": "terrytay"
        },
        "content": "    public boolean hasPort() {"
      },
      {
        "lineNumber": 49,
        "author": {
          "gitId": "terrytay"
        },
        "content": "        return hasPort;"
      },
      {
        "lineNumber": 50,
        "author": {
          "gitId": "terrytay"
        },
        "content": "    }"
      },
      {
        "lineNumber": 51,
        "author": {
          "gitId": "terrytay"
        },
        "content": ""
      },
      {
        "lineNumber": 52,
        "author": {
          "gitId": "terrytay"
        },
        "content": "    public boolean isIndoor() {"
      },
      {
        "lineNumber": 53,
        "author": {
          "gitId": "terrytay"
        },
        "content": "        return isIndoor;"
      },
      {
        "lineNumber": 54,
        "author": {
          "gitId": "terrytay"
        },
        "content": "    }"
      },
      {
        "lineNumber": 55,
        "author": {
          "gitId": "terrytay"
        },
        "content": ""
      },
      {
        "lineNumber": 56,
        "author": {
          "gitId": "terrytay"
        },
        "content": "    public int getMaxPax() {"
      },
      {
        "lineNumber": 57,
        "author": {
          "gitId": "terrytay"
        },
        "content": "        return maxPax;"
      },
      {
        "lineNumber": 58,
        "author": {
          "gitId": "terrytay"
        },
        "content": "    }"
      },
      {
        "lineNumber": 59,
        "author": {
          "gitId": "terrytay"
        },
        "content": "}"
      }
    ],
    "authorContributionMap": {
      "terrytay": 59
    }
  },
  {
    "path": "src/test/java/LocationTest.java",
    "fileType": "java",
    "lines": [
      {
        "lineNumber": 1,
        "author": {
          "gitId": "terrytay"
        },
        "content": "import org.junit.jupiter.api.BeforeEach;"
      },
      {
        "lineNumber": 2,
        "author": {
          "gitId": "terrytay"
        },
        "content": "import org.junit.jupiter.api.Test;"
      },
      {
        "lineNumber": 3,
        "author": {
          "gitId": "terrytay"
        },
        "content": ""
      },
      {
        "lineNumber": 4,
        "author": {
          "gitId": "terrytay"
        },
        "content": "import static org.junit.jupiter.api.Assertions.assertEquals;"
      },
      {
        "lineNumber": 5,
        "author": {
          "gitId": "terrytay"
        },
        "content": ""
      },
      {
        "lineNumber": 6,
        "author": {
          "gitId": "terrytay"
        },
        "content": "class LocationTest {"
      },
      {
        "lineNumber": 7,
        "author": {
          "gitId": "terrytay"
        },
        "content": ""
      },
      {
        "lineNumber": 8,
        "author": {
          "gitId": "terrytay"
        },
        "content": "    Location location1 \u003d new Location(\"mac commons\", \"utown\", \"nil\", true, true, 5);"
      },
      {
        "lineNumber": 9,
        "author": {
          "gitId": "terrytay"
        },
        "content": ""
      },
      {
        "lineNumber": 10,
        "author": {
          "gitId": "terrytay"
        },
        "content": "    LocationTest() throws Exception {"
      },
      {
        "lineNumber": 11,
        "author": {
          "gitId": "terrytay"
        },
        "content": "    }"
      },
      {
        "lineNumber": 12,
        "author": {
          "gitId": "terrytay"
        },
        "content": ""
      },
      {
        "lineNumber": 13,
        "author": {
          "gitId": "terrytay"
        },
        "content": "    @Test"
      },
      {
        "lineNumber": 14,
        "author": {
          "gitId": "terrytay"
        },
        "content": "    void getName() {"
      },
      {
        "lineNumber": 15,
        "author": {
          "gitId": "terrytay"
        },
        "content": "        assertEquals(\"mac commons\", location1.getName());"
      },
      {
        "lineNumber": 16,
        "author": {
          "gitId": "terrytay"
        },
        "content": "    }"
      },
      {
        "lineNumber": 17,
        "author": {
          "gitId": "terrytay"
        },
        "content": ""
      },
      {
        "lineNumber": 18,
        "author": {
          "gitId": "terrytay"
        },
        "content": "    @Test"
      },
      {
        "lineNumber": 19,
        "author": {
          "gitId": "terrytay"
        },
        "content": "    void getAddress() {"
      },
      {
        "lineNumber": 20,
        "author": {
          "gitId": "terrytay"
        },
        "content": "        assertEquals(\"utown\", location1.getAddress());"
      },
      {
        "lineNumber": 21,
        "author": {
          "gitId": "terrytay"
        },
        "content": "    }"
      },
      {
        "lineNumber": 22,
        "author": {
          "gitId": "terrytay"
        },
        "content": ""
      },
      {
        "lineNumber": 23,
        "author": {
          "gitId": "terrytay"
        },
        "content": "    @Test"
      },
      {
        "lineNumber": 24,
        "author": {
          "gitId": "terrytay"
        },
        "content": "    void getFaculty() {"
      },
      {
        "lineNumber": 25,
        "author": {
          "gitId": "terrytay"
        },
        "content": "        assertEquals(\"nil\", location1.getFaculty());"
      },
      {
        "lineNumber": 26,
        "author": {
          "gitId": "terrytay"
        },
        "content": "    }"
      },
      {
        "lineNumber": 27,
        "author": {
          "gitId": "terrytay"
        },
        "content": ""
      },
      {
        "lineNumber": 28,
        "author": {
          "gitId": "terrytay"
        },
        "content": "    @Test"
      },
      {
        "lineNumber": 29,
        "author": {
          "gitId": "terrytay"
        },
        "content": "    void hasPort() {"
      },
      {
        "lineNumber": 30,
        "author": {
          "gitId": "terrytay"
        },
        "content": "        assertEquals(true, location1.hasPort());"
      },
      {
        "lineNumber": 31,
        "author": {
          "gitId": "terrytay"
        },
        "content": "    }"
      },
      {
        "lineNumber": 32,
        "author": {
          "gitId": "terrytay"
        },
        "content": ""
      },
      {
        "lineNumber": 33,
        "author": {
          "gitId": "terrytay"
        },
        "content": "    @Test"
      },
      {
        "lineNumber": 34,
        "author": {
          "gitId": "terrytay"
        },
        "content": "    void isIndoor() {"
      },
      {
        "lineNumber": 35,
        "author": {
          "gitId": "terrytay"
        },
        "content": "        assertEquals(true, location1.isIndoor());"
      },
      {
        "lineNumber": 36,
        "author": {
          "gitId": "terrytay"
        },
        "content": "    }"
      },
      {
        "lineNumber": 37,
        "author": {
          "gitId": "terrytay"
        },
        "content": ""
      },
      {
        "lineNumber": 38,
        "author": {
          "gitId": "terrytay"
        },
        "content": "    @Test"
      },
      {
        "lineNumber": 39,
        "author": {
          "gitId": "terrytay"
        },
        "content": "    void getMaxPax() {"
      },
      {
        "lineNumber": 40,
        "author": {
          "gitId": "terrytay"
        },
        "content": "        assertEquals(5, location1.getMaxPax());"
      },
      {
        "lineNumber": 41,
        "author": {
          "gitId": "terrytay"
        },
        "content": "    }"
      },
      {
        "lineNumber": 42,
        "author": {
          "gitId": "terrytay"
        },
        "content": "}"
      }
    ],
    "authorContributionMap": {
      "terrytay": 42
    }
  }
]
