{
  "authorDailyContributionsMap": {
    "terrytay": [
      {
        "insertions": 1,
        "deletions": 1,
        "date": "2020-03-03",
        "commitResults": [
          {
            "hash": "e3cd3da02805dd201389b841e6a5980f97ebcec2",
            "messageTitle": "teryTay-AboutUs",
            "messageBody": "",
            "insertions": 1,
            "deletions": 1
          }
        ]
      },
      {
        "insertions": 109,
        "deletions": 41,
        "date": "2020-03-05",
        "commitResults": [
          {
            "hash": "f58886dbaa3db1269acd8a481a88bca6eb763cf1",
            "messageTitle": "remove duke class",
            "messageBody": "",
            "insertions": 0,
            "deletions": 21
          },
          {
            "hash": "54e56dc7f6ea57737faf455bc35d6f93051a2919",
            "messageTitle": "deleted duketest class",
            "messageBody": "",
            "insertions": 0,
            "deletions": 12
          },
          {
            "hash": "0adb05820905598fa4db55bfd71ba6fbcd3d2091",
            "messageTitle": "Add Location class and LocationTest",
            "messageBody": "",
            "insertions": 7,
            "deletions": 0
          },
          {
            "hash": "0d887eed68d4ac828bd0afabb15c548cffbdfccf",
            "messageTitle": "Add Location class and LocationTest",
            "messageBody": "",
            "insertions": 73,
            "deletions": 0
          },
          {
            "hash": "8c22b2630523490126a7d1ba35ff6021754a0bae",
            "messageTitle": "Add javadoc to Location and LocationTest",
            "messageBody": "",
            "insertions": 29,
            "deletions": 8
          }
        ]
      },
      {
        "insertions": 192,
        "deletions": 9,
        "date": "2020-03-06",
        "commitResults": [
          {
            "hash": "238680a90a6bea64a9058b9a62430e6cef352cd2",
            "messageTitle": "Add back seedu",
            "messageBody": "",
            "insertions": 33,
            "deletions": 0
          },
          {
            "hash": "3e1d1e387404c9b331f2a4e8fd6bbae11c4531a5",
            "messageTitle": "Add resourceloader without javadoc yet",
            "messageBody": "",
            "insertions": 13,
            "deletions": 0
          },
          {
            "hash": "4f0bce39fecef4a794f9212d352fdecf10a95bad",
            "messageTitle": "Javadoc not added for resourceloader yet",
            "messageBody": "",
            "insertions": 52,
            "deletions": 4
          },
          {
            "hash": "c0f2412e0791bfac1c1e543fc40bff37fb53f67a",
            "messageTitle": "Link up LocationLoader, Location, StudyArea Class",
            "messageBody": "",
            "insertions": 94,
            "deletions": 5
          }
        ]
      },
      {
        "insertions": 4,
        "deletions": 2,
        "date": "2020-03-07",
        "commitResults": [
          {
            "hash": "03f01d524203782fd3f2ba3797dc02bd61cce943",
            "messageTitle": "Update EventList.java",
            "messageBody": "under addEvent, I have modifed the sequence of execution to display the added msg after the event has indeed been added.",
            "insertions": 2,
            "deletions": 1
          },
          {
            "hash": "2bb4e6998e5d3f3f6fb64876e7a385314f8dc844",
            "messageTitle": "Create eventList.txt",
            "messageBody": "",
            "insertions": 1,
            "deletions": 0
          },
          {
            "hash": "78a5fd68e2aac9e0a0b9203451ca89ff37929457",
            "messageTitle": "Delete EventList.txt",
            "messageBody": "",
            "insertions": 0,
            "deletions": 0
          },
          {
            "hash": "6ffc3d623909794e4b54ca908745224123ec3e6e",
            "messageTitle": "Update Duke.java",
            "messageBody": "",
            "insertions": 1,
            "deletions": 1
          }
        ]
      }
    ],
    "NizarMohd": [
      {
        "insertions": 18,
        "deletions": 21,
        "date": "2020-03-03",
        "commitResults": [
          {
            "hash": "0290abf0752e9695238d7bc418e1b698e077bfe8",
            "messageTitle": "Change to NizarMohd.md",
            "messageBody": "",
            "insertions": 6,
            "deletions": 10
          },
          {
            "hash": "a2e922adee5b5755a21e5d61eab84ca2b925ecf1",
            "messageTitle": "Revert \"Change to NizarMohd.md\"",
            "messageBody": "This reverts commit 0290abf0752e9695238d7bc418e1b698e077bfe8.\n",
            "insertions": 10,
            "deletions": 6
          },
          {
            "hash": "1507bfeb277fc99780df56faf2a10a4d600f6af2",
            "messageTitle": "Change AboutUs",
            "messageBody": "",
            "insertions": 2,
            "deletions": 5
          }
        ]
      },
      {
        "insertions": 500,
        "deletions": 149,
        "date": "2020-03-08",
        "commitResults": [
          {
            "hash": "39fded61018f1307e1e5cdc5df72077268b7f1bf",
            "messageTitle": "Implement Study Area V1.0",
            "messageBody": "",
            "insertions": 491,
            "deletions": 140
          },
          {
            "hash": "5c8af2cf81811e41068d2c6ea5d404c696ed151e",
            "messageTitle": "Implement Study Area Version 1.0",
            "messageBody": "",
            "insertions": 9,
            "deletions": 9
          }
        ]
      }
    ],
    "GanapathySanathBalaji": [
      {
        "insertions": 1,
        "deletions": 1,
        "date": "2020-03-03",
        "commitResults": [
          {
            "hash": "6c61e6130f162f519bcb74fca6aa161bf2f912ee",
            "messageTitle": "Add personal data",
            "messageBody": "",
            "insertions": 1,
            "deletions": 1
          }
        ]
      },
      {
        "insertions": 322,
        "deletions": 4,
        "date": "2020-03-06",
        "commitResults": [
          {
            "hash": "7bf0ef63cb407279a0e00eabaf46a475398526b9",
            "messageTitle": "Add Event.java, Ui.java and EventList.java",
            "messageBody": "",
            "insertions": 254,
            "deletions": 0
          },
          {
            "hash": "c17da9d6c0e7f41fa145dcd6c8a08f4bddc151cd",
            "messageTitle": "Edit Duke.java to support new commands.",
            "messageBody": "",
            "insertions": 68,
            "deletions": 4
          }
        ]
      },
      {
        "insertions": 345,
        "deletions": 34,
        "date": "2020-03-07",
        "commitResults": [
          {
            "hash": "ceb26d23f02545f83ba3b95e1526a4100f9e2725",
            "messageTitle": "Add support to load and save events",
            "messageBody": "",
            "insertions": 107,
            "deletions": 16
          },
          {
            "hash": "185f85117c945f658ed1a9f758470b0255ad6bec",
            "messageTitle": "Add new function in \"Ui\" Class",
            "messageBody": "",
            "insertions": 3,
            "deletions": 0
          },
          {
            "hash": "4aa99d7f47492406cd87d261848fc283b02f3843",
            "messageTitle": "Add javadoc comments",
            "messageBody": "",
            "insertions": 34,
            "deletions": 2
          },
          {
            "hash": "f6f689ca32cd2535b727595310df8f3633a777fe",
            "messageTitle": "Add JUnit Test for Event Class",
            "messageBody": "",
            "insertions": 198,
            "deletions": 14
          },
          {
            "hash": "08ed775aa8dae8495c4f315290a61754677d0818",
            "messageTitle": "Tweak code to follow coding standard",
            "messageBody": "",
            "insertions": 3,
            "deletions": 2
          }
        ]
      }
    ],
    "hongquan448": [
      {
        "insertions": 1,
        "deletions": 1,
        "date": "2020-03-03",
        "commitResults": [
          {
            "hash": "d62daf7d889970b33b87ea153c9f887fc9d007cc",
            "messageTitle": "edit AboutUs",
            "messageBody": "",
            "insertions": 1,
            "deletions": 1
          }
        ]
      }
    ]
  },
  "authorFinalContributionMap": {
    "terrytay": 111,
    "NizarMohd": 492,
    "GanapathySanathBalaji": 632,
    "hongquan448": 1
  },
  "authorFileTypeContributionMap": {
    "terrytay": {
      "java": 109,
      "md": 1,
      "fxml": 0,
      "sh": 0,
      "bat": 0,
      "gradle": 0,
      "txt": 1
    },
    "NizarMohd": {
      "java": 483,
      "md": 1,
      "fxml": 0,
      "sh": 0,
      "bat": 0,
      "gradle": 0,
      "txt": 8
    },
    "GanapathySanathBalaji": {
      "java": 631,
      "md": 1,
      "fxml": 0,
      "sh": 0,
      "bat": 0,
      "gradle": 0,
      "txt": 0
    },
    "hongquan448": {
      "java": 0,
      "md": 1,
      "fxml": 0,
      "sh": 0,
      "bat": 0,
      "gradle": 0,
      "txt": 0
    }
  },
  "authorContributionVariance": {
    "terrytay": 5853.8594,
    "NizarMohd": 45444.25,
    "GanapathySanathBalaji": 23429.984,
    "hongquan448": 0.4375
  },
  "authorDisplayNameMap": {
    "terrytay": "CS2113T-T12-3 TERR..KIAT",
    "NizarMohd": "CS2113T-T12-3 MOHA..ED H",
    "GanapathySanathBalaji": "CS2113T-T12-3 GANA..LAJI",
    "hongquan448": "CS2113T-T12-3 JIAN..QUAN"
  }
}
