{
  "authorDailyContributionsMap": {
    "terrytay": [
      {
        "insertions": 1,
        "deletions": 1,
        "date": "2020-03-03",
        "commitResults": [
          {
            "hash": "e3cd3da02805dd201389b841e6a5980f97ebcec2",
            "messageTitle": "teryTay-AboutUs",
            "messageBody": "",
            "insertions": 1,
            "deletions": 1
          }
        ]
      },
      {
        "insertions": 109,
        "deletions": 41,
        "date": "2020-03-05",
        "commitResults": [
          {
            "hash": "f58886dbaa3db1269acd8a481a88bca6eb763cf1",
            "messageTitle": "remove duke class",
            "messageBody": "",
            "insertions": 0,
            "deletions": 21
          },
          {
            "hash": "54e56dc7f6ea57737faf455bc35d6f93051a2919",
            "messageTitle": "deleted duketest class",
            "messageBody": "",
            "insertions": 0,
            "deletions": 12
          },
          {
            "hash": "0adb05820905598fa4db55bfd71ba6fbcd3d2091",
            "messageTitle": "Add Location class and LocationTest",
            "messageBody": "",
            "insertions": 7,
            "deletions": 0
          },
          {
            "hash": "0d887eed68d4ac828bd0afabb15c548cffbdfccf",
            "messageTitle": "Add Location class and LocationTest",
            "messageBody": "",
            "insertions": 73,
            "deletions": 0
          },
          {
            "hash": "8c22b2630523490126a7d1ba35ff6021754a0bae",
            "messageTitle": "Add javadoc to Location and LocationTest",
            "messageBody": "",
            "insertions": 29,
            "deletions": 8
          }
        ]
      },
      {
        "insertions": 192,
        "deletions": 9,
        "date": "2020-03-06",
        "commitResults": [
          {
            "hash": "238680a90a6bea64a9058b9a62430e6cef352cd2",
            "messageTitle": "Add back seedu",
            "messageBody": "",
            "insertions": 33,
            "deletions": 0
          },
          {
            "hash": "3e1d1e387404c9b331f2a4e8fd6bbae11c4531a5",
            "messageTitle": "Add resourceloader without javadoc yet",
            "messageBody": "",
            "insertions": 13,
            "deletions": 0
          },
          {
            "hash": "4f0bce39fecef4a794f9212d352fdecf10a95bad",
            "messageTitle": "Javadoc not added for resourceloader yet",
            "messageBody": "",
            "insertions": 52,
            "deletions": 4
          },
          {
            "hash": "c0f2412e0791bfac1c1e543fc40bff37fb53f67a",
            "messageTitle": "Link up LocationLoader, Location, StudyArea Class",
            "messageBody": "",
            "insertions": 94,
            "deletions": 5
          }
        ]
      },
      {
        "insertions": 4,
        "deletions": 2,
        "date": "2020-03-07",
        "commitResults": [
          {
            "hash": "03f01d524203782fd3f2ba3797dc02bd61cce943",
            "messageTitle": "Update EventList.java",
            "messageBody": "under addEvent, I have modifed the sequence of execution to display the added msg after the event has indeed been added.",
            "insertions": 2,
            "deletions": 1
          },
          {
            "hash": "2bb4e6998e5d3f3f6fb64876e7a385314f8dc844",
            "messageTitle": "Create eventList.txt",
            "messageBody": "",
            "insertions": 1,
            "deletions": 0
          },
          {
            "hash": "78a5fd68e2aac9e0a0b9203451ca89ff37929457",
            "messageTitle": "Delete EventList.txt",
            "messageBody": "",
            "insertions": 0,
            "deletions": 0
          },
          {
            "hash": "6ffc3d623909794e4b54ca908745224123ec3e6e",
            "messageTitle": "Update Duke.java",
            "messageBody": "",
            "insertions": 1,
            "deletions": 1
          }
        ]
      },
      {
        "insertions": 278,
        "deletions": 318,
        "date": "2020-03-08",
        "commitResults": [
          {
            "hash": "874c983a2738c9346cb89858d89db61b7e5751d0",
            "messageTitle": "Merge Event, StudyArea",
            "messageBody": "",
            "insertions": 278,
            "deletions": 318
          }
        ]
      },
      {
        "insertions": 210,
        "deletions": 466,
        "date": "2020-03-10",
        "commitResults": [
          {
            "hash": "3b6083b5ad30530cdb9850b7d77f13d733e0f6ae",
            "messageTitle": "Revert \"Refactor Ui IO stream, Change Logo, Add credits.\"",
            "messageBody": "",
            "insertions": 153,
            "deletions": 250
          },
          {
            "hash": "40000b9562645cc8ce4164a57ec89c132980705c",
            "messageTitle": "Revert \"Branch study area\"",
            "messageBody": "",
            "insertions": 57,
            "deletions": 216
          }
        ]
      },
      {
        "insertions": 500,
        "deletions": 148,
        "date": "2020-03-11",
        "commitResults": [
          {
            "hash": "a7bfb7b7ed1520c9946fa82a2b431469444beb41",
            "messageTitle": "Create Command and Parser Class (#46)",
            "messageBody": "* Refactor code to separate parser and command classes\r\n\r\n* Add help command support to EventList\r\n\r\n* Rectify issues\r\n\r\n* Rectify issue with text-ui-test\r\n\r\n* Rectify issue with runtest.sh\r\n\r\n* Remove Driver.java\r\n\r\nCo-authored-by: GanapathySanathBalaji \u003ce0311091@u.nus.edu\u003e",
            "insertions": 500,
            "deletions": 148
          }
        ]
      },
      {
        "insertions": 173,
        "deletions": 48,
        "date": "2020-03-12",
        "commitResults": [
          {
            "hash": "6f93c47ef689aae64add82e3851ee94e69b2707c",
            "messageTitle": "parser remove ui",
            "messageBody": "",
            "insertions": 1,
            "deletions": 3
          },
          {
            "hash": "fea44f7e8112aba3d908e25a91adecdd7ca82e16",
            "messageTitle": "Remove ui dependency in parsertest",
            "messageBody": "",
            "insertions": 11,
            "deletions": 13
          },
          {
            "hash": "cffa69b72b485c22618db01792f5381aaf0b4008",
            "messageTitle": "Fix test output mismatches",
            "messageBody": "",
            "insertions": 12,
            "deletions": 10
          },
          {
            "hash": "c6d678084f9e7162eef01f75b205547be7a1ba0b",
            "messageTitle": "Optimise imports in EventListTest.java",
            "messageBody": "",
            "insertions": 2,
            "deletions": 1
          },
          {
            "hash": "3f98c7b44c3336169057d63ec71526848f3d8049",
            "messageTitle": "Initial custom exceptions set up",
            "messageBody": "",
            "insertions": 30,
            "deletions": 3
          },
          {
            "hash": "12a64a5df96de5373b19cced84c76ff13c951c12",
            "messageTitle": "Completed custom exceptions for event commands",
            "messageBody": "",
            "insertions": 72,
            "deletions": 12
          },
          {
            "hash": "68f9b13a92bcf2989705244673048cb4264242e0",
            "messageTitle": "Fix tests fail",
            "messageBody": "",
            "insertions": 2,
            "deletions": 2
          },
          {
            "hash": "8ad9c7be6a7c162b0c4781d8c3ac1b953a76f9a0",
            "messageTitle": "Add tests for StudyAreaList",
            "messageBody": "",
            "insertions": 5,
            "deletions": 0
          },
          {
            "hash": "e0e908a53fb819687983f3efc6d7381b0e0b694b",
            "messageTitle": "Fix error",
            "messageBody": "",
            "insertions": 38,
            "deletions": 4
          }
        ]
      }
    ],
    "NizarMohd": [
      {
        "insertions": 18,
        "deletions": 21,
        "date": "2020-03-03",
        "commitResults": [
          {
            "hash": "0290abf0752e9695238d7bc418e1b698e077bfe8",
            "messageTitle": "Change to NizarMohd.md",
            "messageBody": "",
            "insertions": 6,
            "deletions": 10
          },
          {
            "hash": "a2e922adee5b5755a21e5d61eab84ca2b925ecf1",
            "messageTitle": "Revert \"Change to NizarMohd.md\"",
            "messageBody": "This reverts commit 0290abf0752e9695238d7bc418e1b698e077bfe8.\n",
            "insertions": 10,
            "deletions": 6
          },
          {
            "hash": "1507bfeb277fc99780df56faf2a10a4d600f6af2",
            "messageTitle": "Change AboutUs",
            "messageBody": "",
            "insertions": 2,
            "deletions": 5
          }
        ]
      },
      {
        "insertions": 558,
        "deletions": 172,
        "date": "2020-03-08",
        "commitResults": [
          {
            "hash": "39fded61018f1307e1e5cdc5df72077268b7f1bf",
            "messageTitle": "Implement Study Area V1.0",
            "messageBody": "",
            "insertions": 491,
            "deletions": 140
          },
          {
            "hash": "5c8af2cf81811e41068d2c6ea5d404c696ed151e",
            "messageTitle": "Implement Study Area Version 1.0",
            "messageBody": "",
            "insertions": 9,
            "deletions": 9
          },
          {
            "hash": "90b8d5b17c3c4ea47c0174e8b51126bb7fd55c50",
            "messageTitle": "Change Logo and edit Javadoc",
            "messageBody": "",
            "insertions": 58,
            "deletions": 23
          }
        ]
      },
      {
        "insertions": 257,
        "deletions": 139,
        "date": "2020-03-09",
        "commitResults": [
          {
            "hash": "4fb1d7b6865625dab8e25858f99766a9ef2cf495",
            "messageTitle": "add exception",
            "messageBody": "",
            "insertions": 4,
            "deletions": 1
          },
          {
            "hash": "cd3a377d912b13cc86d3f858aa3e4a2a5c676ed3",
            "messageTitle": "Refactor IO stream and Change Logo",
            "messageBody": "",
            "insertions": 253,
            "deletions": 138
          }
        ]
      },
      {
        "insertions": 874,
        "deletions": 457,
        "date": "2020-03-10",
        "commitResults": [
          {
            "hash": "994e6c0b1477d82e87854e62b99041b4189bfae0",
            "messageTitle": "Edit Javadoc, Add credits, add exception handling",
            "messageBody": "",
            "insertions": 203,
            "deletions": 86
          },
          {
            "hash": "232d04764bcd63fe95561fa325077ace227107d8",
            "messageTitle": "Add Deadline with #35.",
            "messageBody": "",
            "insertions": 207,
            "deletions": 105
          },
          {
            "hash": "3136f48765a2b79c0080ea1ad82fe3f8dd4df82c",
            "messageTitle": "Pull from Upstream and Add changes",
            "messageBody": "",
            "insertions": 0,
            "deletions": 43
          },
          {
            "hash": "5a1296500b6f0d2018015daab6ff4434db91b7f2",
            "messageTitle": "pull from upstream and add changes",
            "messageBody": "",
            "insertions": 464,
            "deletions": 223
          }
        ]
      },
      {
        "insertions": 203,
        "deletions": 135,
        "date": "2020-03-11",
        "commitResults": [
          {
            "hash": "cb5f1070335fb210fdfedc1eabf7881a0e11fca8",
            "messageTitle": "Pull from Upstream and Add changes.",
            "messageBody": "",
            "insertions": 191,
            "deletions": 114
          },
          {
            "hash": "7e84f0c229023b28a6f40823d2bf616c81256ca3",
            "messageTitle": "rectified changes to pass windows test",
            "messageBody": "",
            "insertions": 11,
            "deletions": 20
          },
          {
            "hash": "d741eb287fe362391664d0ed6a29ec5aa4efd165",
            "messageTitle": "Rectify StudyAreaLoader to pass gradle",
            "messageBody": "",
            "insertions": 1,
            "deletions": 1
          }
        ]
      }
    ],
    "GanapathySanathBalaji": [
      {
        "insertions": 1,
        "deletions": 1,
        "date": "2020-03-03",
        "commitResults": [
          {
            "hash": "6c61e6130f162f519bcb74fca6aa161bf2f912ee",
            "messageTitle": "Add personal data",
            "messageBody": "",
            "insertions": 1,
            "deletions": 1
          }
        ]
      },
      {
        "insertions": 322,
        "deletions": 4,
        "date": "2020-03-06",
        "commitResults": [
          {
            "hash": "7bf0ef63cb407279a0e00eabaf46a475398526b9",
            "messageTitle": "Add Event.java, Ui.java and EventList.java",
            "messageBody": "",
            "insertions": 254,
            "deletions": 0
          },
          {
            "hash": "c17da9d6c0e7f41fa145dcd6c8a08f4bddc151cd",
            "messageTitle": "Edit Duke.java to support new commands.",
            "messageBody": "",
            "insertions": 68,
            "deletions": 4
          }
        ]
      },
      {
        "insertions": 345,
        "deletions": 34,
        "date": "2020-03-07",
        "commitResults": [
          {
            "hash": "ceb26d23f02545f83ba3b95e1526a4100f9e2725",
            "messageTitle": "Add support to load and save events",
            "messageBody": "",
            "insertions": 107,
            "deletions": 16
          },
          {
            "hash": "185f85117c945f658ed1a9f758470b0255ad6bec",
            "messageTitle": "Add new function in \"Ui\" Class",
            "messageBody": "",
            "insertions": 3,
            "deletions": 0
          },
          {
            "hash": "4aa99d7f47492406cd87d261848fc283b02f3843",
            "messageTitle": "Add javadoc comments",
            "messageBody": "",
            "insertions": 34,
            "deletions": 2
          },
          {
            "hash": "f6f689ca32cd2535b727595310df8f3633a777fe",
            "messageTitle": "Add JUnit Test for Event Class",
            "messageBody": "",
            "insertions": 198,
            "deletions": 14
          },
          {
            "hash": "08ed775aa8dae8495c4f315290a61754677d0818",
            "messageTitle": "Tweak code to follow coding standard",
            "messageBody": "",
            "insertions": 3,
            "deletions": 2
          }
        ]
      },
      {
        "insertions": 473,
        "deletions": 150,
        "date": "2020-03-10",
        "commitResults": [
          {
            "hash": "64f28692ce5d8d0dca51b424cce4b50169ea837e",
            "messageTitle": "Refactor code to separate parser and command classes",
            "messageBody": "",
            "insertions": 395,
            "deletions": 94
          },
          {
            "hash": "b1e1943f9ea0ec244924a203781fd779f83f0065",
            "messageTitle": "Add help command support to EventList",
            "messageBody": "",
            "insertions": 30,
            "deletions": 0
          },
          {
            "hash": "0cd81ad4a09ce5fbf7c218d17509bb7ffa3dd250",
            "messageTitle": "Rectify issues",
            "messageBody": "",
            "insertions": 29,
            "deletions": 9
          },
          {
            "hash": "aa4f70e79e995530aba339b6cdff7e50a88b0839",
            "messageTitle": "Rectify issue with text-ui-test",
            "messageBody": "",
            "insertions": 19,
            "deletions": 47
          }
        ]
      },
      {
        "insertions": 229,
        "deletions": 74,
        "date": "2020-03-11",
        "commitResults": [
          {
            "hash": "174a07bc5fffa2b640ae254d79103c0e9e3483ed",
            "messageTitle": "Rectify issue with runtest.sh",
            "messageBody": "",
            "insertions": 11,
            "deletions": 5
          },
          {
            "hash": "64d934b6dd6d3510f6a4615677c9730be9a27bc4",
            "messageTitle": "Remove Driver.java",
            "messageBody": "",
            "insertions": 0,
            "deletions": 50
          },
          {
            "hash": "3abbc8fc12fb329720231c6ae08ae67fc560dc62",
            "messageTitle": "Add JUnit Test for the EventList and Parser Class",
            "messageBody": "",
            "insertions": 211,
            "deletions": 15
          },
          {
            "hash": "886b1427a7fb994fdef6f79c015db80176ea9a16",
            "messageTitle": "Rectify issue with coding style",
            "messageBody": "",
            "insertions": 6,
            "deletions": 4
          },
          {
            "hash": "eea9ab32383c71f8bf5dec94431ff8d5d868fbc1",
            "messageTitle": "Add javadoc comment",
            "messageBody": "",
            "insertions": 1,
            "deletions": 0
          }
        ]
      },
      {
        "insertions": 1,
        "deletions": 3,
        "date": "2020-03-12",
        "commitResults": [
          {
            "hash": "77182373dba599dd1d3f0fe7f3615e0e121910cf",
            "messageTitle": "Modify javadoc comments",
            "messageBody": "",
            "insertions": 1,
            "deletions": 1
          },
          {
            "hash": "73730d85b18e79c79ae45227c5d1f5e73a9221f4",
            "messageTitle": "Remove empty lines",
            "messageBody": "",
            "insertions": 0,
            "deletions": 2
          }
        ]
      },
      {
        "insertions": 598,
        "deletions": 604,
        "date": "2020-03-13",
        "commitResults": [
          {
            "hash": "e5f1822a25842a9b9ba25d1efdc457eb6ed30d44",
            "messageTitle": "Add Task Class and support for Deadlines",
            "messageBody": "",
            "insertions": 595,
            "deletions": 599
          },
          {
            "hash": "95c958468a8393c1458396a9bde51a1599943bc4",
            "messageTitle": "Clear data file",
            "messageBody": "",
            "insertions": 0,
            "deletions": 2
          },
          {
            "hash": "37636972cc12ee714d2ee8ecd5b132e900c4e20a",
            "messageTitle": "Rename EventCommand to TaskCommand",
            "messageBody": "",
            "insertions": 3,
            "deletions": 3
          }
        ]
      },
      {
        "insertions": 875,
        "deletions": 423,
        "date": "2020-03-14",
        "commitResults": [
          {
            "hash": "d8c60fd0459a39cd38193b5dc852171a0c44a058",
            "messageTitle": "Add support to edit tasks",
            "messageBody": "",
            "insertions": 676,
            "deletions": 339
          },
          {
            "hash": "feed18cb2d1394e999b7af57d76bf202a15efd2e",
            "messageTitle": "Refactor code",
            "messageBody": "",
            "insertions": 83,
            "deletions": 52
          },
          {
            "hash": "15dcad2364e8ec861b625d2461c87577bd79a5f2",
            "messageTitle": "Add support to show number of days left during countdown command",
            "messageBody": "",
            "insertions": 72,
            "deletions": 20
          },
          {
            "hash": "26b7fd39b9f9ab406a220896d468aead2cd082e6",
            "messageTitle": "Update JUnit tests",
            "messageBody": "",
            "insertions": 3,
            "deletions": 3
          },
          {
            "hash": "972819b92ae8184808495ce59f944a5cf4e77fbb",
            "messageTitle": "Refactor code",
            "messageBody": "",
            "insertions": 41,
            "deletions": 9
          }
        ]
      }
    ],
    "hongquan448": [
      {
        "insertions": 1,
        "deletions": 1,
        "date": "2020-03-03",
        "commitResults": [
          {
            "hash": "d62daf7d889970b33b87ea153c9f887fc9d007cc",
            "messageTitle": "edit AboutUs",
            "messageBody": "",
            "insertions": 1,
            "deletions": 1
          }
        ]
      },
      {
        "insertions": 346,
        "deletions": 19,
        "date": "2020-03-09",
        "commitResults": [
          {
            "hash": "6de0f609faa478322de74e3ae24853dfabca12fe",
            "messageTitle": "Refactor welcome message to ui, create Deadline and DeadlineList classes",
            "messageBody": "",
            "insertions": 324,
            "deletions": 7
          },
          {
            "hash": "6f723ca67caad12a53eebcdb1b71f7977a32107d",
            "messageTitle": "add printHelp method to ui",
            "messageBody": "",
            "insertions": 22,
            "deletions": 12
          }
        ]
      },
      {
        "insertions": 32,
        "deletions": 15,
        "date": "2020-03-10",
        "commitResults": [
          {
            "hash": "b6213a1683d6351d1d7ce401d12543732de978b5",
            "messageTitle": "refactor constants to ui",
            "messageBody": "",
            "insertions": 6,
            "deletions": 1
          },
          {
            "hash": "6466686c0943d85d91ea5db0fe96839cb7188946",
            "messageTitle": "Refactor ui",
            "messageBody": "",
            "insertions": 25,
            "deletions": 13
          },
          {
            "hash": "89094c699c189533bcb7d4fb8ace6241cd30dca3",
            "messageTitle": "Refactor ui",
            "messageBody": "",
            "insertions": 1,
            "deletions": 1
          }
        ]
      }
    ]
  },
  "authorFinalContributionMap": {
    "terrytay": 597,
    "NizarMohd": 706,
    "GanapathySanathBalaji": 1602,
    "hongquan448": 7
  },
  "authorFileTypeContributionMap": {
    "terrytay": {
      "java": 595,
      "md": 1,
      "fxml": 0,
      "sh": 0,
      "bat": 0,
      "gradle": 0,
      "txt": 1
    },
    "NizarMohd": {
      "java": 697,
      "md": 1,
      "fxml": 0,
      "sh": 0,
      "bat": 0,
      "gradle": 0,
      "txt": 8
    },
    "GanapathySanathBalaji": {
      "java": 1562,
      "md": 1,
      "fxml": 0,
      "sh": 0,
      "bat": 0,
      "gradle": 0,
      "txt": 39
    },
    "hongquan448": {
      "java": 6,
      "md": 1,
      "fxml": 0,
      "sh": 0,
      "bat": 0,
      "gradle": 0,
      "txt": 0
    }
  },
  "authorContributionVariance": {
    "terrytay": 64103.53,
    "NizarMohd": 143097.11,
    "GanapathySanathBalaji": 188357.11,
    "hongquan448": 8799.673
  },
  "authorDisplayNameMap": {
    "terrytay": "CS2113T-T12-3 TERR..KIAT",
    "NizarMohd": "CS2113T-T12-3 MOHA..ED H",
    "GanapathySanathBalaji": "CS2113T-T12-3 GANA..LAJI",
    "hongquan448": "CS2113T-T12-3 JIAN..QUAN"
  }
}
