{
  "authorDailyContributionsMap": {
    "terrytay": [
      {
        "insertions": 1,
        "deletions": 1,
        "date": "2020-03-03",
        "commitResults": [
          {
            "hash": "e3cd3da02805dd201389b841e6a5980f97ebcec2",
            "messageTitle": "teryTay-AboutUs",
            "messageBody": "",
            "insertions": 1,
            "deletions": 1
          }
        ]
      },
      {
        "insertions": 109,
        "deletions": 41,
        "date": "2020-03-05",
        "commitResults": [
          {
            "hash": "f58886dbaa3db1269acd8a481a88bca6eb763cf1",
            "messageTitle": "remove duke class",
            "messageBody": "",
            "insertions": 0,
            "deletions": 21
          },
          {
            "hash": "54e56dc7f6ea57737faf455bc35d6f93051a2919",
            "messageTitle": "deleted duketest class",
            "messageBody": "",
            "insertions": 0,
            "deletions": 12
          },
          {
            "hash": "0adb05820905598fa4db55bfd71ba6fbcd3d2091",
            "messageTitle": "Add Location class and LocationTest",
            "messageBody": "",
            "insertions": 7,
            "deletions": 0
          },
          {
            "hash": "0d887eed68d4ac828bd0afabb15c548cffbdfccf",
            "messageTitle": "Add Location class and LocationTest",
            "messageBody": "",
            "insertions": 73,
            "deletions": 0
          },
          {
            "hash": "8c22b2630523490126a7d1ba35ff6021754a0bae",
            "messageTitle": "Add javadoc to Location and LocationTest",
            "messageBody": "",
            "insertions": 29,
            "deletions": 8
          }
        ]
      },
      {
        "insertions": 192,
        "deletions": 9,
        "date": "2020-03-06",
        "commitResults": [
          {
            "hash": "238680a90a6bea64a9058b9a62430e6cef352cd2",
            "messageTitle": "Add back seedu",
            "messageBody": "",
            "insertions": 33,
            "deletions": 0
          },
          {
            "hash": "3e1d1e387404c9b331f2a4e8fd6bbae11c4531a5",
            "messageTitle": "Add resourceloader without javadoc yet",
            "messageBody": "",
            "insertions": 13,
            "deletions": 0
          },
          {
            "hash": "4f0bce39fecef4a794f9212d352fdecf10a95bad",
            "messageTitle": "Javadoc not added for resourceloader yet",
            "messageBody": "",
            "insertions": 52,
            "deletions": 4
          },
          {
            "hash": "c0f2412e0791bfac1c1e543fc40bff37fb53f67a",
            "messageTitle": "Link up LocationLoader, Location, StudyArea Class",
            "messageBody": "",
            "insertions": 94,
            "deletions": 5
          }
        ]
      },
      {
        "insertions": 4,
        "deletions": 2,
        "date": "2020-03-07",
        "commitResults": [
          {
            "hash": "03f01d524203782fd3f2ba3797dc02bd61cce943",
            "messageTitle": "Update EventList.java",
            "messageBody": "under addEvent, I have modifed the sequence of execution to display the added msg after the event has indeed been added.",
            "insertions": 2,
            "deletions": 1
          },
          {
            "hash": "2bb4e6998e5d3f3f6fb64876e7a385314f8dc844",
            "messageTitle": "Create eventList.txt",
            "messageBody": "",
            "insertions": 1,
            "deletions": 0
          },
          {
            "hash": "78a5fd68e2aac9e0a0b9203451ca89ff37929457",
            "messageTitle": "Delete EventList.txt",
            "messageBody": "",
            "insertions": 0,
            "deletions": 0
          },
          {
            "hash": "6ffc3d623909794e4b54ca908745224123ec3e6e",
            "messageTitle": "Update Duke.java",
            "messageBody": "",
            "insertions": 1,
            "deletions": 1
          }
        ]
      },
      {
        "insertions": 278,
        "deletions": 318,
        "date": "2020-03-08",
        "commitResults": [
          {
            "hash": "874c983a2738c9346cb89858d89db61b7e5751d0",
            "messageTitle": "Merge Event, StudyArea",
            "messageBody": "",
            "insertions": 278,
            "deletions": 318
          }
        ]
      },
      {
        "insertions": 210,
        "deletions": 466,
        "date": "2020-03-10",
        "commitResults": [
          {
            "hash": "3b6083b5ad30530cdb9850b7d77f13d733e0f6ae",
            "messageTitle": "Revert \"Refactor Ui IO stream, Change Logo, Add credits.\"",
            "messageBody": "",
            "insertions": 153,
            "deletions": 250
          },
          {
            "hash": "40000b9562645cc8ce4164a57ec89c132980705c",
            "messageTitle": "Revert \"Branch study area\"",
            "messageBody": "",
            "insertions": 57,
            "deletions": 216
          }
        ]
      },
      {
        "insertions": 500,
        "deletions": 148,
        "date": "2020-03-11",
        "commitResults": [
          {
            "hash": "a7bfb7b7ed1520c9946fa82a2b431469444beb41",
            "messageTitle": "Create Command and Parser Class (#46)",
            "messageBody": "* Refactor code to separate parser and command classes\r\n\r\n* Add help command support to EventList\r\n\r\n* Rectify issues\r\n\r\n* Rectify issue with text-ui-test\r\n\r\n* Rectify issue with runtest.sh\r\n\r\n* Remove Driver.java\r\n\r\nCo-authored-by: GanapathySanathBalaji \u003ce0311091@u.nus.edu\u003e",
            "insertions": 500,
            "deletions": 148
          }
        ]
      },
      {
        "insertions": 173,
        "deletions": 48,
        "date": "2020-03-12",
        "commitResults": [
          {
            "hash": "6f93c47ef689aae64add82e3851ee94e69b2707c",
            "messageTitle": "parser remove ui",
            "messageBody": "",
            "insertions": 1,
            "deletions": 3
          },
          {
            "hash": "fea44f7e8112aba3d908e25a91adecdd7ca82e16",
            "messageTitle": "Remove ui dependency in parsertest",
            "messageBody": "",
            "insertions": 11,
            "deletions": 13
          },
          {
            "hash": "cffa69b72b485c22618db01792f5381aaf0b4008",
            "messageTitle": "Fix test output mismatches",
            "messageBody": "",
            "insertions": 12,
            "deletions": 10
          },
          {
            "hash": "c6d678084f9e7162eef01f75b205547be7a1ba0b",
            "messageTitle": "Optimise imports in EventListTest.java",
            "messageBody": "",
            "insertions": 2,
            "deletions": 1
          },
          {
            "hash": "3f98c7b44c3336169057d63ec71526848f3d8049",
            "messageTitle": "Initial custom exceptions set up",
            "messageBody": "",
            "insertions": 30,
            "deletions": 3
          },
          {
            "hash": "12a64a5df96de5373b19cced84c76ff13c951c12",
            "messageTitle": "Completed custom exceptions for event commands",
            "messageBody": "",
            "insertions": 72,
            "deletions": 12
          },
          {
            "hash": "68f9b13a92bcf2989705244673048cb4264242e0",
            "messageTitle": "Fix tests fail",
            "messageBody": "",
            "insertions": 2,
            "deletions": 2
          },
          {
            "hash": "8ad9c7be6a7c162b0c4781d8c3ac1b953a76f9a0",
            "messageTitle": "Add tests for StudyAreaList",
            "messageBody": "",
            "insertions": 5,
            "deletions": 0
          },
          {
            "hash": "e0e908a53fb819687983f3efc6d7381b0e0b694b",
            "messageTitle": "Fix error",
            "messageBody": "",
            "insertions": 38,
            "deletions": 4
          }
        ]
      },
      {
        "insertions": 153,
        "deletions": 3,
        "date": "2020-03-15",
        "commitResults": [
          {
            "hash": "6937490f88356ba64dbc0c519b2b025355777b96",
            "messageTitle": "Add experimental booking system",
            "messageBody": "",
            "insertions": 147,
            "deletions": 0
          },
          {
            "hash": "5226c19e563fe6c578990674d4f50def5d53576a",
            "messageTitle": "Add assert, logger",
            "messageBody": "",
            "insertions": 6,
            "deletions": 3
          }
        ]
      },
      {
        "insertions": 34,
        "deletions": 2,
        "date": "2020-03-16",
        "commitResults": [
          {
            "hash": "31bd20d0789926f0492f2525e231b75755217bfc",
            "messageTitle": "Add logging and assertion to booking system",
            "messageBody": "",
            "insertions": 34,
            "deletions": 2
          }
        ]
      },
      {
        "insertions": 189,
        "deletions": 20,
        "date": "2020-03-23",
        "commitResults": [
          {
            "hash": "b5d483c97f26d211eeb974e4b9198d59860adabe",
            "messageTitle": "Skeleton code of notes taking component",
            "messageBody": "",
            "insertions": 161,
            "deletions": 0
          },
          {
            "hash": "1ee685beb4d3b33dfa22cb2060b3eb6ad0b78bb8",
            "messageTitle": "Update javadoc",
            "messageBody": "",
            "insertions": 28,
            "deletions": 20
          }
        ]
      },
      {
        "insertions": 479,
        "deletions": 137,
        "date": "2020-03-25",
        "commitResults": [
          {
            "hash": "0c49cdc6fca8801bb71cb8a143d4d925184f4687",
            "messageTitle": "Naive method to notes taking based on modules",
            "messageBody": "",
            "insertions": 265,
            "deletions": 49
          },
          {
            "hash": "2b3add1af4ae31c5e1c24ca40e5f1a1df88cd285",
            "messageTitle": "Done with redo and undo",
            "messageBody": "",
            "insertions": 184,
            "deletions": 85
          },
          {
            "hash": "d4e2297c4fad45dab67f7b451402530921127a84",
            "messageTitle": "Fix javadoc and misc",
            "messageBody": "",
            "insertions": 30,
            "deletions": 3
          }
        ]
      },
      {
        "insertions": 67,
        "deletions": 5,
        "date": "2020-03-28",
        "commitResults": [
          {
            "hash": "4e1ecc71953819d434e082cc7409e5d041ad7fde",
            "messageTitle": "Add Notes to Main",
            "messageBody": "",
            "insertions": 38,
            "deletions": 5
          },
          {
            "hash": "ad8a0eca90a6b1dbb0aa9a6259c4426809e50285",
            "messageTitle": "Update expected.txt",
            "messageBody": "",
            "insertions": 29,
            "deletions": 0
          }
        ]
      }
    ],
    "NizarMohd": [
      {
        "insertions": 18,
        "deletions": 21,
        "date": "2020-03-03",
        "commitResults": [
          {
            "hash": "0290abf0752e9695238d7bc418e1b698e077bfe8",
            "messageTitle": "Change to NizarMohd.md",
            "messageBody": "",
            "insertions": 6,
            "deletions": 10
          },
          {
            "hash": "a2e922adee5b5755a21e5d61eab84ca2b925ecf1",
            "messageTitle": "Revert \"Change to NizarMohd.md\"",
            "messageBody": "This reverts commit 0290abf0752e9695238d7bc418e1b698e077bfe8.\n",
            "insertions": 10,
            "deletions": 6
          },
          {
            "hash": "1507bfeb277fc99780df56faf2a10a4d600f6af2",
            "messageTitle": "Change AboutUs",
            "messageBody": "",
            "insertions": 2,
            "deletions": 5
          }
        ]
      },
      {
        "insertions": 558,
        "deletions": 172,
        "date": "2020-03-08",
        "commitResults": [
          {
            "hash": "39fded61018f1307e1e5cdc5df72077268b7f1bf",
            "messageTitle": "Implement Study Area V1.0",
            "messageBody": "",
            "insertions": 491,
            "deletions": 140
          },
          {
            "hash": "5c8af2cf81811e41068d2c6ea5d404c696ed151e",
            "messageTitle": "Implement Study Area Version 1.0",
            "messageBody": "",
            "insertions": 9,
            "deletions": 9
          },
          {
            "hash": "90b8d5b17c3c4ea47c0174e8b51126bb7fd55c50",
            "messageTitle": "Change Logo and edit Javadoc",
            "messageBody": "",
            "insertions": 58,
            "deletions": 23
          }
        ]
      },
      {
        "insertions": 257,
        "deletions": 139,
        "date": "2020-03-09",
        "commitResults": [
          {
            "hash": "4fb1d7b6865625dab8e25858f99766a9ef2cf495",
            "messageTitle": "add exception",
            "messageBody": "",
            "insertions": 4,
            "deletions": 1
          },
          {
            "hash": "cd3a377d912b13cc86d3f858aa3e4a2a5c676ed3",
            "messageTitle": "Refactor IO stream and Change Logo",
            "messageBody": "",
            "insertions": 253,
            "deletions": 138
          }
        ]
      },
      {
        "insertions": 874,
        "deletions": 457,
        "date": "2020-03-10",
        "commitResults": [
          {
            "hash": "994e6c0b1477d82e87854e62b99041b4189bfae0",
            "messageTitle": "Edit Javadoc, Add credits, add exception handling",
            "messageBody": "",
            "insertions": 203,
            "deletions": 86
          },
          {
            "hash": "232d04764bcd63fe95561fa325077ace227107d8",
            "messageTitle": "Add Deadline with #35.",
            "messageBody": "",
            "insertions": 207,
            "deletions": 105
          },
          {
            "hash": "3136f48765a2b79c0080ea1ad82fe3f8dd4df82c",
            "messageTitle": "Pull from Upstream and Add changes",
            "messageBody": "",
            "insertions": 0,
            "deletions": 43
          },
          {
            "hash": "5a1296500b6f0d2018015daab6ff4434db91b7f2",
            "messageTitle": "pull from upstream and add changes",
            "messageBody": "",
            "insertions": 464,
            "deletions": 223
          }
        ]
      },
      {
        "insertions": 203,
        "deletions": 135,
        "date": "2020-03-11",
        "commitResults": [
          {
            "hash": "cb5f1070335fb210fdfedc1eabf7881a0e11fca8",
            "messageTitle": "Pull from Upstream and Add changes.",
            "messageBody": "",
            "insertions": 191,
            "deletions": 114
          },
          {
            "hash": "7e84f0c229023b28a6f40823d2bf616c81256ca3",
            "messageTitle": "rectified changes to pass windows test",
            "messageBody": "",
            "insertions": 11,
            "deletions": 20
          },
          {
            "hash": "d741eb287fe362391664d0ed6a29ec5aa4efd165",
            "messageTitle": "Rectify StudyAreaLoader to pass gradle",
            "messageBody": "",
            "insertions": 1,
            "deletions": 1
          }
        ]
      },
      {
        "insertions": 670,
        "deletions": 516,
        "date": "2020-03-14",
        "commitResults": [
          {
            "hash": "f5a180db9296ec12f3e113e4361ebd589ced2b34",
            "messageTitle": "add Dictionary",
            "messageBody": "",
            "insertions": 86,
            "deletions": 8
          },
          {
            "hash": "36c0a4d9a6f77c625e85e35d45bc60975d172806",
            "messageTitle": "add changes due to dictionary",
            "messageBody": "",
            "insertions": 143,
            "deletions": 141
          },
          {
            "hash": "cab3c2f9aa5f63c828b04ff025d33ebd5b3fcfb6",
            "messageTitle": "Edit Javadoc Comments",
            "messageBody": "",
            "insertions": 85,
            "deletions": 79
          },
          {
            "hash": "ca2967b2ea39eb6b0943cd971959afcb72ca7b33",
            "messageTitle": "Recitfy runtest check",
            "messageBody": "",
            "insertions": 0,
            "deletions": 0
          },
          {
            "hash": "d5926c911bd34edcdb40dd78c3977c693b21739f",
            "messageTitle": "edit file path",
            "messageBody": "",
            "insertions": 1,
            "deletions": 1
          },
          {
            "hash": "135181ceb8d0d64c18a78501a8099485981fc9ac",
            "messageTitle": "Update text ui, remove EventLoader",
            "messageBody": "",
            "insertions": 0,
            "deletions": 117
          },
          {
            "hash": "f4592415e05fa0252a2e7d708745369f8e40867b",
            "messageTitle": "Add Back Up Data, refactor changes and add exceptions",
            "messageBody": "",
            "insertions": 355,
            "deletions": 170
          }
        ]
      },
      {
        "insertions": 258,
        "deletions": 226,
        "date": "2020-03-15",
        "commitResults": [
          {
            "hash": "e1692e5eb418b2d6ce2be5e763b9ee4fb55d2c6a",
            "messageTitle": "transfer Logo to Constants file",
            "messageBody": "",
            "insertions": 32,
            "deletions": 59
          },
          {
            "hash": "c93eb716add4f25c82e8b4d0f02f408769ae8af7",
            "messageTitle": "Integrate Sanath\u0027s Changes with Nizar\u0027s",
            "messageBody": "",
            "insertions": 98,
            "deletions": 64
          },
          {
            "hash": "dd66b05fbacae24a21f7eac2ef6c574c716c133a",
            "messageTitle": "edit code to pass checkstyle",
            "messageBody": "",
            "insertions": 59,
            "deletions": 30
          },
          {
            "hash": "be185b76422cc5d3f63ba169596f1ea8527802f7",
            "messageTitle": "rectify changes",
            "messageBody": "",
            "insertions": 12,
            "deletions": 32
          },
          {
            "hash": "3d7d63855fd5dc6914a6d4819729f193458254ac",
            "messageTitle": "rectify changes",
            "messageBody": "",
            "insertions": 32,
            "deletions": 2
          },
          {
            "hash": "cc7d2d32ce2dd0ec6dd3c030be5831c75f7f4abf",
            "messageTitle": "rectify changes",
            "messageBody": "",
            "insertions": 1,
            "deletions": 1
          },
          {
            "hash": "7ef5f3a2673076c24ce19ebc5e6706c89a03eb90",
            "messageTitle": "ensure study area data files are read only",
            "messageBody": "",
            "insertions": 24,
            "deletions": 38
          }
        ]
      },
      {
        "insertions": 42,
        "deletions": 77,
        "date": "2020-03-16",
        "commitResults": [
          {
            "hash": "486f24c2ebf36056260b7d0cbebfa2204050cc5a",
            "messageTitle": "edit javadoc and run check style",
            "messageBody": "",
            "insertions": 2,
            "deletions": 1
          },
          {
            "hash": "d10338a0396bf023cc9dbb9fd25f5de36b6ee5b7",
            "messageTitle": "rectify bug",
            "messageBody": "",
            "insertions": 21,
            "deletions": 20
          },
          {
            "hash": "854e04c8bfeda76a6685056781a96df05870df1a",
            "messageTitle": "run checkstyle",
            "messageBody": "",
            "insertions": 18,
            "deletions": 18
          },
          {
            "hash": "96a1326e8eb98e2bdb75b7750c6d0ad62c42de04",
            "messageTitle": "rectify changes",
            "messageBody": "",
            "insertions": 1,
            "deletions": 38
          }
        ]
      },
      {
        "insertions": 258,
        "deletions": 121,
        "date": "2020-03-22",
        "commitResults": [
          {
            "hash": "dfa66a370b5d11691b7265a83f5a87f92e6457e8",
            "messageTitle": "add SLAP and add DG md file",
            "messageBody": "",
            "insertions": 39,
            "deletions": 50
          },
          {
            "hash": "23c0574d926322bf8b24dd3984d3d7668c4d743d",
            "messageTitle": "Refactor IllegalStudyAreaException into exception package",
            "messageBody": "",
            "insertions": 8,
            "deletions": 8
          },
          {
            "hash": "4bd743ee228845d33acbf8bb0045c95458c7f5b3",
            "messageTitle": "add data for developer guide",
            "messageBody": "",
            "insertions": 138,
            "deletions": 24
          },
          {
            "hash": "047d2d5ce713fa437f5c08c3892e852a776d297b",
            "messageTitle": "add images to DG",
            "messageBody": "",
            "insertions": 5,
            "deletions": 3
          },
          {
            "hash": "6adaaa619ee98f33fa1b79bf5767b249ad94ebbf",
            "messageTitle": "add SD and undo changes to Study Area related files",
            "messageBody": "",
            "insertions": 27,
            "deletions": 26
          },
          {
            "hash": "bf68721ba59dfe9fe9d39d49325c9a562bbf84d8",
            "messageTitle": "edit DG",
            "messageBody": "",
            "insertions": 39,
            "deletions": 8
          },
          {
            "hash": "27d0e5f0df4156602bec6db9f40595d25636d50b",
            "messageTitle": "edit to pass checkstyle",
            "messageBody": "",
            "insertions": 1,
            "deletions": 1
          },
          {
            "hash": "e072ce26c888c6643012a389635213918885667f",
            "messageTitle": "edit link for picture",
            "messageBody": "",
            "insertions": 1,
            "deletions": 1
          }
        ]
      },
      {
        "insertions": 145,
        "deletions": 130,
        "date": "2020-03-23",
        "commitResults": [
          {
            "hash": "09638628e2bdd72db1e89e514b105ec665122144",
            "messageTitle": "add authorship and tests",
            "messageBody": "",
            "insertions": 75,
            "deletions": 33
          },
          {
            "hash": "7dfdfdb5de8f71f827d75f111cee3ff44ffa96ff",
            "messageTitle": "edit authorship, add SLAP, edit text ui",
            "messageBody": "",
            "insertions": 52,
            "deletions": 80
          },
          {
            "hash": "b4806a57711a38f3ebe47841b20407b6ecb508c2",
            "messageTitle": "edit to pass checkstyle",
            "messageBody": "",
            "insertions": 18,
            "deletions": 17
          }
        ]
      },
      {
        "insertions": 602,
        "deletions": 120,
        "date": "2020-03-24",
        "commitResults": [
          {
            "hash": "280caea3e3e1b4a0df4e3bdf6c41c57ce0d963f4",
            "messageTitle": "update DG and UG",
            "messageBody": "",
            "insertions": 461,
            "deletions": 23
          },
          {
            "hash": "10c5b68a096be588d83220804de1f440655ae92a",
            "messageTitle": "implement issue #109",
            "messageBody": "",
            "insertions": 141,
            "deletions": 97
          }
        ]
      },
      {
        "insertions": 35,
        "deletions": 116,
        "date": "2020-03-25",
        "commitResults": [
          {
            "hash": "9bb118b127b84f21d0580d162d4a3cc7f801d4ba",
            "messageTitle": "add changes",
            "messageBody": "",
            "insertions": 15,
            "deletions": 104
          },
          {
            "hash": "c457654a30a4b6bcdf9b2cccba0455e2f4108297",
            "messageTitle": "add changes to pass checkstyle",
            "messageBody": "",
            "insertions": 20,
            "deletions": 12
          }
        ]
      },
      {
        "insertions": 456,
        "deletions": 425,
        "date": "2020-03-26",
        "commitResults": [
          {
            "hash": "533f38b065c99d65314cbb3a5173326e3e929b7a",
            "messageTitle": "edit DG based on review",
            "messageBody": "",
            "insertions": 88,
            "deletions": 35
          },
          {
            "hash": "7ade8236adc2351049e52294595b2701caccac47",
            "messageTitle": "update DG",
            "messageBody": "",
            "insertions": 28,
            "deletions": 16
          },
          {
            "hash": "5c6a7620d26620585df9d2dcf9a3b0815aa859e2",
            "messageTitle": "update DG",
            "messageBody": "",
            "insertions": 26,
            "deletions": 23
          },
          {
            "hash": "ac3da216efdf93bbdac277d101ec5aaf8b711125",
            "messageTitle": "edit DG",
            "messageBody": "",
            "insertions": 0,
            "deletions": 1
          },
          {
            "hash": "934f973638dd663bfc7e68dff2e755ad96fa83d1",
            "messageTitle": "remove booking system",
            "messageBody": "",
            "insertions": 0,
            "deletions": 155
          },
          {
            "hash": "e2fdbcf4eb59966b15ce38d948ee4639310b36fe",
            "messageTitle": "Refactor studyAreacommand",
            "messageBody": "",
            "insertions": 117,
            "deletions": 0
          },
          {
            "hash": "e1407a6a069fd1b720499ba00870ad412e8a7852",
            "messageTitle": "refactor studyareacommand",
            "messageBody": "",
            "insertions": 1,
            "deletions": 0
          },
          {
            "hash": "50746cba5e7769345f8da4fc839a685b6d9add67",
            "messageTitle": "edit authorship",
            "messageBody": "",
            "insertions": 103,
            "deletions": 102
          },
          {
            "hash": "40dae44eaec5c0e2f42239d2b94b470bc75c70c7",
            "messageTitle": "edit authorship",
            "messageBody": "",
            "insertions": 93,
            "deletions": 93
          }
        ]
      },
      {
        "insertions": 356,
        "deletions": 174,
        "date": "2020-03-28",
        "commitResults": [
          {
            "hash": "5c4dfea0331e9510b0b093094453c3cc0c57a477",
            "messageTitle": "refactor commands with index and add done command",
            "messageBody": "",
            "insertions": 189,
            "deletions": 34
          },
          {
            "hash": "d9335e372d3b7ee58597f07ecc50cbf9fcf8c9b5",
            "messageTitle": "add changes",
            "messageBody": "",
            "insertions": 32,
            "deletions": 55
          },
          {
            "hash": "a300261e4d9521c64dcaf2568e1137ae7634228a",
            "messageTitle": "add changes",
            "messageBody": "",
            "insertions": 71,
            "deletions": 28
          },
          {
            "hash": "e53bca7d47be2a947b7a0d3693dbac09b3847cb1",
            "messageTitle": "add authorship and add pseudo availability",
            "messageBody": "",
            "insertions": 26,
            "deletions": 4
          },
          {
            "hash": "4920354f75a3d68f97216e78c5dec3e1374b0d2b",
            "messageTitle": "edit exceptions to pass test",
            "messageBody": "",
            "insertions": 3,
            "deletions": 6
          },
          {
            "hash": "87a47295347120617ee3b300ca41686d2e8f9580",
            "messageTitle": "add authorship",
            "messageBody": "",
            "insertions": 1,
            "deletions": 0
          },
          {
            "hash": "e8afad8da3079e30d8a21af2d8a900043a177df8",
            "messageTitle": "add authorship",
            "messageBody": "",
            "insertions": 4,
            "deletions": 2
          },
          {
            "hash": "aa84a702fdaf4491f14061f1bab91961d4f8942f",
            "messageTitle": "edit changes",
            "messageBody": "",
            "insertions": 30,
            "deletions": 16
          },
          {
            "hash": "a0e0e5d42a87b1a4ded50394bb2eb2bfe6bc6d48",
            "messageTitle": "delete data files",
            "messageBody": "",
            "insertions": 0,
            "deletions": 29
          }
        ]
      },
      {
        "insertions": 296,
        "deletions": 142,
        "date": "2020-03-29",
        "commitResults": [
          {
            "hash": "4e0d743d615940f334e5208f959bdcd9c733b927",
            "messageTitle": "add changes",
            "messageBody": "",
            "insertions": 121,
            "deletions": 45
          },
          {
            "hash": "3631f87be36f88108421a8a40ac407de5a10d3ce",
            "messageTitle": "add changes",
            "messageBody": "",
            "insertions": 3,
            "deletions": 8
          },
          {
            "hash": "668135a3e04597a8a053b7441010341dd231fe28",
            "messageTitle": "add changes",
            "messageBody": "",
            "insertions": 54,
            "deletions": 55
          },
          {
            "hash": "92195150f052cdde9a4dfe0266318745cf32235f",
            "messageTitle": "add changes to DG",
            "messageBody": "",
            "insertions": 49,
            "deletions": 9
          },
          {
            "hash": "e29e5adb146b5cd3875d0df03c05737f5b0b8a49",
            "messageTitle": "edit DGUG and refactor diagrams",
            "messageBody": "",
            "insertions": 15,
            "deletions": 5
          },
          {
            "hash": "db248bdd4319ca1d7e18d5e4b856a73e59222261",
            "messageTitle": "edit UG",
            "messageBody": "",
            "insertions": 50,
            "deletions": 11
          },
          {
            "hash": "74d41cbaf09ad50d1d47c46a85eac204961e31d0",
            "messageTitle": "edit to pass checkstyle",
            "messageBody": "",
            "insertions": 3,
            "deletions": 2
          },
          {
            "hash": "5e8d724b4dc34cd429de3ec871421cc741d3414f",
            "messageTitle": "remove duplicate diagrams",
            "messageBody": "",
            "insertions": 1,
            "deletions": 7
          }
        ]
      }
    ],
    "GanapathySanathBalaji": [
      {
        "insertions": 1,
        "deletions": 1,
        "date": "2020-03-03",
        "commitResults": [
          {
            "hash": "6c61e6130f162f519bcb74fca6aa161bf2f912ee",
            "messageTitle": "Add personal data",
            "messageBody": "",
            "insertions": 1,
            "deletions": 1
          }
        ]
      },
      {
        "insertions": 322,
        "deletions": 4,
        "date": "2020-03-06",
        "commitResults": [
          {
            "hash": "7bf0ef63cb407279a0e00eabaf46a475398526b9",
            "messageTitle": "Add Event.java, Ui.java and EventList.java",
            "messageBody": "",
            "insertions": 254,
            "deletions": 0
          },
          {
            "hash": "c17da9d6c0e7f41fa145dcd6c8a08f4bddc151cd",
            "messageTitle": "Edit Duke.java to support new commands.",
            "messageBody": "",
            "insertions": 68,
            "deletions": 4
          }
        ]
      },
      {
        "insertions": 345,
        "deletions": 34,
        "date": "2020-03-07",
        "commitResults": [
          {
            "hash": "ceb26d23f02545f83ba3b95e1526a4100f9e2725",
            "messageTitle": "Add support to load and save events",
            "messageBody": "",
            "insertions": 107,
            "deletions": 16
          },
          {
            "hash": "185f85117c945f658ed1a9f758470b0255ad6bec",
            "messageTitle": "Add new function in \"Ui\" Class",
            "messageBody": "",
            "insertions": 3,
            "deletions": 0
          },
          {
            "hash": "4aa99d7f47492406cd87d261848fc283b02f3843",
            "messageTitle": "Add javadoc comments",
            "messageBody": "",
            "insertions": 34,
            "deletions": 2
          },
          {
            "hash": "f6f689ca32cd2535b727595310df8f3633a777fe",
            "messageTitle": "Add JUnit Test for Event Class",
            "messageBody": "",
            "insertions": 198,
            "deletions": 14
          },
          {
            "hash": "08ed775aa8dae8495c4f315290a61754677d0818",
            "messageTitle": "Tweak code to follow coding standard",
            "messageBody": "",
            "insertions": 3,
            "deletions": 2
          }
        ]
      },
      {
        "insertions": 473,
        "deletions": 150,
        "date": "2020-03-10",
        "commitResults": [
          {
            "hash": "64f28692ce5d8d0dca51b424cce4b50169ea837e",
            "messageTitle": "Refactor code to separate parser and command classes",
            "messageBody": "",
            "insertions": 395,
            "deletions": 94
          },
          {
            "hash": "b1e1943f9ea0ec244924a203781fd779f83f0065",
            "messageTitle": "Add help command support to EventList",
            "messageBody": "",
            "insertions": 30,
            "deletions": 0
          },
          {
            "hash": "0cd81ad4a09ce5fbf7c218d17509bb7ffa3dd250",
            "messageTitle": "Rectify issues",
            "messageBody": "",
            "insertions": 29,
            "deletions": 9
          },
          {
            "hash": "aa4f70e79e995530aba339b6cdff7e50a88b0839",
            "messageTitle": "Rectify issue with text-ui-test",
            "messageBody": "",
            "insertions": 19,
            "deletions": 47
          }
        ]
      },
      {
        "insertions": 229,
        "deletions": 74,
        "date": "2020-03-11",
        "commitResults": [
          {
            "hash": "174a07bc5fffa2b640ae254d79103c0e9e3483ed",
            "messageTitle": "Rectify issue with runtest.sh",
            "messageBody": "",
            "insertions": 11,
            "deletions": 5
          },
          {
            "hash": "64d934b6dd6d3510f6a4615677c9730be9a27bc4",
            "messageTitle": "Remove Driver.java",
            "messageBody": "",
            "insertions": 0,
            "deletions": 50
          },
          {
            "hash": "3abbc8fc12fb329720231c6ae08ae67fc560dc62",
            "messageTitle": "Add JUnit Test for the EventList and Parser Class",
            "messageBody": "",
            "insertions": 211,
            "deletions": 15
          },
          {
            "hash": "886b1427a7fb994fdef6f79c015db80176ea9a16",
            "messageTitle": "Rectify issue with coding style",
            "messageBody": "",
            "insertions": 6,
            "deletions": 4
          },
          {
            "hash": "eea9ab32383c71f8bf5dec94431ff8d5d868fbc1",
            "messageTitle": "Add javadoc comment",
            "messageBody": "",
            "insertions": 1,
            "deletions": 0
          }
        ]
      },
      {
        "insertions": 1,
        "deletions": 3,
        "date": "2020-03-12",
        "commitResults": [
          {
            "hash": "77182373dba599dd1d3f0fe7f3615e0e121910cf",
            "messageTitle": "Modify javadoc comments",
            "messageBody": "",
            "insertions": 1,
            "deletions": 1
          },
          {
            "hash": "73730d85b18e79c79ae45227c5d1f5e73a9221f4",
            "messageTitle": "Remove empty lines",
            "messageBody": "",
            "insertions": 0,
            "deletions": 2
          }
        ]
      },
      {
        "insertions": 598,
        "deletions": 604,
        "date": "2020-03-13",
        "commitResults": [
          {
            "hash": "e5f1822a25842a9b9ba25d1efdc457eb6ed30d44",
            "messageTitle": "Add Task Class and support for Deadlines",
            "messageBody": "",
            "insertions": 595,
            "deletions": 599
          },
          {
            "hash": "95c958468a8393c1458396a9bde51a1599943bc4",
            "messageTitle": "Clear data file",
            "messageBody": "",
            "insertions": 0,
            "deletions": 2
          },
          {
            "hash": "37636972cc12ee714d2ee8ecd5b132e900c4e20a",
            "messageTitle": "Rename EventCommand to TaskCommand",
            "messageBody": "",
            "insertions": 3,
            "deletions": 3
          }
        ]
      },
      {
        "insertions": 1314,
        "deletions": 505,
        "date": "2020-03-14",
        "commitResults": [
          {
            "hash": "d8c60fd0459a39cd38193b5dc852171a0c44a058",
            "messageTitle": "Add support to edit tasks",
            "messageBody": "",
            "insertions": 676,
            "deletions": 339
          },
          {
            "hash": "feed18cb2d1394e999b7af57d76bf202a15efd2e",
            "messageTitle": "Refactor code",
            "messageBody": "",
            "insertions": 83,
            "deletions": 52
          },
          {
            "hash": "15dcad2364e8ec861b625d2461c87577bd79a5f2",
            "messageTitle": "Add support to show number of days left during countdown command",
            "messageBody": "",
            "insertions": 72,
            "deletions": 20
          },
          {
            "hash": "26b7fd39b9f9ab406a220896d468aead2cd082e6",
            "messageTitle": "Update JUnit tests",
            "messageBody": "",
            "insertions": 3,
            "deletions": 3
          },
          {
            "hash": "972819b92ae8184808495ce59f944a5cf4e77fbb",
            "messageTitle": "Refactor code",
            "messageBody": "",
            "insertions": 41,
            "deletions": 9
          },
          {
            "hash": "a2659010fb9e9071322c8762f04f2b665bc02f58",
            "messageTitle": "Enable assertions",
            "messageBody": "",
            "insertions": 2,
            "deletions": 1
          },
          {
            "hash": "64e3337ecb5b17ccfb31f6fa03c9d1dfa4477525",
            "messageTitle": "Abstract out exceptions thrown as seperate exception classes",
            "messageBody": "",
            "insertions": 251,
            "deletions": 34
          },
          {
            "hash": "7b6f7aea07db652fe2d21adb82a0c071647607ef",
            "messageTitle": "Refactor code",
            "messageBody": "",
            "insertions": 23,
            "deletions": 8
          },
          {
            "hash": "d75f262ab7624395965c80bef337f4a95f66c634",
            "messageTitle": "Refactor more code",
            "messageBody": "",
            "insertions": 138,
            "deletions": 35
          },
          {
            "hash": "95ed33398771c5812abeea142ab6ceff2f569911",
            "messageTitle": "Add new exception class for help command",
            "messageBody": "",
            "insertions": 11,
            "deletions": 1
          },
          {
            "hash": "9e9e59f177bf36f461e2467b0fa45e21daa6cc36",
            "messageTitle": "Refactor code",
            "messageBody": "",
            "insertions": 14,
            "deletions": 3
          }
        ]
      },
      {
        "insertions": 274,
        "deletions": 77,
        "date": "2020-03-15",
        "commitResults": [
          {
            "hash": "456a5cd8a1afaae5172a0fa05e022916a0db66c6",
            "messageTitle": "Add JavaDoc Comments",
            "messageBody": "",
            "insertions": 28,
            "deletions": 2
          },
          {
            "hash": "6ef86db34c00b10857955947f874dc509bcc00a3",
            "messageTitle": "Change text-ui-test files",
            "messageBody": "",
            "insertions": 0,
            "deletions": 2
          },
          {
            "hash": "614300b755f88b71a4f434d92909323acef397f2",
            "messageTitle": "Add logging for Duke class",
            "messageBody": "",
            "insertions": 43,
            "deletions": 0
          },
          {
            "hash": "a615f45261be3973acce90af245e21ff844202ca",
            "messageTitle": "Rectify issue",
            "messageBody": "",
            "insertions": 1,
            "deletions": 1
          },
          {
            "hash": "8715abe9a056c7459b2665366428ef16a0277b85",
            "messageTitle": "Add Logging for Event Class",
            "messageBody": "",
            "insertions": 32,
            "deletions": 0
          },
          {
            "hash": "f92a429137b1748dca3f50cc0f46e3ec8b286e98",
            "messageTitle": "Add Logging for Deadline Class",
            "messageBody": "",
            "insertions": 26,
            "deletions": 1
          },
          {
            "hash": "af18a1a0ce9030d35e748a6b66adc8f6c87aa1f5",
            "messageTitle": "Refactor code",
            "messageBody": "",
            "insertions": 1,
            "deletions": 1
          },
          {
            "hash": "31ddb97f5986daa423a585c66c2869939ab0d64e",
            "messageTitle": "Update text-ui-test files",
            "messageBody": "",
            "insertions": 5,
            "deletions": 1
          },
          {
            "hash": "a5a723a8bd9b581abb7ac1206045b1a26ec1fcea",
            "messageTitle": "Replace \u0027\\n\u0027 with System.lineSeparator()",
            "messageBody": "",
            "insertions": 46,
            "deletions": 42
          },
          {
            "hash": "b3addc4169647dd41cc65ae50dcb60b6db123d3f",
            "messageTitle": "Add logging for StudyAreaList and TaskList",
            "messageBody": "",
            "insertions": 84,
            "deletions": 26
          },
          {
            "hash": "9c0a45ec384131e5eed709cf07eeb7d61b50e629",
            "messageTitle": "Change runtest.bat file to delete library folder before execution",
            "messageBody": "",
            "insertions": 7,
            "deletions": 0
          },
          {
            "hash": "633233456f901cb1bf64c2b7a4da07f979a270d7",
            "messageTitle": "Update message",
            "messageBody": "",
            "insertions": 1,
            "deletions": 1
          }
        ]
      },
      {
        "insertions": 133,
        "deletions": 79,
        "date": "2020-03-16",
        "commitResults": [
          {
            "hash": "237df9516738c6d0c686727686538de58dc03ec6",
            "messageTitle": "Refactor code",
            "messageBody": "",
            "insertions": 45,
            "deletions": 35
          },
          {
            "hash": "150f9582c80f237b05e865c7b1d3ddf85a821b5f",
            "messageTitle": "Refactor code",
            "messageBody": "",
            "insertions": 87,
            "deletions": 14
          },
          {
            "hash": "c0e7fba14648211a6df2ea8ccb50671fa3fda5b9",
            "messageTitle": "Update text-ui-test file",
            "messageBody": "",
            "insertions": 0,
            "deletions": 29
          },
          {
            "hash": "851a62bda83a5b33266645926f48f2ca7c936b01",
            "messageTitle": "Update runtest.bat file to auto delete library folder",
            "messageBody": "",
            "insertions": 1,
            "deletions": 1
          }
        ]
      },
      {
        "insertions": 530,
        "deletions": 222,
        "date": "2020-03-21",
        "commitResults": [
          {
            "hash": "777c517abd9ff9e3f93d08d3a8fc5fadeb2f5b20",
            "messageTitle": "Add basic support for scheduling tasks",
            "messageBody": "",
            "insertions": 168,
            "deletions": 20
          },
          {
            "hash": "2665612781bff096e1fdbb0af283abfbaf2927ca",
            "messageTitle": "Add support for task scheduling",
            "messageBody": "",
            "insertions": 106,
            "deletions": 54
          },
          {
            "hash": "55b175d5e2d44e286461a399d43e670a94927eb7",
            "messageTitle": "Refactor Code",
            "messageBody": "",
            "insertions": 60,
            "deletions": 4
          },
          {
            "hash": "c0b2a113a383f5c69cdac0dd09d7ef5d6bb64b73",
            "messageTitle": "Move constants",
            "messageBody": "",
            "insertions": 108,
            "deletions": 110
          },
          {
            "hash": "18d6a4528f6168e025b95962276e5ad94d8e7206",
            "messageTitle": "Add design details to Developer Guide",
            "messageBody": "",
            "insertions": 81,
            "deletions": 30
          },
          {
            "hash": "fd926181e8fdd309204369cb764780b274bf56db",
            "messageTitle": "Change code to follow coding standard",
            "messageBody": "",
            "insertions": 7,
            "deletions": 4
          }
        ]
      },
      {
        "insertions": 15,
        "deletions": 16,
        "date": "2020-03-22",
        "commitResults": [
          {
            "hash": "bf47d048dcde8d5a17f561d88c7d400212417393",
            "messageTitle": "Rectify mistake",
            "messageBody": "",
            "insertions": 1,
            "deletions": 1
          },
          {
            "hash": "8beb19658392310049a31276257d605ac55047f7",
            "messageTitle": "Rename 2nd main class",
            "messageBody": "",
            "insertions": 1,
            "deletions": 1
          },
          {
            "hash": "7f5f3ea5e8f0a275288190f3f1bd41ca6b9efc40",
            "messageTitle": "Update Junit tests",
            "messageBody": "",
            "insertions": 12,
            "deletions": 13
          },
          {
            "hash": "2503b6fdbc57d299df687b528825951252aa1341",
            "messageTitle": "Change main method name",
            "messageBody": "",
            "insertions": 1,
            "deletions": 1
          }
        ]
      },
      {
        "insertions": 77,
        "deletions": 1,
        "date": "2020-03-23",
        "commitResults": [
          {
            "hash": "7dbcda72c8b2fd92da6ec8dc6024bb964c49bba8",
            "messageTitle": "Add author tags",
            "messageBody": "",
            "insertions": 77,
            "deletions": 1
          }
        ]
      },
      {
        "insertions": 135,
        "deletions": 136,
        "date": "2020-03-24",
        "commitResults": [
          {
            "hash": "c59cf9c6d15e1a88b6d7c1410fe6c1c6ce281495",
            "messageTitle": "Change indentation",
            "messageBody": "",
            "insertions": 68,
            "deletions": 69
          },
          {
            "hash": "848fa5f2093d191cd43c971e1a691b39634e0f1e",
            "messageTitle": "Rectify formatting",
            "messageBody": "",
            "insertions": 67,
            "deletions": 67
          }
        ]
      },
      {
        "insertions": 31,
        "deletions": 30,
        "date": "2020-03-25",
        "commitResults": [
          {
            "hash": "e3686bab4c8b84cab4cbda18e4dd9b56660917ae",
            "messageTitle": "Add authorship for DG",
            "messageBody": "",
            "insertions": 31,
            "deletions": 30
          }
        ]
      },
      {
        "insertions": 430,
        "deletions": 200,
        "date": "2020-03-26",
        "commitResults": [
          {
            "hash": "3f731696f7c9194a8f21cc619eabd8b176ea9baf",
            "messageTitle": "Update UG and enhance messages displayed",
            "messageBody": "",
            "insertions": 375,
            "deletions": 179
          },
          {
            "hash": "4435f59f826663708a0a9408f6007940453a45c7",
            "messageTitle": "Add javadoc comments",
            "messageBody": "",
            "insertions": 13,
            "deletions": 3
          },
          {
            "hash": "69212959aed6d56c4da1b7fc06ae524d37a2fdfc",
            "messageTitle": "Add author tags to DG",
            "messageBody": "",
            "insertions": 10,
            "deletions": 0
          },
          {
            "hash": "b5b510ae0f78ef7fc619afa8e2b1a9a1164ef4b6",
            "messageTitle": "Rectify issues with UG",
            "messageBody": "",
            "insertions": 11,
            "deletions": 11
          },
          {
            "hash": "292026c159f0df24922e10e8abf0ba99d3a45739",
            "messageTitle": "Rectify formatting issues with UG",
            "messageBody": "",
            "insertions": 21,
            "deletions": 7
          }
        ]
      },
      {
        "insertions": 316,
        "deletions": 149,
        "date": "2020-03-28",
        "commitResults": [
          {
            "hash": "fc43924d4a02e64ebc9784d95b9f0b6b3ff5a34f",
            "messageTitle": "Update code to support isDone field of Deadline class",
            "messageBody": "",
            "insertions": 228,
            "deletions": 82
          },
          {
            "hash": "56b62821c99c2be56204873a0dbe84a9ffe53a0f",
            "messageTitle": "Update UG",
            "messageBody": "",
            "insertions": 66,
            "deletions": 53
          },
          {
            "hash": "a857e5c64eda2942f502931592048bb8f96ff792",
            "messageTitle": "Change title of UG",
            "messageBody": "",
            "insertions": 1,
            "deletions": 1
          },
          {
            "hash": "fe037e2e26cb56b9c6c353a00e35da027cdeb092",
            "messageTitle": "Update description of Schedule command in UG",
            "messageBody": "",
            "insertions": 10,
            "deletions": 1
          },
          {
            "hash": "48aa8764522e19b9a7b23ca9a5540cd9e11d00dc",
            "messageTitle": "Change formatting of UG",
            "messageBody": "",
            "insertions": 6,
            "deletions": 7
          },
          {
            "hash": "fe3db9161ba11b82045d21edf90cb470312049df",
            "messageTitle": "Rectify minor formatting issue",
            "messageBody": "",
            "insertions": 5,
            "deletions": 5
          }
        ]
      },
      {
        "insertions": 348,
        "deletions": 83,
        "date": "2020-03-29",
        "commitResults": [
          {
            "hash": "d875d0a8ce6706e2245054165ac56e933a2e1e9a",
            "messageTitle": "Update DG",
            "messageBody": "",
            "insertions": 8,
            "deletions": 0
          },
          {
            "hash": "91b6bbdd210a200990b2c73770f0be152ebdd7db",
            "messageTitle": "Restructure code",
            "messageBody": "",
            "insertions": 110,
            "deletions": 72
          },
          {
            "hash": "aa21df3bdbe826a012ed3314a0a1d2cf0364c0f7",
            "messageTitle": "Add UML Code and Architecture diagram to DG",
            "messageBody": "",
            "insertions": 202,
            "deletions": 10
          },
          {
            "hash": "9ef0fcffbb17ffee23f26a86ed7e0c0307f736fc",
            "messageTitle": "Change Task Component\u0027s UML diagram",
            "messageBody": "",
            "insertions": 28,
            "deletions": 1
          },
          {
            "hash": "faabb2e309f7787b6a46abb673598feb8cde1fa0",
            "messageTitle": "Change directory name",
            "messageBody": "",
            "insertions": 0,
            "deletions": 0
          }
        ]
      }
    ],
    "hongquan448": [
      {
        "insertions": 1,
        "deletions": 1,
        "date": "2020-03-03",
        "commitResults": [
          {
            "hash": "d62daf7d889970b33b87ea153c9f887fc9d007cc",
            "messageTitle": "edit AboutUs",
            "messageBody": "",
            "insertions": 1,
            "deletions": 1
          }
        ]
      },
      {
        "insertions": 346,
        "deletions": 19,
        "date": "2020-03-09",
        "commitResults": [
          {
            "hash": "6de0f609faa478322de74e3ae24853dfabca12fe",
            "messageTitle": "Refactor welcome message to ui, create Deadline and DeadlineList classes",
            "messageBody": "",
            "insertions": 324,
            "deletions": 7
          },
          {
            "hash": "6f723ca67caad12a53eebcdb1b71f7977a32107d",
            "messageTitle": "add printHelp method to ui",
            "messageBody": "",
            "insertions": 22,
            "deletions": 12
          }
        ]
      },
      {
        "insertions": 32,
        "deletions": 15,
        "date": "2020-03-10",
        "commitResults": [
          {
            "hash": "b6213a1683d6351d1d7ce401d12543732de978b5",
            "messageTitle": "refactor constants to ui",
            "messageBody": "",
            "insertions": 6,
            "deletions": 1
          },
          {
            "hash": "6466686c0943d85d91ea5db0fe96839cb7188946",
            "messageTitle": "Refactor ui",
            "messageBody": "",
            "insertions": 25,
            "deletions": 13
          },
          {
            "hash": "89094c699c189533bcb7d4fb8ace6241cd30dca3",
            "messageTitle": "Refactor ui",
            "messageBody": "",
            "insertions": 1,
            "deletions": 1
          }
        ]
      }
    ]
  },
  "authorFinalContributionMap": {
    "terrytay": 653,
    "NizarMohd": 1945,
    "GanapathySanathBalaji": 3620,
    "hongquan448": 1
  },
  "authorFileTypeContributionMap": {
    "terrytay": {
      "java": 652,
      "md": 1,
      "fxml": 0,
      "sh": 0,
      "bat": 0,
      "gradle": 0,
      "txt": 0
    },
    "NizarMohd": {
      "java": 1490,
      "md": 437,
      "fxml": 0,
      "sh": 0,
      "bat": 0,
      "gradle": 0,
      "txt": 18
    },
    "GanapathySanathBalaji": {
      "java": 2723,
      "md": 677,
      "fxml": 0,
      "sh": 0,
      "bat": 7,
      "gradle": 1,
      "txt": 212
    },
    "hongquan448": {
      "java": 0,
      "md": 1,
      "fxml": 0,
      "sh": 0,
      "bat": 0,
      "gradle": 0,
      "txt": 0
    }
  },
  "authorContributionVariance": {
    "terrytay": 46677.984,
    "NizarMohd": 139240.19,
    "GanapathySanathBalaji": 169871.22,
    "hongquan448": 4466.4736
  },
  "authorDisplayNameMap": {
    "terrytay": "CS2113T-T12-3 TERR..KIAT",
    "NizarMohd": "CS2113T-T12-3 MOHA..ED H",
    "GanapathySanathBalaji": "CS2113T-T12-3 GANA..LAJI",
    "hongquan448": "CS2113T-T12-3 JIAN..QUAN"
  }
}
