[
  {
    "path": "docs/AboutUs.md",
    "fileType": "md",
    "lines": [
      {
        "lineNumber": 1,
        "author": {
          "gitId": "-"
        },
        "content": "# About us"
      },
      {
        "lineNumber": 2,
        "author": {
          "gitId": "-"
        },
        "content": ""
      },
      {
        "lineNumber": 3,
        "author": {
          "gitId": "-"
        },
        "content": "Display | Name | Github Profile | Portfolio "
      },
      {
        "lineNumber": 4,
        "author": {
          "gitId": "-"
        },
        "content": "--------|:----:|:--------------:|:---------:"
      },
      {
        "lineNumber": 5,
        "author": {
          "gitId": "-"
        },
        "content": "![](https://via.placeholder.com/100.png?text\u003dPhoto) | John Doe | [Github](https://github.com/) | [Portfolio](docs/team/johndoe.md)"
      },
      {
        "lineNumber": 6,
        "author": {
          "gitId": "melylopez99"
        },
        "content": "![](https://via.placeholder.com/100.png?text\u003dPhoto) | Melissa Lopez | [Github](https://github.com/melylopez99) | [Portfolio](docs/team/melissalopez.md)"
      },
      {
        "lineNumber": 7,
        "author": {
          "gitId": "katelo731"
        },
        "content": "![](https://via.placeholder.com/100.png?text\u003dPhoto) | Kate Lo | [Github](https://github.com/katelo731) | [Portfolio](docs/team/johndoe.md)"
      },
      {
        "lineNumber": 8,
        "author": {
          "gitId": "-"
        },
        "content": "![](https://via.placeholder.com/100.png?text\u003dPhoto) | Ron John | [Github](https://github.com/) | [Portfolio](docs/team/johndoe.md)"
      },
      {
        "lineNumber": 9,
        "author": {
          "gitId": "yolanmz"
        },
        "content": "![](https://via.placeholder.com/100.png?text\u003dPhoto) | Yolanda Ma | [Github](https://github.com/) | [Portfolio](docs/team/johndoe.md)"
      },
      {
        "lineNumber": 10,
        "author": {
          "gitId": "-"
        },
        "content": "![](https://via.placeholder.com/100.png?text\u003dPhoto) | Don Roe | [Github](https://github.com/) | [Portfolio](docs/team/johndoe.md)"
      }
    ],
    "authorContributionMap": {
      "melylopez99": 1,
      "katelo731": 1,
      "yolanmz": 1,
      "-": 7
    }
  },
  {
    "path": "docs/melissalopez.md",
    "fileType": "md",
    "lines": [
      {
        "lineNumber": 1,
        "author": {
          "gitId": "melylopez99"
        },
        "content": "# Duke"
      },
      {
        "lineNumber": 2,
        "author": {
          "gitId": "melylopez99"
        },
        "content": ""
      },
      {
        "lineNumber": 3,
        "author": {
          "gitId": "melylopez99"
        },
        "content": "Portfolio: Melissa Lopez"
      }
    ],
    "authorContributionMap": {
      "melylopez99": 3
    }
  }
]
