{
  "authorDailyContributionsMap": {
    "katelo731": [
      {
        "insertions": 1,
        "deletions": 1,
        "date": "2020-03-03",
        "commitResults": [
          {
            "hash": "6be58b5be8942e3097a8c9e7ebfe558b4857f9eb",
            "messageTitle": "Make some changes in AboutUs.md",
            "messageBody": "",
            "insertions": 1,
            "deletions": 1
          }
        ]
      },
      {
        "insertions": 78,
        "deletions": 33,
        "date": "2020-03-06",
        "commitResults": [
          {
            "hash": "1f86cb279128f59968de001e8225d0343a389b37",
            "messageTitle": "Add greeting funtion to TechToday",
            "messageBody": "",
            "insertions": 65,
            "deletions": 23
          },
          {
            "hash": "cab73b3ab128f7b520ce38651f922f353530dcbb",
            "messageTitle": "resolve bugs when import class",
            "messageBody": "",
            "insertions": 4,
            "deletions": 4
          },
          {
            "hash": "0c238734b43ea5a19fb58c5c73375a7ca1407dbf",
            "messageTitle": "Rename src/test/java/seedu/TechToday/TechTodayTest.java to src/test/java/seedu/techtoday/TechTodayTest.java",
            "messageBody": "",
            "insertions": 1,
            "deletions": 1
          },
          {
            "hash": "b732848fff7f2194554f72978201646c8ba09b22",
            "messageTitle": "Rename src/main/java/seedu/TechToday/TechToday.java to src/main/java/seedu/techtoday/TechToday.java",
            "messageBody": "",
            "insertions": 0,
            "deletions": 0
          },
          {
            "hash": "3547fc1a8fea3b160b8121f2af1d88480a8666c4",
            "messageTitle": "Rename src/main/java/seedu/TechToday/common/Messages.java to src/main/java/seedu/techtoday/common/Messages.java",
            "messageBody": "",
            "insertions": 0,
            "deletions": 0
          },
          {
            "hash": "ae075597cf01bbc0ca7013db3f2fbfcd468cfeae",
            "messageTitle": "Fix error when build and check with Gradle",
            "messageBody": "",
            "insertions": 8,
            "deletions": 5
          }
        ]
      },
      {
        "insertions": 1,
        "deletions": 1,
        "date": "2020-03-09",
        "commitResults": [
          {
            "hash": "6e80b914181acddaaf387e0e4b55d2176026d143",
            "messageTitle": "Fix bugs in build.gradle",
            "messageBody": "",
            "insertions": 1,
            "deletions": 1
          }
        ]
      },
      {
        "insertions": 46,
        "deletions": 13,
        "date": "2020-03-10",
        "commitResults": [
          {
            "hash": "e3ace4cfa9e4f6fa86a31d5de9757d9eb7bb7cfa",
            "messageTitle": "Add list function",
            "messageBody": "",
            "insertions": 39,
            "deletions": 11
          },
          {
            "hash": "148f64b54370bd2b9137e3574c9c6303065a6d36",
            "messageTitle": "fix javadoc bug.",
            "messageBody": "",
            "insertions": 7,
            "deletions": 2
          }
        ]
      },
      {
        "insertions": 349,
        "deletions": 188,
        "date": "2020-03-20",
        "commitResults": [
          {
            "hash": "a1e5d881f0a78a4b3627b9e25e50fd9e43c7225b",
            "messageTitle": "Implement more functions in TechToday",
            "messageBody": "",
            "insertions": 349,
            "deletions": 188
          }
        ]
      }
    ],
    "melylopez99": [
      {
        "insertions": 4,
        "deletions": 1,
        "date": "2020-03-03",
        "commitResults": [
          {
            "hash": "b902a6f2e2da597a6f1988adb3366e9bcebfee41",
            "messageTitle": "melissaLopez-AboutUs",
            "messageBody": "",
            "insertions": 4,
            "deletions": 1
          }
        ]
      },
      {
        "insertions": 50,
        "deletions": 4,
        "date": "2020-03-09",
        "commitResults": [
          {
            "hash": "4456624bb7d5ba884d0ab256c22a7c4c3fd608a3",
            "messageTitle": "Adding the save feature command",
            "messageBody": "",
            "insertions": 42,
            "deletions": 0
          },
          {
            "hash": "3d89552c7527aee380111d4d0e11fd771ff393a9",
            "messageTitle": "Fixing for gradle",
            "messageBody": "",
            "insertions": 6,
            "deletions": 2
          },
          {
            "hash": "e5f8c73815fc913d3ad9213270056fd671fadf0a",
            "messageTitle": "Fixing whitespace in Article",
            "messageBody": "",
            "insertions": 2,
            "deletions": 2
          }
        ]
      },
      {
        "insertions": 2,
        "deletions": 2,
        "date": "2020-03-10",
        "commitResults": [
          {
            "hash": "0ad0656eb7c4018473efb1d8c9728482d3f536c8",
            "messageTitle": "Moving Article and Features classes to Techtoday directory",
            "messageBody": "",
            "insertions": 2,
            "deletions": 2
          }
        ]
      },
      {
        "insertions": 116,
        "deletions": 41,
        "date": "2020-03-16",
        "commitResults": [
          {
            "hash": "134127ade858b4a9ded6bbfefd410a0306e9f5b2",
            "messageTitle": "Fixing user parser and interface",
            "messageBody": "",
            "insertions": 77,
            "deletions": 20
          },
          {
            "hash": "17856592f5d6cd83a65e7bdc58396d7a2bbaf9af",
            "messageTitle": "Changes for gradle",
            "messageBody": "",
            "insertions": 9,
            "deletions": 10
          },
          {
            "hash": "441a29525b862c722acf3d7b81bf8906a8da8c09",
            "messageTitle": "more gradle changes",
            "messageBody": "",
            "insertions": 1,
            "deletions": 1
          },
          {
            "hash": "cd2d715274eb4d55fab452f17311c91293493cee",
            "messageTitle": "more changes",
            "messageBody": "",
            "insertions": 0,
            "deletions": 1
          },
          {
            "hash": "40666d4a24004241f8bd8232961b444ea6b73895",
            "messageTitle": "Final changes",
            "messageBody": "",
            "insertions": 22,
            "deletions": 5
          },
          {
            "hash": "a47db93eb7c48f422ef8eee2c629b1e8734e213c",
            "messageTitle": "gradle changes",
            "messageBody": "",
            "insertions": 4,
            "deletions": 1
          },
          {
            "hash": "9f37f80a117e986524666cd83c135d3b1af7e7dd",
            "messageTitle": "more gradle changes",
            "messageBody": "",
            "insertions": 3,
            "deletions": 3
          }
        ]
      },
      {
        "insertions": 496,
        "deletions": 359,
        "date": "2020-03-23",
        "commitResults": [
          {
            "hash": "150749e3e36af855438b89356327e40a353821da",
            "messageTitle": "checking gradle build change",
            "messageBody": "",
            "insertions": 2,
            "deletions": 1
          },
          {
            "hash": "1ab2f7d504b92ff69c0709aa55463be966da9a97",
            "messageTitle": "more changes",
            "messageBody": "",
            "insertions": 15,
            "deletions": 13
          },
          {
            "hash": "943a1a65308703048806071a9a05eed6723bb754",
            "messageTitle": "Adding default for switch statement",
            "messageBody": "",
            "insertions": 3,
            "deletions": 2
          },
          {
            "hash": "4c330c7fbb7a86de078607d51ce021a5fa477d70",
            "messageTitle": "Changing to correct indentation for switch statements",
            "messageBody": "",
            "insertions": 48,
            "deletions": 44
          },
          {
            "hash": "88af0871afe5422b6ecc334103a77f55a5a2dbc1",
            "messageTitle": "small change to default indentation",
            "messageBody": "",
            "insertions": 3,
            "deletions": 1
          },
          {
            "hash": "3d03f7933e3efbd2454a1cceb56e6569134765aa",
            "messageTitle": "Changes to syntax errors in JobsCreator and ViewedJobListCreator",
            "messageBody": "",
            "insertions": 2,
            "deletions": 3
          },
          {
            "hash": "68ac4e590292232f40c3b2fd8491fef965251d83",
            "messageTitle": "Syntax changes to all files in articleList directory",
            "messageBody": "",
            "insertions": 24,
            "deletions": 10
          },
          {
            "hash": "e47eed174c7fd7dc2f3985dec111d439e43f27b6",
            "messageTitle": "Adding javadocs",
            "messageBody": "",
            "insertions": 35,
            "deletions": 11
          },
          {
            "hash": "4e6c0aac4d90a3fb7b49faea214e950da55e84d1",
            "messageTitle": "Changes to joblist and noteList directory",
            "messageBody": "",
            "insertions": 35,
            "deletions": 7
          },
          {
            "hash": "85ecc36ade3e8439a0381c3fc638c231db3ee355",
            "messageTitle": "Syntax changes to all files in objects directory",
            "messageBody": "",
            "insertions": 18,
            "deletions": 6
          },
          {
            "hash": "7b341f887619cb64f8c0bcc7712a4e20ab91000f",
            "messageTitle": "Syntax changes to files in object and storage directory",
            "messageBody": "",
            "insertions": 79,
            "deletions": 42
          },
          {
            "hash": "2ba456e5061bf6f8d15667f57038dac8290de087",
            "messageTitle": "Adding function back to Information",
            "messageBody": "",
            "insertions": 4,
            "deletions": 0
          },
          {
            "hash": "9db9b551d212978d56a2addc9a7a2c40d6c5feab",
            "messageTitle": "Adding timestamp",
            "messageBody": "",
            "insertions": 3,
            "deletions": 3
          },
          {
            "hash": "f7365973e292d645ded4a2cf0dad78a425be82c7",
            "messageTitle": "small changes",
            "messageBody": "",
            "insertions": 53,
            "deletions": 25
          },
          {
            "hash": "2ee10c22811d5400417523b436a2ff129046c00d",
            "messageTitle": "more changes",
            "messageBody": "",
            "insertions": 2,
            "deletions": 16
          },
          {
            "hash": "a3976c4d8d4b2f07851d79e64f0c6385cd091ea1",
            "messageTitle": "final syntax changes",
            "messageBody": "",
            "insertions": 11,
            "deletions": 10
          },
          {
            "hash": "929f39c84aee8b6dbd6ac39dd82a7568c1dce7d2",
            "messageTitle": "small chnage",
            "messageBody": "",
            "insertions": 1,
            "deletions": 1
          },
          {
            "hash": "4932c8b4a6c55d574372cdc171fcfec813a42608",
            "messageTitle": "changing articlelist to lowercase",
            "messageBody": "",
            "insertions": 58,
            "deletions": 68
          },
          {
            "hash": "da48d884538053267c7f6e64e9c7199a5b4e1ac0",
            "messageTitle": "making name change",
            "messageBody": "",
            "insertions": 10,
            "deletions": 10
          },
          {
            "hash": "9a8f64b58aad76bb59af57d49f344037709333db",
            "messageTitle": "making more lowercase",
            "messageBody": "",
            "insertions": 83,
            "deletions": 85
          },
          {
            "hash": "b534ec2a7672bb163815a5373f9f6f9f000a035f",
            "messageTitle": "techtoday star import removed",
            "messageBody": "",
            "tags": [
              "v1.0-Alaukik"
            ],
            "insertions": 7,
            "deletions": 1
          }
        ]
      },
      {
        "insertions": 117,
        "deletions": 40,
        "date": "2020-03-24",
        "commitResults": [
          {
            "hash": "1a8c1e9c46a9db0b1226e39bef6c84cbde9ceedf",
            "messageTitle": "runtext.bat",
            "messageBody": "",
            "insertions": 1,
            "deletions": 1
          },
          {
            "hash": "b5c648aaa9ae02bb19b443a92659d263f5c6d23c",
            "messageTitle": "seeing before change to techtoday",
            "messageBody": "",
            "insertions": 1,
            "deletions": 1
          },
          {
            "hash": "2c6e1c7e1f51dfdbe4d85fad3aa3ef7d9eab7a03",
            "messageTitle": "going back to previous changes",
            "messageBody": "",
            "insertions": 1,
            "deletions": 1
          },
          {
            "hash": "d9ef51bd7e3e03860911eb06807516c7efb61f83",
            "messageTitle": "Update TechToday.java",
            "messageBody": "",
            "insertions": 0,
            "deletions": 13
          },
          {
            "hash": "021ec3b5669a2276829d1041b1f67025df3d22df",
            "messageTitle": "first attempt to sort",
            "messageBody": "",
            "insertions": 14,
            "deletions": 3
          },
          {
            "hash": "35ef669dcfb43fa9b0bf554cab56167a8d31d625",
            "messageTitle": "Adding sort feature for articlelist objects",
            "messageBody": "",
            "insertions": 16,
            "deletions": 5
          },
          {
            "hash": "6d0ce5c3037eb665b6d0f700a24731191bba9855",
            "messageTitle": "adding titlestroter",
            "messageBody": "",
            "insertions": 14,
            "deletions": 0
          },
          {
            "hash": "1d7056c4f6e5eb28e94a8699574eb8199de13956",
            "messageTitle": "minor changes",
            "messageBody": "",
            "insertions": 4,
            "deletions": 4
          },
          {
            "hash": "76d2b104db692834df384d376e75ae1f73ebdbff",
            "messageTitle": "adding sorting feature for jobs and notes",
            "messageBody": "",
            "insertions": 60,
            "deletions": 8
          },
          {
            "hash": "f0633a0c1fd338ea23e1fd7ac46baba037f72039",
            "messageTitle": "Update DeveloperGuide.md",
            "messageBody": "",
            "insertions": 4,
            "deletions": 3
          },
          {
            "hash": "fa849ba0ee47c690e6723bc9d83ecd2d6d11a3b3",
            "messageTitle": "Update TechToday.java",
            "messageBody": "",
            "insertions": 1,
            "deletions": 0
          },
          {
            "hash": "bda2eadfd4f8dc708c808d7103bd06a3c82bd8fa",
            "messageTitle": "sorting features",
            "messageBody": "",
            "insertions": 1,
            "deletions": 1
          }
        ]
      },
      {
        "insertions": 169,
        "deletions": 123,
        "date": "2020-03-27",
        "commitResults": [
          {
            "hash": "8b510e3115b9543b4a5905dbe807ae9c23245939",
            "messageTitle": "Adding missing command exceptions",
            "messageBody": "",
            "insertions": 159,
            "deletions": 116
          },
          {
            "hash": "38386497e688c3596d4d328a1469906e21e367a9",
            "messageTitle": "Adding invalid commands for all features",
            "messageBody": "",
            "insertions": 4,
            "deletions": 1
          },
          {
            "hash": "8e3c604e2587ffacaf3c1196565634f09fcbb86f",
            "messageTitle": "minor gradle changes",
            "messageBody": "",
            "insertions": 6,
            "deletions": 6
          }
        ]
      },
      {
        "insertions": 674,
        "deletions": 391,
        "date": "2020-03-28",
        "commitResults": [
          {
            "hash": "f9eb184d1d0d4f42aab224dfd5b12e1755cced81",
            "messageTitle": "Adding articleaddertest",
            "messageBody": "",
            "insertions": 12,
            "deletions": 0
          },
          {
            "hash": "6601d168fae81ceebf6baa32e5bd3ab5e46679ec",
            "messageTitle": "Adding tests for all files in articlelist",
            "messageBody": "",
            "insertions": 204,
            "deletions": 37
          },
          {
            "hash": "8d77c3e7c0d833cc8982923d7acc7dabac3b5c03",
            "messageTitle": "fixes for gradle",
            "messageBody": "",
            "insertions": 1,
            "deletions": 1
          },
          {
            "hash": "dd73be09900639e80e8e040667646d4fec9173b4",
            "messageTitle": "more gradle changes",
            "messageBody": "",
            "insertions": 35,
            "deletions": 35
          },
          {
            "hash": "d1bacb21cead1d794162b1ef273cc627ff293495",
            "messageTitle": "Adding line seperators",
            "messageBody": "",
            "insertions": 60,
            "deletions": 33
          },
          {
            "hash": "dc22d388e9838f1eda0e649591d332d85460799a",
            "messageTitle": "gradle changes",
            "messageBody": "",
            "insertions": 3,
            "deletions": 3
          },
          {
            "hash": "66143d51501f690bb4aa5a05dac14e2a42ffffdf",
            "messageTitle": "finding new fialed test changes",
            "messageBody": "",
            "insertions": 8,
            "deletions": 0
          },
          {
            "hash": "d4b54527f165c48087b2967d4bd63bfafbb63b22",
            "messageTitle": "articlelistprinter changes",
            "messageBody": "",
            "insertions": 0,
            "deletions": 2
          },
          {
            "hash": "7d6ec0690f9cd97ef11012186ef23d364bc32b77",
            "messageTitle": "updating tests for joblist",
            "messageBody": "",
            "insertions": 202,
            "deletions": 31
          },
          {
            "hash": "ae633c308cf443a6f6e759cfc2493f9bd03ace30",
            "messageTitle": "gradle changes",
            "messageBody": "",
            "insertions": 1,
            "deletions": 1
          },
          {
            "hash": "7d557d1834bed7044b4f2a914224052460eebe30",
            "messageTitle": "notelist tests",
            "messageBody": "",
            "insertions": 148,
            "deletions": 22
          },
          {
            "hash": "e32ca4e75d5f99bb6eed262369714c4f9eba4a5d",
            "messageTitle": "removing printer list tests",
            "messageBody": "",
            "insertions": 0,
            "deletions": 226
          }
        ]
      }
    ],
    "yolanmz": [
      {
        "insertions": 1,
        "deletions": 1,
        "date": "2020-03-03",
        "commitResults": [
          {
            "hash": "1e5b1e5b2f0bb7a9988b76fec01581bd480e0030",
            "messageTitle": "add changes",
            "messageBody": "",
            "insertions": 1,
            "deletions": 1
          }
        ]
      },
      {
        "insertions": 50,
        "deletions": 9,
        "date": "2020-03-09",
        "commitResults": [
          {
            "hash": "4a9cfe4923c31344ee23224f5e1ad4cf6c888755",
            "messageTitle": "add features",
            "messageBody": "",
            "insertions": 40,
            "deletions": 0
          },
          {
            "hash": "c2121d4655d28b0d9a3970ef9b1ee4b061e4c196",
            "messageTitle": "Update Features.java",
            "messageBody": "",
            "insertions": 2,
            "deletions": 1
          },
          {
            "hash": "d3c75a695ba0932a99805b83624f89db49fd479f",
            "messageTitle": "Update Features.java",
            "messageBody": "",
            "insertions": 0,
            "deletions": 3
          },
          {
            "hash": "22b150284936bb06b6fd8c4241a88b9bb5117d30",
            "messageTitle": "Update Article.java",
            "messageBody": "",
            "insertions": 2,
            "deletions": 2
          },
          {
            "hash": "efd27afbefd54e1ad651e16954400d8e71dfa739",
            "messageTitle": "Update Features.java",
            "messageBody": "",
            "insertions": 4,
            "deletions": 2
          },
          {
            "hash": "5687a1495330347ccb7a36cb411a1d90005217de",
            "messageTitle": "Update Features.java",
            "messageBody": "",
            "insertions": 2,
            "deletions": 1
          }
        ]
      },
      {
        "insertions": 22,
        "deletions": 15,
        "date": "2020-03-23",
        "commitResults": [
          {
            "hash": "39d9b4f4812146ffc635b703db27b358f0136953",
            "messageTitle": "Update TechToday.java",
            "messageBody": "",
            "insertions": 6,
            "deletions": 1
          },
          {
            "hash": "a596461ca2d839f585efa683667564a100f4ed3d",
            "messageTitle": "Update TechToday.java",
            "messageBody": "",
            "insertions": 2,
            "deletions": 1
          },
          {
            "hash": "6d4dfee5400da789eda1bdea4320c5b19cc96b8e",
            "messageTitle": "Update TechToday.java",
            "messageBody": "",
            "insertions": 2,
            "deletions": 2
          },
          {
            "hash": "2a63cc87c9a347e1cf6ecc9be2d689711bcda5af",
            "messageTitle": "Update TechToday.java",
            "messageBody": "",
            "insertions": 2,
            "deletions": 2
          },
          {
            "hash": "c7628928c6966b32681dec4b259cfb37b3088cd2",
            "messageTitle": "Update TechToday.java",
            "messageBody": "",
            "insertions": 2,
            "deletions": 1
          },
          {
            "hash": "635c8463840a6f13f8613c8c2e931b7870d62984",
            "messageTitle": "Update ArticleAdder.java",
            "messageBody": "",
            "insertions": 1,
            "deletions": 1
          },
          {
            "hash": "839d46ffed6b16cb1ba353ffc23ab3d55e288d0c",
            "messageTitle": "Update ArticleDeleter.java",
            "messageBody": "",
            "insertions": 2,
            "deletions": 2
          },
          {
            "hash": "beeaa966a81dd79161f7b9f636e130b10ea17fac",
            "messageTitle": "Update ArticleListPrinter.java",
            "messageBody": "",
            "insertions": 2,
            "deletions": 2
          },
          {
            "hash": "c1c9a64b4cd0367b34a06444df514adde0178273",
            "messageTitle": "Update ArticleListPrinter.java",
            "messageBody": "",
            "insertions": 1,
            "deletions": 1
          },
          {
            "hash": "97c9b4962f7c2d44aac86137ca70b5bcabd6b08f",
            "messageTitle": "Update ArticleDeleter.java",
            "messageBody": "",
            "insertions": 1,
            "deletions": 1
          },
          {
            "hash": "345e0950cefeb86a8377aa46d67fd125ce5f65fe",
            "messageTitle": "Update ArticleAdder.java",
            "messageBody": "",
            "insertions": 1,
            "deletions": 1
          }
        ]
      },
      {
        "insertions": 9,
        "deletions": 0,
        "date": "2020-03-28",
        "commitResults": [
          {
            "hash": "293fa2dd48019542bcb64841c1fddb30995d7cd6",
            "messageTitle": "Exception handling",
            "messageBody": "",
            "insertions": 9,
            "deletions": 0
          }
        ]
      },
      {
        "insertions": 9,
        "deletions": 4,
        "date": "2020-03-29",
        "commitResults": [
          {
            "hash": "4e203003ab0cca0e752328331ecab46c51e95213",
            "messageTitle": "Update TechTodayException.java",
            "messageBody": "",
            "insertions": 3,
            "deletions": 2
          },
          {
            "hash": "d65b9557b32391732bdb1adf63a9cceab2954ed3",
            "messageTitle": "Update DeveloperGuide.md",
            "messageBody": "",
            "insertions": 6,
            "deletions": 2
          }
        ]
      },
      {
        "insertions": 12,
        "deletions": 55,
        "date": "2020-03-30",
        "commitResults": [
          {
            "hash": "f6ae0be14d5bf41dec39f09fb64a8b358757df38",
            "messageTitle": "more exception handling",
            "messageBody": "",
            "insertions": 4,
            "deletions": 9
          },
          {
            "hash": "f72c57abe80c9e652d9625e1c0021905ce52125c",
            "messageTitle": "Update TechTodayException.java",
            "messageBody": "",
            "insertions": 0,
            "deletions": 1
          },
          {
            "hash": "6104c5f07dc22ff833546beec84d2542b6d399dd",
            "messageTitle": "More exception handling",
            "messageBody": "",
            "insertions": 4,
            "deletions": 0
          },
          {
            "hash": "f9466876bee46d9d5cbceeec1c1e67fdd6d385b9",
            "messageTitle": "update save feature",
            "messageBody": "",
            "insertions": 4,
            "deletions": 45
          }
        ]
      }
    ],
    "alaukiknpant": [
      {
        "insertions": 1,
        "deletions": 0,
        "date": "2020-03-09",
        "commitResults": [
          {
            "hash": "3a3fd668fce537d556f2b7c4c3d107c8705c7bfa",
            "messageTitle": "Update README.md",
            "messageBody": "",
            "insertions": 1,
            "deletions": 0
          }
        ]
      },
      {
        "insertions": 218,
        "deletions": 22,
        "date": "2020-03-15",
        "commitResults": [
          {
            "hash": "6144d925529b98517f30c4cb2a6f9067e64f1bc8",
            "messageTitle": "viewAPI implementation",
            "messageBody": "",
            "insertions": 189,
            "deletions": 22
          },
          {
            "hash": "4acfade9ea8be86da826a23c4445008c3c71726d",
            "messageTitle": "Adding J-Unit tests",
            "messageBody": "",
            "insertions": 29,
            "deletions": 0
          }
        ]
      },
      {
        "insertions": 78,
        "deletions": 65,
        "date": "2020-03-16",
        "commitResults": [
          {
            "hash": "5eef3bef9e194e8fef5cce5497a39c33772341c7",
            "messageTitle": "removing extra spaces",
            "messageBody": "",
            "insertions": 0,
            "deletions": 7
          },
          {
            "hash": "bd8f5a732d4e5d99717b9a62469d907905743ea7",
            "messageTitle": "Update TechToday.java",
            "messageBody": "",
            "insertions": 1,
            "deletions": 1
          },
          {
            "hash": "8fe4e3b9c896c7345fa70d9d91d7f8924be6c89b",
            "messageTitle": "name of package changed",
            "messageBody": "",
            "insertions": 6,
            "deletions": 6
          },
          {
            "hash": "dac734182d23b2da1c30f4a384e357cbca1e0fca",
            "messageTitle": "following coding standard",
            "messageBody": "",
            "insertions": 27,
            "deletions": 7
          },
          {
            "hash": "63869e81543b59abf57799ca5157ef9a25b731d1",
            "messageTitle": "no message",
            "messageBody": "",
            "insertions": 2,
            "deletions": 6
          },
          {
            "hash": "627fc5cb84045b11a86b02f71cb33933e2e5245c",
            "messageTitle": "complying to coding standards",
            "messageBody": "",
            "insertions": 18,
            "deletions": 24
          },
          {
            "hash": "8d9423707973b0d28384163d593643a11558a459",
            "messageTitle": "coding standards again",
            "messageBody": "",
            "insertions": 5,
            "deletions": 3
          },
          {
            "hash": "b6722952328afe46c5437ca1f83609e2a559d94c",
            "messageTitle": "coding standards in the test file",
            "messageBody": "",
            "insertions": 11,
            "deletions": 8
          },
          {
            "hash": "31dee8e5bc821d898c65d88145aac2c523f237a7",
            "messageTitle": "text-ui-text",
            "messageBody": "",
            "insertions": 8,
            "deletions": 3
          }
        ]
      },
      {
        "insertions": 676,
        "deletions": 203,
        "date": "2020-03-19",
        "commitResults": [
          {
            "hash": "9757e51e2c606bf29c9281da46b2a83f6ea7d86f",
            "messageTitle": "Revamp of Project",
            "messageBody": "",
            "insertions": 676,
            "deletions": 203
          }
        ]
      },
      {
        "insertions": 67,
        "deletions": 46,
        "date": "2020-03-20",
        "commitResults": [
          {
            "hash": "2b4df98d202f4cdfa8535def262929b25ecfa372",
            "messageTitle": "coding standards",
            "messageBody": "",
            "insertions": 67,
            "deletions": 46
          }
        ]
      },
      {
        "insertions": 236,
        "deletions": 17,
        "date": "2020-03-21",
        "commitResults": [
          {
            "hash": "6b8a03c9b87d301902151e79dbcf311bbbe1b59b",
            "messageTitle": "v1.0 progress",
            "messageBody": "",
            "insertions": 236,
            "deletions": 17
          }
        ]
      },
      {
        "insertions": 394,
        "deletions": 56,
        "date": "2020-03-23",
        "commitResults": [
          {
            "hash": "67a9efffbe4b9206478124cb044748cf9db57bf0",
            "messageTitle": "saving feature implementation",
            "messageBody": "",
            "insertions": 274,
            "deletions": 21
          },
          {
            "hash": "3aa340362dcdbc7f14f79688b4f445f01d1c1779",
            "messageTitle": "Saving functions implementation",
            "messageBody": "",
            "insertions": 120,
            "deletions": 35
          }
        ]
      },
      {
        "insertions": 23,
        "deletions": 8,
        "date": "2020-03-24",
        "commitResults": [
          {
            "hash": "d54a7bc39f6a787b170995580a670cd98b6bb5bc",
            "messageTitle": "fixing Json Imports",
            "messageBody": "",
            "insertions": 5,
            "deletions": 2
          },
          {
            "hash": "344c05a0a15ee1cb8e3f6ab4ca0ac2d1d53b983a",
            "messageTitle": "dealing with exceptions",
            "messageBody": "",
            "insertions": 2,
            "deletions": 1
          },
          {
            "hash": "80c334b662cd7128b72f1e45dc7639c06e3f207e",
            "messageTitle": "JUnit test",
            "messageBody": "",
            "insertions": 15,
            "deletions": 3
          },
          {
            "hash": "8e2a3a20f8b1ff49602767888e72c9bc0e2670f6",
            "messageTitle": "no message",
            "messageBody": "",
            "insertions": 1,
            "deletions": 2
          }
        ]
      },
      {
        "insertions": 55,
        "deletions": 58,
        "date": "2020-03-25",
        "commitResults": [
          {
            "hash": "b402578499355b61f84c3043c72b2a549d3049a3",
            "messageTitle": "Trying to remove runtest.bat",
            "messageBody": "",
            "insertions": 0,
            "deletions": 19
          },
          {
            "hash": "c9a4e5f1d5c7a4644a4197a037247861f4fbf2c1",
            "messageTitle": "Revert \"Trying to remove runtest.bat\"",
            "messageBody": "This reverts commit b402578499355b61f84c3043c72b2a549d3049a3.\n",
            "insertions": 19,
            "deletions": 0
          },
          {
            "hash": "2ab29e369be67b808e70afd6f55f2ea73778b61f",
            "messageTitle": "Removing the greeting message",
            "messageBody": "",
            "insertions": 0,
            "deletions": 4
          },
          {
            "hash": "071bfbde150a1df652c2b017a75d04c64f5bdb29",
            "messageTitle": "no message",
            "messageBody": "",
            "insertions": 4,
            "deletions": 0
          },
          {
            "hash": "5c19f2729587c64635b3eecceb8074f4a179372a",
            "messageTitle": "Removing header",
            "messageBody": "",
            "insertions": 0,
            "deletions": 3
          },
          {
            "hash": "dd740999adbe54ba12ff06a1c8342f8dba59e58d",
            "messageTitle": "removing weird characters",
            "messageBody": "",
            "insertions": 6,
            "deletions": 5
          },
          {
            "hash": "7356b593502550f1cd042773f7440f4c7d4539bb",
            "messageTitle": "Changes made",
            "messageBody": "",
            "insertions": 2,
            "deletions": 1
          },
          {
            "hash": "4366cb96e43f9bd4ed39063c10e8a59cb6df1997",
            "messageTitle": "changes to lines",
            "messageBody": "",
            "insertions": 3,
            "deletions": 5
          },
          {
            "hash": "c7ef90cccd362c10cfdd316e8256678906e348e6",
            "messageTitle": "System.lineseperator replacing \\n",
            "messageBody": "",
            "insertions": 21,
            "deletions": 21
          }
        ]
      },
      {
        "insertions": 735,
        "deletions": 419,
        "date": "2020-03-28",
        "commitResults": [
          {
            "hash": "b8b157e99801f06885a7e2b4bad9a16b22c4d61e",
            "messageTitle": "java-doc comments",
            "messageBody": "",
            "insertions": 695,
            "deletions": 385
          },
          {
            "hash": "52186d6aa54feb489b19c2f4e8cfd541517d8264",
            "messageTitle": "Changes to Java-Doc and Exceptions",
            "messageBody": "",
            "insertions": 30,
            "deletions": 20
          },
          {
            "hash": "a08ad8efd3be167b167d221007736b0fab1e216c",
            "messageTitle": "Following Java coding standards",
            "messageBody": "",
            "insertions": 9,
            "deletions": 13
          },
          {
            "hash": "5b185061c398f53bb77e5c4878e80d6c7e51c672",
            "messageTitle": "Changes in J-Unit test",
            "messageBody": "",
            "insertions": 1,
            "deletions": 1
          }
        ]
      },
      {
        "insertions": 1140,
        "deletions": 703,
        "date": "2020-03-29",
        "commitResults": [
          {
            "hash": "0103de1b512c5408776b46f9be3782dcd92fb7c0",
            "messageTitle": "Update AboutUs.md",
            "messageBody": "",
            "insertions": 2,
            "deletions": 4
          },
          {
            "hash": "11d6cc77a70d69dba49db04f2986ac29285a6ef0",
            "messageTitle": "Update AboutUs.md",
            "messageBody": "",
            "insertions": 1,
            "deletions": 1
          },
          {
            "hash": "bf48da67ad13e27aff8996f03e895fc5cc8ce8dd",
            "messageTitle": "Update AboutUs.md",
            "messageBody": "",
            "insertions": 1,
            "deletions": 1
          },
          {
            "hash": "36b3ed9188bbef7efefc7adaf12a8629e50884a9",
            "messageTitle": "Create alaukikpant.md",
            "messageBody": "",
            "insertions": 1,
            "deletions": 0
          },
          {
            "hash": "fe4550b40cf3029a0b1b50120cb3ecb67c5c281b",
            "messageTitle": "Update UserGuide.md",
            "messageBody": "",
            "insertions": 317,
            "deletions": 21
          },
          {
            "hash": "13cc97dd7dbb027bd98cfdf6941724a739b41540",
            "messageTitle": "Update UserGuide.md",
            "messageBody": "",
            "insertions": 6,
            "deletions": 5
          },
          {
            "hash": "09a02ae4de5503262bc9ba926e9f293878fbcaa4",
            "messageTitle": "Update UserGuide.md",
            "messageBody": "",
            "insertions": 2,
            "deletions": 2
          },
          {
            "hash": "b53706b858e9f7bf7ba001738913f713ada67199",
            "messageTitle": "Update UserGuide.md",
            "messageBody": "",
            "insertions": 3,
            "deletions": 16
          },
          {
            "hash": "2d87114b04f2d63c1dbc91bd0739f1446c9de379",
            "messageTitle": "Update UserGuide.md",
            "messageBody": "",
            "insertions": 16,
            "deletions": 1
          },
          {
            "hash": "9c48e99f9fa38e0f312d6183abcbfc4238988401",
            "messageTitle": "Update UserGuide.md",
            "messageBody": "",
            "insertions": 14,
            "deletions": 15
          },
          {
            "hash": "6aa46f2d23b5e43dff2e199232576be6838744e2",
            "messageTitle": "changing Greet message",
            "messageBody": "",
            "insertions": 320,
            "deletions": 27
          },
          {
            "hash": "cdfa0754223f1665704441f8e2b34202ca9c0f81",
            "messageTitle": "Implemented Logging",
            "messageBody": "",
            "insertions": 80,
            "deletions": 3
          },
          {
            "hash": "6b4ba67a673d862a0588c931eb2c8931923a546d",
            "messageTitle": "Adding Logging",
            "messageBody": "",
            "insertions": 1,
            "deletions": 6
          },
          {
            "hash": "1d4c46859344a6a452b9843378d30ef7f9faef25",
            "messageTitle": "Deals with Empty Article Lists.",
            "messageBody": "",
            "insertions": 12,
            "deletions": 4
          },
          {
            "hash": "51cc4b4ddf2f51f2318cb3f3cc5a57238ced5d2d",
            "messageTitle": "Update DeveloperGuide.md",
            "messageBody": "",
            "insertions": 307,
            "deletions": 210
          },
          {
            "hash": "3889d4caac4bf1da8d5da57b7bdef7d4c3637506",
            "messageTitle": "Update DeveloperGuide.md",
            "messageBody": "",
            "insertions": 57,
            "deletions": 387
          }
        ]
      },
      {
        "insertions": 2,
        "deletions": 2,
        "date": "2020-03-30",
        "commitResults": [
          {
            "hash": "bebd7a4f8e5b2f14732e7ea5c58f85144a827fde",
            "messageTitle": "Update UserGuide.md",
            "messageBody": "",
            "insertions": 1,
            "deletions": 1
          },
          {
            "hash": "73d9bf7bac6644136c97a37f0c5361820da279d0",
            "messageTitle": "Update UserGuide.md",
            "messageBody": "",
            "insertions": 1,
            "deletions": 1
          }
        ]
      },
      {
        "insertions": 56,
        "deletions": 31,
        "date": "2020-03-31",
        "commitResults": [
          {
            "hash": "f7ebcf6b6666f64485ed5d4c53bab10d8bae9be9",
            "messageTitle": "Update README.md",
            "messageBody": "",
            "insertions": 1,
            "deletions": 1
          },
          {
            "hash": "867a379b029ccbe5aa27f48e31fb9bf5ee8be90b",
            "messageTitle": "Update DeveloperGuide.md",
            "messageBody": "",
            "insertions": 37,
            "deletions": 14
          },
          {
            "hash": "072baeccb7e8948291ea3e4deffda9a39ad8a7a2",
            "messageTitle": "Update DeveloperGuide.md",
            "messageBody": "",
            "insertions": 7,
            "deletions": 5
          },
          {
            "hash": "4f0424a30ccc2805735942ed39c9b19f75f2fe71",
            "messageTitle": "Update DeveloperGuide.md",
            "messageBody": "",
            "insertions": 11,
            "deletions": 11
          }
        ]
      },
      {
        "insertions": 255,
        "deletions": 156,
        "date": "2020-04-02",
        "commitResults": [
          {
            "hash": "36037898199b05f164c504f247a5772db79e70b2",
            "messageTitle": "Making changes as reccomended by testers.",
            "messageBody": "",
            "insertions": 145,
            "deletions": 66
          },
          {
            "hash": "b8b5a28f1e866ab0ebc5592af13b0f07baac3b94",
            "messageTitle": "Update UserGuide.md",
            "messageBody": "Adding arbitrary input option.",
            "insertions": 1,
            "deletions": 1
          },
          {
            "hash": "85dceabf3c6d28896b6809dbdc95578478ca5f3e",
            "messageTitle": "changes to Test-cases",
            "messageBody": "",
            "insertions": 5,
            "deletions": 4
          },
          {
            "hash": "2b49082cc787e425a9191d6569999c0684dac9c1",
            "messageTitle": "Update UserGuide.md",
            "messageBody": "Changes proposed by testers.",
            "insertions": 27,
            "deletions": 26
          },
          {
            "hash": "5aa153be721d2edfca0e50a0309e053c78c598a4",
            "messageTitle": "changes proposed by testers",
            "messageBody": "",
            "insertions": 52,
            "deletions": 39
          },
          {
            "hash": "3fa9d4f0f2c7ad275e354adefb2dc0ae07583877",
            "messageTitle": "Update UserGuide.md",
            "messageBody": "",
            "insertions": 1,
            "deletions": 1
          },
          {
            "hash": "bbb7e6504999bcc062d7f3f4943ca08267d8439e",
            "messageTitle": "Update UserGuide.md",
            "messageBody": "",
            "insertions": 2,
            "deletions": 2
          },
          {
            "hash": "a3212fcbc694a754178b1e689f04e3d2a1bf7aee",
            "messageTitle": "Update UserGuide.md",
            "messageBody": "Adding links",
            "insertions": 22,
            "deletions": 17
          }
        ]
      },
      {
        "insertions": 51,
        "deletions": 50,
        "date": "2020-04-03",
        "commitResults": [
          {
            "hash": "096b66af8e10dd622df5c986def5ae3728154e21",
            "messageTitle": "handling corrupt Json file.",
            "messageBody": "",
            "insertions": 50,
            "deletions": 50
          },
          {
            "hash": "e974a42398d5607b930fceef6a0057b68d23a57b",
            "messageTitle": "catch statement",
            "messageBody": "",
            "insertions": 1,
            "deletions": 0
          }
        ]
      }
    ]
  },
  "authorFinalContributionMap": {
    "katelo731": 183,
    "melylopez99": 619,
    "yolanmz": 11,
    "alaukiknpant": 2297
  },
  "authorFileTypeContributionMap": {
    "katelo731": {
      "java": 180,
      "md": 0,
      "fxml": 0,
      "sh": 0,
      "bat": 0,
      "gradle": 3,
      "txt": 0
    },
    "melylopez99": {
      "java": 614,
      "md": 4,
      "fxml": 0,
      "sh": 0,
      "bat": 0,
      "gradle": 1,
      "txt": 0
    },
    "yolanmz": {
      "java": 9,
      "md": 2,
      "fxml": 0,
      "sh": 0,
      "bat": 0,
      "gradle": 0,
      "txt": 0
    },
    "alaukiknpant": {
      "java": 1871,
      "md": 414,
      "fxml": 0,
      "sh": 0,
      "bat": 2,
      "gradle": 9,
      "txt": 1
    }
  },
  "authorContributionVariance": {
    "katelo731": 8509.145,
    "melylopez99": 53106.598,
    "yolanmz": 251.89706,
    "alaukiknpant": 148867.55
  },
  "authorDisplayNameMap": {
    "katelo731": "CS2113-T14-2 LO W..HUEI",
    "melylopez99": "CS2113-T14-2 LOPE..ISSA",
    "yolanmz": "CS2113-T14-2 MA Q..GYUE",
    "alaukiknpant": "CS2113-T14-2 ALAU..PANT"
  }
}
