{
  "authorDailyContributionsMap": {
    "katelo731": [
      {
        "insertions": 1,
        "deletions": 1,
        "date": "2020-03-03",
        "commitResults": [
          {
            "hash": "6be58b5be8942e3097a8c9e7ebfe558b4857f9eb",
            "messageTitle": "Make some changes in AboutUs.md",
            "messageBody": "",
            "insertions": 1,
            "deletions": 1
          }
        ]
      }
    ],
    "melylopez99": [
      {
        "insertions": 4,
        "deletions": 1,
        "date": "2020-03-03",
        "commitResults": [
          {
            "hash": "b902a6f2e2da597a6f1988adb3366e9bcebfee41",
            "messageTitle": "melissaLopez-AboutUs",
            "messageBody": "",
            "insertions": 4,
            "deletions": 1
          }
        ]
      }
    ],
    "yolanmz": [
      {
        "insertions": 1,
        "deletions": 1,
        "date": "2020-03-03",
        "commitResults": [
          {
            "hash": "1e5b1e5b2f0bb7a9988b76fec01581bd480e0030",
            "messageTitle": "add changes",
            "messageBody": "",
            "insertions": 1,
            "deletions": 1
          }
        ]
      }
    ],
    "alaukiknpant": []
  },
  "authorFinalContributionMap": {
    "katelo731": 1,
    "melylopez99": 4,
    "yolanmz": 1,
    "alaukiknpant": 0
  },
  "authorFileTypeContributionMap": {
    "katelo731": {
      "java": 0,
      "md": 1,
      "fxml": 0,
      "sh": 0,
      "bat": 0,
      "gradle": 0,
      "txt": 0
    },
    "melylopez99": {
      "java": 0,
      "md": 4,
      "fxml": 0,
      "sh": 0,
      "bat": 0,
      "gradle": 0,
      "txt": 0
    },
    "yolanmz": {
      "java": 0,
      "md": 1,
      "fxml": 0,
      "sh": 0,
      "bat": 0,
      "gradle": 0,
      "txt": 0
    },
    "alaukiknpant": {
      "java": 0,
      "md": 0,
      "fxml": 0,
      "sh": 0,
      "bat": 0,
      "gradle": 0,
      "txt": 0
    }
  },
  "authorContributionVariance": {
    "katelo731": 0.88888884,
    "melylopez99": 5.555556,
    "yolanmz": 0.88888884,
    "alaukiknpant": 0.0
  },
  "authorDisplayNameMap": {
    "katelo731": "CS2113-T14-2 LO W..HUEI",
    "melylopez99": "CS2113-T14-2 LOPE..ISSA",
    "yolanmz": "CS2113-T14-2 MA Q..GYUE",
    "alaukiknpant": "CS2113-T14-2 ALAU..PANT"
  }
}
