{
  "authorDailyContributionsMap": {
    "katelo731": [
      {
        "insertions": 1,
        "deletions": 1,
        "date": "2020-03-03",
        "commitResults": [
          {
            "hash": "6be58b5be8942e3097a8c9e7ebfe558b4857f9eb",
            "messageTitle": "Make some changes in AboutUs.md",
            "messageBody": "",
            "insertions": 1,
            "deletions": 1
          }
        ]
      },
      {
        "insertions": 78,
        "deletions": 33,
        "date": "2020-03-06",
        "commitResults": [
          {
            "hash": "1f86cb279128f59968de001e8225d0343a389b37",
            "messageTitle": "Add greeting funtion to TechToday",
            "messageBody": "",
            "insertions": 65,
            "deletions": 23
          },
          {
            "hash": "cab73b3ab128f7b520ce38651f922f353530dcbb",
            "messageTitle": "resolve bugs when import class",
            "messageBody": "",
            "insertions": 4,
            "deletions": 4
          },
          {
            "hash": "0c238734b43ea5a19fb58c5c73375a7ca1407dbf",
            "messageTitle": "Rename src/test/java/seedu/TechToday/TechTodayTest.java to src/test/java/seedu/techtoday/TechTodayTest.java",
            "messageBody": "",
            "insertions": 1,
            "deletions": 1
          },
          {
            "hash": "b732848fff7f2194554f72978201646c8ba09b22",
            "messageTitle": "Rename src/main/java/seedu/TechToday/TechToday.java to src/main/java/seedu/techtoday/TechToday.java",
            "messageBody": "",
            "insertions": 0,
            "deletions": 0
          },
          {
            "hash": "3547fc1a8fea3b160b8121f2af1d88480a8666c4",
            "messageTitle": "Rename src/main/java/seedu/TechToday/common/Messages.java to src/main/java/seedu/techtoday/common/Messages.java",
            "messageBody": "",
            "insertions": 0,
            "deletions": 0
          },
          {
            "hash": "ae075597cf01bbc0ca7013db3f2fbfcd468cfeae",
            "messageTitle": "Fix error when build and check with Gradle",
            "messageBody": "",
            "insertions": 8,
            "deletions": 5
          }
        ]
      },
      {
        "insertions": 1,
        "deletions": 1,
        "date": "2020-03-09",
        "commitResults": [
          {
            "hash": "6e80b914181acddaaf387e0e4b55d2176026d143",
            "messageTitle": "Fix bugs in build.gradle",
            "messageBody": "",
            "insertions": 1,
            "deletions": 1
          }
        ]
      },
      {
        "insertions": 46,
        "deletions": 13,
        "date": "2020-03-10",
        "commitResults": [
          {
            "hash": "e3ace4cfa9e4f6fa86a31d5de9757d9eb7bb7cfa",
            "messageTitle": "Add list function",
            "messageBody": "",
            "insertions": 39,
            "deletions": 11
          },
          {
            "hash": "148f64b54370bd2b9137e3574c9c6303065a6d36",
            "messageTitle": "fix javadoc bug.",
            "messageBody": "",
            "insertions": 7,
            "deletions": 2
          }
        ]
      }
    ],
    "melylopez99": [
      {
        "insertions": 4,
        "deletions": 1,
        "date": "2020-03-03",
        "commitResults": [
          {
            "hash": "b902a6f2e2da597a6f1988adb3366e9bcebfee41",
            "messageTitle": "melissaLopez-AboutUs",
            "messageBody": "",
            "insertions": 4,
            "deletions": 1
          }
        ]
      },
      {
        "insertions": 50,
        "deletions": 4,
        "date": "2020-03-09",
        "commitResults": [
          {
            "hash": "4456624bb7d5ba884d0ab256c22a7c4c3fd608a3",
            "messageTitle": "Adding the save feature command",
            "messageBody": "",
            "insertions": 42,
            "deletions": 0
          },
          {
            "hash": "3d89552c7527aee380111d4d0e11fd771ff393a9",
            "messageTitle": "Fixing for gradle",
            "messageBody": "",
            "insertions": 6,
            "deletions": 2
          },
          {
            "hash": "e5f8c73815fc913d3ad9213270056fd671fadf0a",
            "messageTitle": "Fixing whitespace in Article",
            "messageBody": "",
            "insertions": 2,
            "deletions": 2
          }
        ]
      },
      {
        "insertions": 2,
        "deletions": 2,
        "date": "2020-03-10",
        "commitResults": [
          {
            "hash": "0ad0656eb7c4018473efb1d8c9728482d3f536c8",
            "messageTitle": "Moving Article and Features classes to Techtoday directory",
            "messageBody": "",
            "insertions": 2,
            "deletions": 2
          }
        ]
      }
    ],
    "yolanmz": [
      {
        "insertions": 1,
        "deletions": 1,
        "date": "2020-03-03",
        "commitResults": [
          {
            "hash": "1e5b1e5b2f0bb7a9988b76fec01581bd480e0030",
            "messageTitle": "add changes",
            "messageBody": "",
            "insertions": 1,
            "deletions": 1
          }
        ]
      },
      {
        "insertions": 50,
        "deletions": 9,
        "date": "2020-03-09",
        "commitResults": [
          {
            "hash": "4a9cfe4923c31344ee23224f5e1ad4cf6c888755",
            "messageTitle": "add features",
            "messageBody": "",
            "insertions": 40,
            "deletions": 0
          },
          {
            "hash": "c2121d4655d28b0d9a3970ef9b1ee4b061e4c196",
            "messageTitle": "Update Features.java",
            "messageBody": "",
            "insertions": 2,
            "deletions": 1
          },
          {
            "hash": "d3c75a695ba0932a99805b83624f89db49fd479f",
            "messageTitle": "Update Features.java",
            "messageBody": "",
            "insertions": 0,
            "deletions": 3
          },
          {
            "hash": "22b150284936bb06b6fd8c4241a88b9bb5117d30",
            "messageTitle": "Update Article.java",
            "messageBody": "",
            "insertions": 2,
            "deletions": 2
          },
          {
            "hash": "efd27afbefd54e1ad651e16954400d8e71dfa739",
            "messageTitle": "Update Features.java",
            "messageBody": "",
            "insertions": 4,
            "deletions": 2
          },
          {
            "hash": "5687a1495330347ccb7a36cb411a1d90005217de",
            "messageTitle": "Update Features.java",
            "messageBody": "",
            "insertions": 2,
            "deletions": 1
          }
        ]
      }
    ],
    "alaukiknpant": [
      {
        "insertions": 1,
        "deletions": 0,
        "date": "2020-03-09",
        "commitResults": [
          {
            "hash": "3a3fd668fce537d556f2b7c4c3d107c8705c7bfa",
            "messageTitle": "Update README.md",
            "messageBody": "",
            "insertions": 1,
            "deletions": 0
          }
        ]
      },
      {
        "insertions": 218,
        "deletions": 22,
        "date": "2020-03-15",
        "commitResults": [
          {
            "hash": "6144d925529b98517f30c4cb2a6f9067e64f1bc8",
            "messageTitle": "viewAPI implementation",
            "messageBody": "",
            "insertions": 189,
            "deletions": 22
          },
          {
            "hash": "4acfade9ea8be86da826a23c4445008c3c71726d",
            "messageTitle": "Adding J-Unit tests",
            "messageBody": "",
            "insertions": 29,
            "deletions": 0
          }
        ]
      },
      {
        "insertions": 78,
        "deletions": 65,
        "date": "2020-03-16",
        "commitResults": [
          {
            "hash": "5eef3bef9e194e8fef5cce5497a39c33772341c7",
            "messageTitle": "removing extra spaces",
            "messageBody": "",
            "insertions": 0,
            "deletions": 7
          },
          {
            "hash": "bd8f5a732d4e5d99717b9a62469d907905743ea7",
            "messageTitle": "Update TechToday.java",
            "messageBody": "",
            "insertions": 1,
            "deletions": 1
          },
          {
            "hash": "8fe4e3b9c896c7345fa70d9d91d7f8924be6c89b",
            "messageTitle": "name of package changed",
            "messageBody": "",
            "insertions": 6,
            "deletions": 6
          },
          {
            "hash": "dac734182d23b2da1c30f4a384e357cbca1e0fca",
            "messageTitle": "following coding standard",
            "messageBody": "",
            "insertions": 27,
            "deletions": 7
          },
          {
            "hash": "63869e81543b59abf57799ca5157ef9a25b731d1",
            "messageTitle": "no message",
            "messageBody": "",
            "insertions": 2,
            "deletions": 6
          },
          {
            "hash": "627fc5cb84045b11a86b02f71cb33933e2e5245c",
            "messageTitle": "complying to coding standards",
            "messageBody": "",
            "insertions": 18,
            "deletions": 24
          },
          {
            "hash": "8d9423707973b0d28384163d593643a11558a459",
            "messageTitle": "coding standards again",
            "messageBody": "",
            "insertions": 5,
            "deletions": 3
          },
          {
            "hash": "b6722952328afe46c5437ca1f83609e2a559d94c",
            "messageTitle": "coding standards in the test file",
            "messageBody": "",
            "insertions": 11,
            "deletions": 8
          },
          {
            "hash": "31dee8e5bc821d898c65d88145aac2c523f237a7",
            "messageTitle": "text-ui-text",
            "messageBody": "",
            "insertions": 8,
            "deletions": 3
          }
        ]
      }
    ]
  },
  "authorFinalContributionMap": {
    "katelo731": 95,
    "melylopez99": 24,
    "yolanmz": 32,
    "alaukiknpant": 230
  },
  "authorFileTypeContributionMap": {
    "katelo731": {
      "java": 90,
      "md": 1,
      "fxml": 0,
      "sh": 0,
      "bat": 0,
      "gradle": 4,
      "txt": 0
    },
    "melylopez99": {
      "java": 20,
      "md": 4,
      "fxml": 0,
      "sh": 0,
      "bat": 0,
      "gradle": 0,
      "txt": 0
    },
    "yolanmz": {
      "java": 31,
      "md": 1,
      "fxml": 0,
      "sh": 0,
      "bat": 0,
      "gradle": 0,
      "txt": 0
    },
    "alaukiknpant": {
      "java": 226,
      "md": 1,
      "fxml": 0,
      "sh": 0,
      "bat": 0,
      "gradle": 2,
      "txt": 1
    }
  },
  "authorContributionVariance": {
    "katelo731": 869.8594,
    "melylopez99": 169.3086,
    "yolanmz": 203.27734,
    "alaukiknpant": 4302.125
  },
  "authorDisplayNameMap": {
    "katelo731": "CS2113-T14-2 LO W..HUEI",
    "melylopez99": "CS2113-T14-2 LOPE..ISSA",
    "yolanmz": "CS2113-T14-2 MA Q..GYUE",
    "alaukiknpant": "CS2113-T14-2 ALAU..PANT"
  }
}
