{
  "authorDailyContributionsMap": {
    "anqi-nus": [
      {
        "insertions": 3,
        "deletions": 5,
        "date": "2020-03-03",
        "commitResults": [
          {
            "hash": "ded241f99dd4ca9b213378cc8a57ac1fc3530d5a",
            "messageTitle": "Add changes.",
            "messageBody": "",
            "insertions": 1,
            "deletions": 0
          },
          {
            "hash": "a7fa9a073fc17a9b501c80fb1a887c875c6bc692",
            "messageTitle": "Change name.",
            "messageBody": "",
            "insertions": 1,
            "deletions": 2
          },
          {
            "hash": "a6b52494246601eb32e8548c8ccb78ae911f4090",
            "messageTitle": "Update link.",
            "messageBody": "",
            "insertions": 1,
            "deletions": 1
          },
          {
            "hash": "055e4302482a60ea5008459078f490eec32b2cd1",
            "messageTitle": "Update about us.",
            "messageBody": "",
            "insertions": 0,
            "deletions": 2
          }
        ]
      },
      {
        "insertions": 177,
        "deletions": 1,
        "date": "2020-03-06",
        "commitResults": [
          {
            "hash": "5a791e538a4250e62fc775eecf57ebe5f81ff1a6",
            "messageTitle": "Add performance, list based on student and assignment. Also part of parser.",
            "messageBody": "",
            "insertions": 176,
            "deletions": 0
          },
          {
            "hash": "3f3051843d4117fcb4f9037ecb3b968a5d8bde04",
            "messageTitle": "Change split character in Parser.",
            "messageBody": "",
            "insertions": 1,
            "deletions": 1
          }
        ]
      },
      {
        "insertions": 517,
        "deletions": 249,
        "date": "2020-03-07",
        "commitResults": [
          {
            "hash": "e273d348cd9fd82e53e69d5877cb2acb4d6b0178",
            "messageTitle": "Update style and documentation.",
            "messageBody": "",
            "insertions": 55,
            "deletions": 17
          },
          {
            "hash": "aa0568452084823da67b83cfbf19e7ba9a6b1aed",
            "messageTitle": "Add command class and link parser to performance.",
            "messageBody": "",
            "insertions": 82,
            "deletions": 3
          },
          {
            "hash": "3fb7ae722ea6f806e11e8e1c0d05ec75cabc9421",
            "messageTitle": "Add performance list. New feature: add and delete performance from the performance list.",
            "messageBody": "",
            "insertions": 176,
            "deletions": 11
          },
          {
            "hash": "cca3ef799a8885f9f4578e4e6b07bf25234836b2",
            "messageTitle": "Update the code to make the methods less redundant.",
            "messageBody": "",
            "insertions": 77,
            "deletions": 119
          },
          {
            "hash": "89ab02be2aa9637c8cf94f95681339ee3461c235",
            "messageTitle": "Link to main and tried run ok.",
            "messageBody": "",
            "insertions": 121,
            "deletions": 90
          },
          {
            "hash": "eba29305f17cb693af48263df5b6538b28ae8510",
            "messageTitle": "Pass style check",
            "messageBody": "",
            "insertions": 6,
            "deletions": 9
          }
        ]
      },
      {
        "insertions": 45,
        "deletions": 920,
        "date": "2020-03-09",
        "commitResults": [
          {
            "hash": "243a7bd4591853463bb8d36cbd71ffd3bf97bb82",
            "messageTitle": "Revert \"Add performance, list based on student and assignment. Also part of p…\"",
            "messageBody": "",
            "insertions": 4,
            "deletions": 451
          },
          {
            "hash": "74b933e24308d64daa8f03eb5c4b52399b401c15",
            "messageTitle": "Add package.",
            "messageBody": "",
            "insertions": 24,
            "deletions": 10
          },
          {
            "hash": "e81b56b6b21c85016709081b7b9667b158582923",
            "messageTitle": "To correct style.",
            "messageBody": "",
            "insertions": 12,
            "deletions": 9
          },
          {
            "hash": "e38d6390c0f012e7fb9b8925129e85c44055950e",
            "messageTitle": "Revert \"Anqi performance\"",
            "messageBody": "",
            "insertions": 5,
            "deletions": 450
          }
        ]
      },
      {
        "insertions": 256,
        "deletions": 289,
        "date": "2020-03-10",
        "commitResults": [
          {
            "hash": "3fa60f1af1680a0ad134ef5de9c74c4ca0beb1d8",
            "messageTitle": "idk",
            "messageBody": "",
            "insertions": 8,
            "deletions": 8
          },
          {
            "hash": "2f7c1a785ca41a13f62d2c84604a752a99281767",
            "messageTitle": "Refactor to team structure.",
            "messageBody": "",
            "insertions": 238,
            "deletions": 277
          },
          {
            "hash": "79c5b77f8823c484a6215a3d194fa27e0217a887",
            "messageTitle": "Style check.",
            "messageBody": "",
            "insertions": 6,
            "deletions": 4
          },
          {
            "hash": "30ee5dee29e2ad35074675ebb1111d350da179e7",
            "messageTitle": "Update Performancelist.",
            "messageBody": "",
            "insertions": 4,
            "deletions": 0
          }
        ]
      },
      {
        "insertions": 237,
        "deletions": 158,
        "date": "2020-03-12",
        "commitResults": [
          {
            "hash": "1af6f8046ef1b1b81a59c5de903a18b02f740059",
            "messageTitle": "Add UI, feature list table.",
            "messageBody": "",
            "insertions": 152,
            "deletions": 106
          },
          {
            "hash": "e76eb61d4d64ca328051d889603b66d432abb11a",
            "messageTitle": "Update Storage IO.",
            "messageBody": "",
            "insertions": 85,
            "deletions": 52
          }
        ]
      },
      {
        "insertions": 271,
        "deletions": 191,
        "date": "2020-03-13",
        "commitResults": [
          {
            "hash": "ecf0ea7958b1567fd39601027e839b2dfa71b9a7",
            "messageTitle": "Link UI to other classes. (not done yet)",
            "messageBody": "",
            "insertions": 65,
            "deletions": 21
          },
          {
            "hash": "ceca8e782e85ad6faf759bf26684e3bcf92bf45e",
            "messageTitle": "Add performance interpreter class.",
            "messageBody": "",
            "insertions": 19,
            "deletions": 10
          },
          {
            "hash": "505f740e6206263a2c97e95dfeb101cb7d4e98f2",
            "messageTitle": "Edit on addList",
            "messageBody": "",
            "insertions": 138,
            "deletions": 108
          },
          {
            "hash": "87e753ad1c5d2570f2feb7f5a18b36fab87ef0d1",
            "messageTitle": "Add documentation",
            "messageBody": "",
            "insertions": 29,
            "deletions": 5
          },
          {
            "hash": "de4c31035a9a267c7df2c6a6f1785960409b1891",
            "messageTitle": "Update test.",
            "messageBody": "",
            "insertions": 1,
            "deletions": 4
          },
          {
            "hash": "844f591d2a152f1ac57389cebee8b535165af925",
            "messageTitle": "Update ui test.",
            "messageBody": "",
            "insertions": 3,
            "deletions": 2
          },
          {
            "hash": "80d6d648a5c7e34cd47e69ca28cabc3e711befa7",
            "messageTitle": "Update UI test to make it pass.",
            "messageBody": "",
            "insertions": 2,
            "deletions": 2
          },
          {
            "hash": "213e6cf7f601808f997a4f224ff9e52c9462dc39",
            "messageTitle": "Change format.",
            "messageBody": "",
            "insertions": 12,
            "deletions": 15
          },
          {
            "hash": "ccb314947a86ad2efdd7bc0c7530e1b278951b29",
            "messageTitle": "Use storageTo... from ParserStorage.",
            "messageBody": "",
            "insertions": 2,
            "deletions": 24
          }
        ]
      },
      {
        "insertions": 1,
        "deletions": 2,
        "date": "2020-03-16",
        "commitResults": [
          {
            "hash": "07f3783cd8548a9fb1fea009a4cf2659922269b5",
            "messageTitle": "Edit performance",
            "messageBody": "",
            "insertions": 1,
            "deletions": 2
          }
        ]
      },
      {
        "insertions": 39,
        "deletions": 34,
        "date": "2020-03-17",
        "commitResults": [
          {
            "hash": "cc027018b8029bf844e6848dee9bbffa15ad386c",
            "messageTitle": "Some updates",
            "messageBody": "",
            "insertions": 39,
            "deletions": 34
          }
        ]
      },
      {
        "insertions": 79,
        "deletions": 20,
        "date": "2020-03-18",
        "commitResults": [
          {
            "hash": "6c9357b31d81247cee9bed8f7880c3aaf2f44617",
            "messageTitle": "Create StudentList class.",
            "messageBody": "",
            "insertions": 47,
            "deletions": 1
          },
          {
            "hash": "4ff7973fa4c7b1d9098047ec6e38d3ec47137618",
            "messageTitle": "Link with add performance.",
            "messageBody": "",
            "insertions": 32,
            "deletions": 19
          }
        ]
      },
      {
        "insertions": 248,
        "deletions": 299,
        "date": "2020-03-19",
        "commitResults": [
          {
            "hash": "e895d0c8fb77dc6338def5f04784f6361b4c5b4e",
            "messageTitle": "Update performance class and link performance to student list.",
            "messageBody": "",
            "insertions": 236,
            "deletions": 287
          },
          {
            "hash": "ef8a80ff5d4825706887e684a14189fa1ce88521",
            "messageTitle": "Edit style.",
            "messageBody": "",
            "insertions": 12,
            "deletions": 12
          }
        ]
      },
      {
        "insertions": 3,
        "deletions": 1,
        "date": "2020-03-20",
        "commitResults": [
          {
            "hash": "d8bb9a03401b950ff2fb1e33383afdb04f0e0a1f",
            "messageTitle": "Fix bug when merging.",
            "messageBody": "",
            "insertions": 3,
            "deletions": 1
          }
        ]
      },
      {
        "insertions": 112,
        "deletions": 28,
        "date": "2020-03-21",
        "commitResults": [
          {
            "hash": "e79f1d6617e4c783b0cdfa4ad3fc9695517d5d08",
            "messageTitle": "Add help command",
            "messageBody": "",
            "insertions": 15,
            "deletions": 0
          },
          {
            "hash": "61951b0723c5f770a4f985031349710c1e333a80",
            "messageTitle": "Tested performance list working well.",
            "messageBody": "",
            "insertions": 95,
            "deletions": 27
          },
          {
            "hash": "6c0d9437d5ccdf96ac50ccc6a1b918eaba4dfb17",
            "messageTitle": "Check style",
            "messageBody": "",
            "insertions": 2,
            "deletions": 1
          }
        ]
      }
    ],
    "lowjiayee": [
      {
        "insertions": 1,
        "deletions": 1,
        "date": "2020-03-03",
        "commitResults": [
          {
            "hash": "51bddfb82fddafca32064e0a5f833142cafe242d",
            "messageTitle": "Update AboutUs.md",
            "messageBody": "",
            "insertions": 1,
            "deletions": 1
          }
        ]
      },
      {
        "insertions": 316,
        "deletions": 15,
        "date": "2020-03-06",
        "commitResults": [
          {
            "hash": "77279b4fc94d5b9bd618b04836d1237f187c7e18",
            "messageTitle": "Add basic functionalities for Event",
            "messageBody": "",
            "insertions": 167,
            "deletions": 0
          },
          {
            "hash": "02117c5dc42a9236b63198546b7fa763dfb6b234",
            "messageTitle": "Add basic io",
            "messageBody": "",
            "insertions": 37,
            "deletions": 0
          },
          {
            "hash": "3ed2f76fd1650e9b5bf3738ad6f9f7274ed08865",
            "messageTitle": "Update code style",
            "messageBody": "",
            "insertions": 8,
            "deletions": 8
          },
          {
            "hash": "e68fee305f18b416bf8886d59368df7772111817",
            "messageTitle": "Add parseEvent (only for adding event)",
            "messageBody": "",
            "insertions": 97,
            "deletions": 0
          },
          {
            "hash": "dc45b6a2ffbded5c1ecb0100c742840f716492f9",
            "messageTitle": "Update code style",
            "messageBody": "",
            "insertions": 7,
            "deletions": 7
          }
        ]
      },
      {
        "insertions": 144,
        "deletions": 50,
        "date": "2020-03-09",
        "commitResults": [
          {
            "hash": "731677e38ac89b4dc5231bfef7d4f5d58b2d6d61",
            "messageTitle": "Modify naming method for unnamed event",
            "messageBody": "",
            "insertions": 12,
            "deletions": 3
          },
          {
            "hash": "1492d547798c66b8d98c47744cdf793b856ac28f",
            "messageTitle": "Add EventTest",
            "messageBody": "",
            "insertions": 58,
            "deletions": 0
          },
          {
            "hash": "b85014c38d0aae7e530105e1f6856b7cf5e5e992",
            "messageTitle": "Fix setName logic",
            "messageBody": "",
            "insertions": 18,
            "deletions": 4
          },
          {
            "hash": "2312068d7cd9f039d4af0a3fd6aa9a0be2183d86",
            "messageTitle": "Remove IO to another branch",
            "messageBody": "",
            "insertions": 0,
            "deletions": 37
          },
          {
            "hash": "dbdb9a5b8730a268d4ac7023a2e456639a922deb",
            "messageTitle": "Add simple IO",
            "messageBody": "",
            "insertions": 37,
            "deletions": 0
          },
          {
            "hash": "ffeace5e6d37542ba23309d4c723df707c2db9d4",
            "messageTitle": "Add more unit tests for setName",
            "messageBody": "",
            "insertions": 19,
            "deletions": 6
          }
        ]
      },
      {
        "insertions": 363,
        "deletions": 318,
        "date": "2020-03-12",
        "commitResults": [
          {
            "hash": "c89a818f9a3220150273a886e316cc43137e2e6a",
            "messageTitle": "Modify interpreter logic (work-in-progress)",
            "messageBody": "",
            "insertions": 141,
            "deletions": 130
          },
          {
            "hash": "3e733d151c234db28ffd854590d270c4d99fca36",
            "messageTitle": "Add basic control flow",
            "messageBody": "Start from...\n1.Duke\n2.CommandInterpreter\n3.EventCommandInterpreter\n4.Add\n5.EventList\n",
            "insertions": 132,
            "deletions": 33
          },
          {
            "hash": "d6c8090d83f8f752e603c0c11d07509fc18f1daa",
            "messageTitle": "Improve readability of classes and functions",
            "messageBody": "",
            "insertions": 23,
            "deletions": 27
          },
          {
            "hash": "394a4136b46b82eeed6284355f5ebb660d643c79",
            "messageTitle": "Fix incorrect override of Command.execute()",
            "messageBody": "Take note that execute() for Attendance and Performance related commands are deleted to conform to overriding of abstract execute() method.\n",
            "insertions": 50,
            "deletions": 107
          },
          {
            "hash": "9fd46c0a87346a32d2e6b83249ba7406f91c0b0b",
            "messageTitle": "Ensure consistent exception handling",
            "messageBody": "",
            "insertions": 15,
            "deletions": 19
          },
          {
            "hash": "2d392dcc6a5b35f218923a0aecc50f799b20e0c2",
            "messageTitle": "Edit text-ui-test",
            "messageBody": "",
            "insertions": 2,
            "deletions": 2
          }
        ]
      },
      {
        "insertions": 38,
        "deletions": 12,
        "date": "2020-03-13",
        "commitResults": [
          {
            "hash": "550fd2d7de151ab2536f5a6638dab2f35f8d290b",
            "messageTitle": "Implement command request loop and \u0027bye\u0027 command",
            "messageBody": "",
            "insertions": 36,
            "deletions": 11
          },
          {
            "hash": "1ea761651713a679cd608a522c4986fa67daec63",
            "messageTitle": "Fix error from not importing Bye",
            "messageBody": "",
            "insertions": 2,
            "deletions": 1
          }
        ]
      },
      {
        "insertions": 22,
        "deletions": 13,
        "date": "2020-03-14",
        "commitResults": [
          {
            "hash": "2b4b653179e2722009e8818c4fe7c6abdd3f7d71",
            "messageTitle": "Fix parseEvent not providing parameters",
            "messageBody": "Java is pass-by-value!\n",
            "insertions": 22,
            "deletions": 13
          }
        ]
      },
      {
        "insertions": 90,
        "deletions": 29,
        "date": "2020-03-16",
        "commitResults": [
          {
            "hash": "642c89d33ff3e3c2839c0abff0378620284643b6",
            "messageTitle": "Fix adding space-separated strings into 1 parameter",
            "messageBody": "",
            "insertions": 46,
            "deletions": 15
          },
          {
            "hash": "4a4fdab09289f6c6319e567976a6bd439dbeffbf",
            "messageTitle": "Fix undeclared DukeException in EventTest",
            "messageBody": "",
            "insertions": 6,
            "deletions": 6
          },
          {
            "hash": "e72aa8bd43af4ad01f934c2444b1c3db07cdfcd1",
            "messageTitle": "Fix exception type thrown in EventTest",
            "messageBody": "",
            "insertions": 2,
            "deletions": 2
          },
          {
            "hash": "a37b5ed60cf7b8452774dea0a271b53110e55eb9",
            "messageTitle": "Add Logging to Duke.java",
            "messageBody": "",
            "insertions": 23,
            "deletions": 0
          },
          {
            "hash": "233a488257c8a748ecb1333066d0883c6a645947",
            "messageTitle": "Add assertion for CommandInterpreter",
            "messageBody": "",
            "insertions": 7,
            "deletions": 4
          },
          {
            "hash": "5d06351c7a496a1b68e2423f2462378e57e6a7bf",
            "messageTitle": "Modify Duke to conform to style",
            "messageBody": "",
            "insertions": 6,
            "deletions": 2
          }
        ]
      },
      {
        "insertions": 2,
        "deletions": 2,
        "date": "2020-03-17",
        "commitResults": [
          {
            "hash": "3b326140e87c7772a7f5ab409039d858670802b7",
            "messageTitle": "Modify CommandInterpreter for style",
            "messageBody": "",
            "insertions": 2,
            "deletions": 2
          }
        ]
      },
      {
        "insertions": 18,
        "deletions": 10,
        "date": "2020-03-21",
        "commitResults": [
          {
            "hash": "2762de57150ef4ec6a69ae6b4a96429b9c6812df",
            "messageTitle": "Change how Events are shown",
            "messageBody": "Change toString() to only show attributes that are defined by user.\n",
            "insertions": 18,
            "deletions": 10
          }
        ]
      }
    ],
    "benchan911": [
      {
        "insertions": 1,
        "deletions": 1,
        "date": "2020-03-03",
        "commitResults": [
          {
            "hash": "c76d64cd4e5d945f484f1e005d648a506a2d5412",
            "messageTitle": "[Update] AboutUs - added Benjamin",
            "messageBody": "",
            "insertions": 1,
            "deletions": 1
          }
        ]
      },
      {
        "insertions": 172,
        "deletions": 0,
        "date": "2020-03-09",
        "commitResults": [
          {
            "hash": "3c878af07607285db44735c891652266121f2772",
            "messageTitle": "[Update] Basic CommandInterpreter",
            "messageBody": "",
            "insertions": 45,
            "deletions": 0
          },
          {
            "hash": "479e3beb8f49080c35032692c5bdafdb5fa224ef",
            "messageTitle": "[Update] JavaDoc",
            "messageBody": "",
            "insertions": 7,
            "deletions": 0
          },
          {
            "hash": "0095e9ebd8e1ce4dc718ed879aac5b771c03986b",
            "messageTitle": "[Update] Student Class",
            "messageBody": "",
            "insertions": 86,
            "deletions": 0
          },
          {
            "hash": "0324dc68e897623dd3691b806a3b5270ad237814",
            "messageTitle": "[Update] JUnit Test for attendance",
            "messageBody": "",
            "insertions": 34,
            "deletions": 0
          }
        ]
      },
      {
        "insertions": 148,
        "deletions": 41,
        "date": "2020-03-10",
        "commitResults": [
          {
            "hash": "887431e398ce3ad234e8eaf9808b02c16a11498a",
            "messageTitle": "[Update] Module and Attendance",
            "messageBody": "",
            "insertions": 41,
            "deletions": 32
          },
          {
            "hash": "6dfa52aa988b61c611009b5c8b5b72d79ef4b9a0",
            "messageTitle": "[Update] JUnit test for Attendance",
            "messageBody": "",
            "insertions": 7,
            "deletions": 9
          },
          {
            "hash": "16cceae4521bc722bd8b4c3d957d549c3ca2a033",
            "messageTitle": "Adding Attendance Command",
            "messageBody": "",
            "insertions": 100,
            "deletions": 0
          }
        ]
      },
      {
        "insertions": 311,
        "deletions": 131,
        "date": "2020-03-11",
        "commitResults": [
          {
            "hash": "61639ab8ddab31b27e197ac7fb1cc79541c9d14b",
            "messageTitle": "Storage Class Created",
            "messageBody": "",
            "insertions": 127,
            "deletions": 0
          },
          {
            "hash": "8beac0aff7ddbc0d3c385f97d5e85b8f69ba76b4",
            "messageTitle": "fix javaDoc",
            "messageBody": "",
            "insertions": 1,
            "deletions": 1
          },
          {
            "hash": "01277b643607379f09656bbca11e3a9e6e39ba06",
            "messageTitle": "Remove DateTime to avoid merge Conflict",
            "messageBody": "",
            "insertions": 17,
            "deletions": 17
          },
          {
            "hash": "893607a0418803053a01b520ec0230a2e59ae4b6",
            "messageTitle": "Update Storage - Attendance , Events",
            "messageBody": "",
            "insertions": 103,
            "deletions": 25
          },
          {
            "hash": "44dce6a81e47081bab2607173fdc3b2728b59669",
            "messageTitle": "Fixed JUnit Test",
            "messageBody": "",
            "insertions": 3,
            "deletions": 3
          },
          {
            "hash": "e63c5eab064d8daf7216bace989f296d8809aec4",
            "messageTitle": "Command into Abstract Class",
            "messageBody": "",
            "insertions": 60,
            "deletions": 85
          }
        ]
      },
      {
        "insertions": 105,
        "deletions": 16,
        "date": "2020-03-12",
        "commitResults": [
          {
            "hash": "562279b5ceec46383a98805df7cf8ae4ab89d031",
            "messageTitle": "Benjamin user guide (#28)",
            "messageBody": "* Update UserGuide\r\n\r\n* Image File\r\n\r\n* Image Found",
            "insertions": 104,
            "deletions": 15
          },
          {
            "hash": "35e7509e5421a4cc125b1719e7887ba9c94699b3",
            "messageTitle": "Update UserGuide.md",
            "messageBody": "",
            "insertions": 1,
            "deletions": 1
          }
        ]
      },
      {
        "insertions": 217,
        "deletions": 29,
        "date": "2020-03-14",
        "commitResults": [
          {
            "hash": "16d5172e97ea620089c5b9cc4c7115631ead7914",
            "messageTitle": "Benjamin attendance (#33)",
            "messageBody": "* [Update] Logo\r\n\r\n* Update Attendance command\r\n\r\n* Added Command Interpreter\r\n\r\n* Fix stylemain bug\r\n\r\n* Fixed Logo Bug\r\n\r\n* updated CommandInterpreter\r\n\r\n* update attendance",
            "insertions": 217,
            "deletions": 29
          }
        ]
      },
      {
        "insertions": 2,
        "deletions": 0,
        "date": "2020-03-15",
        "commitResults": [
          {
            "hash": "c8840a17b1864d9838420494fbb9fdb72410d5f3",
            "messageTitle": "Assertion Updated",
            "messageBody": "",
            "insertions": 2,
            "deletions": 0
          }
        ]
      },
      {
        "insertions": 32,
        "deletions": 7,
        "date": "2020-03-16",
        "commitResults": [
          {
            "hash": "719f77b290569da179c80aa527dff9b183585f9a",
            "messageTitle": "Added Logger",
            "messageBody": "",
            "insertions": 32,
            "deletions": 7
          }
        ]
      },
      {
        "insertions": 80,
        "deletions": 30,
        "date": "2020-03-21",
        "commitResults": [
          {
            "hash": "f3906e53eb4136c72cfcd5ee3a2aa97078f17221",
            "messageTitle": "Basic Update",
            "messageBody": "",
            "insertions": 80,
            "deletions": 30
          }
        ]
      }
    ],
    "harithadiv": [
      {
        "insertions": 2,
        "deletions": 2,
        "date": "2020-03-03",
        "commitResults": [
          {
            "hash": "6c0418cf0ac3fa80118d07293c5c79738a2b6529",
            "messageTitle": "Update ReadMe",
            "messageBody": "",
            "insertions": 2,
            "deletions": 2
          }
        ]
      },
      {
        "insertions": 42,
        "deletions": 18,
        "date": "2020-03-10",
        "commitResults": [
          {
            "hash": "f10348638db3372d8af2a2f405a7a5a667625d96",
            "messageTitle": "Add datetime feature to event",
            "messageBody": "",
            "insertions": 27,
            "deletions": 4
          },
          {
            "hash": "e245bfb7b59e79c7514337a8100fd51c3d89e084",
            "messageTitle": "edit datetime branch",
            "messageBody": "",
            "insertions": 2,
            "deletions": 2
          },
          {
            "hash": "92635336f7c17a256b6861d1ecafdbf76f8b02df",
            "messageTitle": "fix junit",
            "messageBody": "",
            "insertions": 13,
            "deletions": 12
          }
        ]
      },
      {
        "insertions": 2,
        "deletions": 3,
        "date": "2020-03-11",
        "commitResults": [
          {
            "hash": "93d3ca919e84224df6eae5c84319b23d0216dc9d",
            "messageTitle": "Fix indentation for comment",
            "messageBody": "",
            "insertions": 2,
            "deletions": 3
          }
        ]
      },
      {
        "insertions": 60,
        "deletions": 43,
        "date": "2020-03-12",
        "commitResults": [
          {
            "hash": "a4215bb22b57432de7967f174caf4fcc1aa6ad59",
            "messageTitle": "Add Exceptions to Date and time",
            "messageBody": "",
            "insertions": 44,
            "deletions": 22
          },
          {
            "hash": "86302ff658f0819a08b99e2c7db3d472fd356fc9",
            "messageTitle": "Fix DukeException bugs",
            "messageBody": "",
            "insertions": 16,
            "deletions": 21
          }
        ]
      },
      {
        "insertions": 309,
        "deletions": 47,
        "date": "2020-03-14",
        "commitResults": [
          {
            "hash": "a6aee695b08259e87cd3c37907e15bdb127bb0dd",
            "messageTitle": "Add commandtypes for event and add seminar",
            "messageBody": "",
            "insertions": 195,
            "deletions": 25
          },
          {
            "hash": "5bbb7e8a23dbf80e2a1d76ad64011bb7913be720",
            "messageTitle": "Add list event feature and fix index parsing bug",
            "messageBody": "",
            "insertions": 30,
            "deletions": 5
          },
          {
            "hash": "375d68995d50530458eb6f4ce687a929301c365a",
            "messageTitle": "Add dukeexceptions and comments to methods",
            "messageBody": "",
            "insertions": 26,
            "deletions": 6
          },
          {
            "hash": "c44b0be7289541a4b90db4e3f3f4d58f0bbcf122",
            "messageTitle": "fix junit",
            "messageBody": "",
            "insertions": 10,
            "deletions": 0
          },
          {
            "hash": "01ed7d843371f291e272ea985701f4d0c1f9b89f",
            "messageTitle": "Fix checkstylemain",
            "messageBody": "",
            "insertions": 1,
            "deletions": 2
          },
          {
            "hash": "05862752de9a4ee4c3b8b06add20c20c2ffd4e11",
            "messageTitle": "Resolve merge conflict with master branch",
            "messageBody": "",
            "insertions": 46,
            "deletions": 8
          },
          {
            "hash": "c108b53a71f4131e920eb686002f0d06a8d7ba99",
            "messageTitle": "Fix i/o redirection test",
            "messageBody": "",
            "insertions": 1,
            "deletions": 1
          }
        ]
      },
      {
        "insertions": 19,
        "deletions": 1,
        "date": "2020-03-15",
        "commitResults": [
          {
            "hash": "00835e73245adc165f1e6a8eb9553302a2decad0",
            "messageTitle": "Link UI to event commands",
            "messageBody": "",
            "insertions": 19,
            "deletions": 1
          }
        ]
      },
      {
        "insertions": 103,
        "deletions": 64,
        "date": "2020-03-16",
        "commitResults": [
          {
            "hash": "dd02518c862628743f0a0f42de316d0f16bc6d87",
            "messageTitle": "Move exceptions to command classes",
            "messageBody": "",
            "insertions": 13,
            "deletions": 9
          },
          {
            "hash": "9770fe4d79dca2ebdb2e1b915a5094dc886c634c",
            "messageTitle": "Fix minor bugs",
            "messageBody": "",
            "insertions": 48,
            "deletions": 16
          },
          {
            "hash": "26b9335081e8a2385a668d7fcfe368d3a183cc6e",
            "messageTitle": "Fix bug when typing white spaces",
            "messageBody": "",
            "insertions": 41,
            "deletions": 38
          },
          {
            "hash": "6215d7189b0118b49af666df6f65b276ac55b969",
            "messageTitle": "Fix junit",
            "messageBody": "",
            "insertions": 1,
            "deletions": 1
          }
        ]
      },
      {
        "insertions": 328,
        "deletions": 50,
        "date": "2020-03-20",
        "commitResults": [
          {
            "hash": "d47c4137ebc5d5dacdeaa86b5203e7f5570efb18",
            "messageTitle": "Implement seminar functionalities (#68)",
            "messageBody": "* Add junit for Seminar\r\n\r\n* Add editname, editseminar, addseminar functionalities\r\n\r\n* Add viewing of all seminar and duke exceptions\r\n\r\n* Add delete seminar functionality\r\n\r\n* Change UI methods to follow common style\r\n\r\n* Add editvenue, editdatetime, editname functionalities to seminar\r\n\r\n* Fix checkstyle and junit\r\n\r\n* Add log files to gitignore\r\n\r\n* remove log files from repo",
            "insertions": 328,
            "deletions": 50
          }
        ]
      }
    ]
  },
  "authorFinalContributionMap": {
    "anqi-nus": 729,
    "lowjiayee": 606,
    "benchan911": 718,
    "harithadiv": 635
  },
  "authorFileTypeContributionMap": {
    "anqi-nus": {
      "java": 727,
      "md": 1,
      "fxml": 0,
      "sh": 0,
      "bat": 0,
      "gradle": 0,
      "txt": 1
    },
    "lowjiayee": {
      "java": 604,
      "md": 1,
      "fxml": 0,
      "sh": 0,
      "bat": 0,
      "gradle": 0,
      "txt": 1
    },
    "benchan911": {
      "java": 561,
      "md": 157,
      "fxml": 0,
      "sh": 0,
      "bat": 0,
      "gradle": 0,
      "txt": 0
    },
    "harithadiv": {
      "java": 633,
      "md": 1,
      "fxml": 0,
      "sh": 0,
      "bat": 0,
      "gradle": 1,
      "txt": 0
    }
  },
  "authorContributionVariance": {
    "anqi-nus": 81722.68,
    "lowjiayee": 25255.04,
    "benchan911": 12671.714,
    "harithadiv": 12155.761
  },
  "authorDisplayNameMap": {
    "anqi-nus": "CS2113T-T12-4 YANG..N QI",
    "lowjiayee": "CS2113T-T12-4 LOW .. YEE",
    "benchan911": "CS2113T-T12-4 CHAN..AMIN",
    "harithadiv": "CS2113T-T12-4 DIVA..ITHA"
  }
}
