{
  "authorDailyContributionsMap": {
    "dejunnn": [
      {
        "insertions": 1,
        "deletions": 1,
        "date": "2020-03-03",
        "commitResults": [
          {
            "hash": "f233ec7c4527b1e7727b547902ed4888bc5eab36",
            "messageTitle": "Updated AboutUs.md",
            "messageBody": "",
            "insertions": 1,
            "deletions": 1
          }
        ]
      },
      {
        "insertions": 68,
        "deletions": 43,
        "date": "2020-03-10",
        "commitResults": [
          {
            "hash": "5df4cc60ae693322dd01f3e38ca3493e326eff9c",
            "messageTitle": "Minor edits to fix coding standard in Duke, Food, Person + Updated AboutUs page",
            "messageBody": "",
            "insertions": 30,
            "deletions": 22
          },
          {
            "hash": "cfad16d0936feec89cdb4e98bd6f9a45a9143b46",
            "messageTitle": "DJ: Prompt input of user information",
            "messageBody": "",
            "insertions": 15,
            "deletions": 2
          },
          {
            "hash": "c8246a425ff201d069c61f1b8a549cb5e0e0ba2d",
            "messageTitle": "DJ: made minor edits to user prompt",
            "messageBody": "",
            "insertions": 23,
            "deletions": 19
          }
        ]
      },
      {
        "insertions": 151,
        "deletions": 75,
        "date": "2020-03-11",
        "commitResults": [
          {
            "hash": "dd26cc32a9c18ddeb822479f2c32a0052b8007d1",
            "messageTitle": "DJ: Added functionality to change profile information",
            "messageBody": "",
            "insertions": 151,
            "deletions": 75
          }
        ]
      },
      {
        "insertions": 70,
        "deletions": 27,
        "date": "2020-03-12",
        "commitResults": [
          {
            "hash": "83a68870856fbf3d1aa01d685078133ad7fb27f6",
            "messageTitle": "DJ: Added UI class with minimal functionality",
            "messageBody": "",
            "insertions": 70,
            "deletions": 27
          }
        ]
      },
      {
        "insertions": 140,
        "deletions": 2,
        "date": "2020-03-14",
        "commitResults": [
          {
            "hash": "6f3a4be18ec85611c367cb118ba1a116bd088019",
            "messageTitle": "DJ: Added JUnitTest for Profile class plus minor edits",
            "messageBody": "",
            "insertions": 140,
            "deletions": 2
          }
        ]
      },
      {
        "insertions": 109,
        "deletions": 33,
        "date": "2020-03-15",
        "commitResults": [
          {
            "hash": "8aa6bd58d45a11c759e2c076878055825a26aea2",
            "messageTitle": "DJ: Fixed gradle run/check issue due to file name change, added text-ui-testing, amended JUnit Testing for Profile.",
            "messageBody": "",
            "insertions": 68,
            "deletions": 23
          },
          {
            "hash": "e0e90e5adc427d1decce406c85ceea41a8d066b1",
            "messageTitle": "DJ: Fixed slight bug and fixed text-ui-testing",
            "messageBody": "",
            "insertions": 1,
            "deletions": 2
          },
          {
            "hash": "043f929afb9b7fb244163db0490ae0b9f8e202be",
            "messageTitle": "DJ:Fixed bug that caused text-ui-testing to fail",
            "messageBody": "",
            "insertions": 7,
            "deletions": 7
          },
          {
            "hash": "67d60945c8e84c94a43a15a8bf33d224b9da7143",
            "messageTitle": "DJ:Added Logger and Assertions",
            "messageBody": "",
            "insertions": 33,
            "deletions": 1
          }
        ]
      },
      {
        "insertions": 571,
        "deletions": 104,
        "date": "2020-03-17",
        "commitResults": [
          {
            "hash": "611177c65d982c86ba71008b5f33ee101f8cc3f8",
            "messageTitle": "DJ: Added new Logger Class, Added MessageBank Class, Abstrated command classes, Added Parser Class, and various bug fixes",
            "messageBody": "",
            "insertions": 571,
            "deletions": 104
          }
        ]
      },
      {
        "insertions": 249,
        "deletions": 83,
        "date": "2020-03-18",
        "commitResults": [
          {
            "hash": "33dfa4835057618f60134ce9fc6eb3953f9dd10a",
            "messageTitle": "DJ: Renamed packages and directories, and amended build.gradle file",
            "messageBody": "",
            "insertions": 80,
            "deletions": 81
          },
          {
            "hash": "7201f0561f4da27accf739b7f6901b75f525608e",
            "messageTitle": "DJ: Amended build.gradle file",
            "messageBody": "",
            "insertions": 2,
            "deletions": 2
          },
          {
            "hash": "52c470084637b3e41524c398413a1d557dcd1ec3",
            "messageTitle": "DJ: Added Storage Class and methods.",
            "messageBody": "",
            "insertions": 167,
            "deletions": 0
          }
        ]
      },
      {
        "insertions": 92,
        "deletions": 43,
        "date": "2020-03-19",
        "commitResults": [
          {
            "hash": "f23d23d5a893dc7ad79210de984713bf5b9ff2c8",
            "messageTitle": "DJ: Amended Storage Class",
            "messageBody": "",
            "insertions": 3,
            "deletions": 2
          },
          {
            "hash": "4e5c1371cc23305fc19bbc1ad7f6daf24d9c3a68",
            "messageTitle": "DJ: Minor edits to user output in Storage",
            "messageBody": "",
            "insertions": 2,
            "deletions": 2
          },
          {
            "hash": "3a726b78595817a7561553d138fd4cdfa043424d",
            "messageTitle": "DJ: Amended text.ui.testing",
            "messageBody": "",
            "insertions": 0,
            "deletions": 0
          },
          {
            "hash": "01193e358939a833e6ab198b9b71a1375e7894f1",
            "messageTitle": "DJ: Adjusted Storage Class and logged file creation and load process",
            "messageBody": "",
            "insertions": 37,
            "deletions": 12
          },
          {
            "hash": "7530faa756254737747a12e6f8c4a46540ec8a42",
            "messageTitle": "DJ: Restructured DietManager.java",
            "messageBody": "",
            "insertions": 26,
            "deletions": 9
          },
          {
            "hash": "a23bb9d20f52a10f1526fb11f399754a31d00e45",
            "messageTitle": "DJ: Renamed InfoLogger file to AppLogger",
            "messageBody": "",
            "insertions": 17,
            "deletions": 17
          },
          {
            "hash": "e16e5daa23e6c12a0a2e1cf3e33cdcdb602f0cc5",
            "messageTitle": "DJ: Minor edits to UI output",
            "messageBody": "",
            "insertions": 7,
            "deletions": 1
          }
        ]
      },
      {
        "insertions": 84,
        "deletions": 5,
        "date": "2020-03-24",
        "commitResults": [
          {
            "hash": "d46aa7495f97a60afaf2e951a2513c317c5cbe3e",
            "messageTitle": "DJ: Updated Developer Guide",
            "messageBody": "",
            "insertions": 81,
            "deletions": 4
          },
          {
            "hash": "e22bfea1567bf335f0e1e5f09b08b395987137c5",
            "messageTitle": "Update DeveloperGuide.md",
            "messageBody": "",
            "insertions": 2,
            "deletions": 0
          },
          {
            "hash": "9f114d78a98c284095586576d0e8007be0caf8bf",
            "messageTitle": "Update DeveloperGuide.md",
            "messageBody": "",
            "insertions": 1,
            "deletions": 1
          }
        ]
      },
      {
        "insertions": 1,
        "deletions": 1,
        "date": "2020-03-30",
        "commitResults": [
          {
            "hash": "df29459ebedd47327c984ffa4306c36822ca1c0f",
            "messageTitle": "DJ: Fixed Developer Guide link in ReadMe",
            "messageBody": "",
            "insertions": 1,
            "deletions": 1
          }
        ]
      },
      {
        "insertions": 58,
        "deletions": 21,
        "date": "2020-03-31",
        "commitResults": [
          {
            "hash": "190267e72a9e7eb01337c39ac2cc96922cdccb71",
            "messageTitle": "DJ: Updated User Guide - base framework",
            "messageBody": "",
            "insertions": 55,
            "deletions": 18
          },
          {
            "hash": "a8faf1e7bda7d8d17f8688c4476fda429c737d1b",
            "messageTitle": "Update DeveloperGuide.md",
            "messageBody": "",
            "insertions": 1,
            "deletions": 1
          },
          {
            "hash": "dfd2a67a1f9486bdbbe057d22368bc0f81fa1bf4",
            "messageTitle": "Update DeveloperGuide.md",
            "messageBody": "",
            "insertions": 1,
            "deletions": 1
          },
          {
            "hash": "7d07a0b9fb65a033d8c1b102020fd4d0e4f9ada3",
            "messageTitle": "Update DeveloperGuide.md",
            "messageBody": "",
            "tags": [
              "v2.0"
            ],
            "insertions": 1,
            "deletions": 1
          }
        ]
      },
      {
        "insertions": 1134,
        "deletions": 901,
        "date": "2020-04-05",
        "commitResults": [
          {
            "hash": "b6a0e13e769546c05884f4deb7a014424e44c218",
            "messageTitle": "DJ: Refactored all files",
            "messageBody": "",
            "insertions": 194,
            "deletions": 191
          },
          {
            "hash": "af10ae63c7c04fd46bbbbeb5fda5d50e4ecb1fb7",
            "messageTitle": "DJ: Fixed minor bug",
            "messageBody": "",
            "insertions": 1,
            "deletions": 1
          },
          {
            "hash": "6d43faa62a1a328d98be709557a84fba25609665",
            "messageTitle": "DJ: Amended profile change commands",
            "messageBody": "",
            "insertions": 356,
            "deletions": 134
          },
          {
            "hash": "b94a1a62c6349bfbd89b3fc51b16f3358fe10324",
            "messageTitle": "DJ: Optimised Imports",
            "messageBody": "",
            "insertions": 45,
            "deletions": 95
          },
          {
            "hash": "d10513905d8f2a225ad9f2dae4f26a297c997f99",
            "messageTitle": "DJ: Fixed weight update duplicate command",
            "messageBody": "",
            "insertions": 119,
            "deletions": 174
          },
          {
            "hash": "8fc1ab80be7eee46d3a035e39105ace9c331e6cf",
            "messageTitle": "DJ: Amended Commands to prevent usage without existing profile",
            "messageBody": "",
            "insertions": 91,
            "deletions": 61
          },
          {
            "hash": "893a961dd887757be03a3e334fc115523951cb97",
            "messageTitle": "DJ: Fixed checkstyle",
            "messageBody": "",
            "insertions": 2,
            "deletions": 1
          },
          {
            "hash": "fc1cec52b6d8b952be5c685daa55e44ae354bda6",
            "messageTitle": "DJ: Fixed bug in setting profile",
            "messageBody": "",
            "insertions": 19,
            "deletions": 23
          },
          {
            "hash": "8c7985a05b5a533f457e50378a63a4587a3e8b41",
            "messageTitle": "DJ: Standardised UOM to centimetre for height",
            "messageBody": "",
            "insertions": 10,
            "deletions": 6
          },
          {
            "hash": "a68c095f55e36f3a38530f6c038c71f39138e755",
            "messageTitle": "DJ: Added a Result class to handle command results",
            "messageBody": "",
            "insertions": 238,
            "deletions": 167
          },
          {
            "hash": "5c58a045b09ed4d7684656a4105b00e33d4e7639",
            "messageTitle": "DJ: Edited FoodNutritionRecord",
            "messageBody": "",
            "insertions": 57,
            "deletions": 46
          },
          {
            "hash": "5a7dc37c1178b07afc5d3df2affea07079f069b7",
            "messageTitle": "DJ: Minor edits",
            "messageBody": "",
            "insertions": 2,
            "deletions": 2
          }
        ]
      },
      {
        "insertions": 62,
        "deletions": 38,
        "date": "2020-04-06",
        "commitResults": [
          {
            "hash": "d46da35739c373ae859c00a5737ddac684c755df",
            "messageTitle": "DJ: Fixed checkstyle",
            "messageBody": "",
            "insertions": 40,
            "deletions": 21
          },
          {
            "hash": "99bd5f0238a04137a15d5a29b77fc475cb812164",
            "messageTitle": "DJ: Begun implementing Storage",
            "messageBody": "",
            "insertions": 22,
            "deletions": 17
          }
        ]
      },
      {
        "insertions": 354,
        "deletions": 50,
        "date": "2020-04-07",
        "commitResults": [
          {
            "hash": "57436b9a684db02652815b210e38dfce80f34314",
            "messageTitle": "DJ: Implemented Storage function for Profile Information",
            "messageBody": "",
            "insertions": 140,
            "deletions": 27
          },
          {
            "hash": "83e4b943b403fff8aa1c436534510bed5d4e6c5b",
            "messageTitle": "DJ: Implemented contingency when profile file is corrupted",
            "messageBody": "",
            "insertions": 2,
            "deletions": 1
          },
          {
            "hash": "aa7af4a0790fc6000e8f8f624e5e1d6391f8359f",
            "messageTitle": "DJ: Implemented Storage Function for Food Nutrtion Record",
            "messageBody": "",
            "insertions": 212,
            "deletions": 22
          }
        ]
      },
      {
        "insertions": 321,
        "deletions": 198,
        "date": "2020-04-08",
        "commitResults": [
          {
            "hash": "a6cbceb67d4f61a390e52ffc2da67b2a9b3064e3",
            "messageTitle": "DJ: Updated PPP",
            "messageBody": "",
            "insertions": 71,
            "deletions": 6
          },
          {
            "hash": "abb7197e34d38e5f90de2c9edc37d87507aa5e2a",
            "messageTitle": "DJ: Updated PPP",
            "messageBody": "",
            "insertions": 4,
            "deletions": 3
          },
          {
            "hash": "e2aa82cd16d0ef6e20e8b31408be6df4e00ff378",
            "messageTitle": "DJ: Updated PPP",
            "messageBody": "",
            "insertions": 6,
            "deletions": 0
          },
          {
            "hash": "2e1ce439d74309fb2ecc8ef1646130aea34d1b30",
            "messageTitle": "DJ: Updated PPP",
            "messageBody": "",
            "insertions": 15,
            "deletions": 9
          },
          {
            "hash": "3b6fe16326af84a86fca21e30330e9ea46299897",
            "messageTitle": "DJ: Updated PPP",
            "messageBody": "",
            "insertions": 6,
            "deletions": 12
          },
          {
            "hash": "b4fb32e1e8ad09aba68e9900887f260bad8f842e",
            "messageTitle": "DJ: Updated Directory management",
            "messageBody": "",
            "insertions": 108,
            "deletions": 87
          },
          {
            "hash": "7764bdddc84e2ce393d2c7bbf3db1cebbe56963c",
            "messageTitle": "DJ: Resolve conflict",
            "messageBody": "",
            "insertions": 3,
            "deletions": 3
          },
          {
            "hash": "4478b7a2abdec7493b5492404380b0c63698947b",
            "messageTitle": "DJ: Abstracted app launcher",
            "messageBody": "",
            "insertions": 88,
            "deletions": 62
          },
          {
            "hash": "a20eaf33ad88fd0925bf00866f4d2d814d963114",
            "messageTitle": "DJ: Minor changes to project structure",
            "messageBody": "",
            "insertions": 15,
            "deletions": 15
          },
          {
            "hash": "47ed933e40dcddb77385dafe1766862337eb0926",
            "messageTitle": "DJ: Minor changes",
            "messageBody": "",
            "insertions": 5,
            "deletions": 1
          }
        ]
      }
    ],
    "lamyuewei": [
      {
        "insertions": 1,
        "deletions": 1,
        "date": "2020-03-03",
        "commitResults": [
          {
            "hash": "8f936959d885e33b2c749f07811800341b477cf0",
            "messageTitle": "Add my name in about us",
            "messageBody": "",
            "insertions": 1,
            "deletions": 1
          }
        ]
      },
      {
        "insertions": 93,
        "deletions": 0,
        "date": "2020-03-10",
        "commitResults": [
          {
            "hash": "5a4ba498095ab9bf6ffa398d8a99137f98d2c561",
            "messageTitle": "Add Ui, Food, FoodNutritionInfo",
            "messageBody": "",
            "insertions": 93,
            "deletions": 0
          }
        ]
      },
      {
        "insertions": 64,
        "deletions": 49,
        "date": "2020-03-21",
        "commitResults": [
          {
            "hash": "37f036923f27723e7bd02b5fb6c868b3976a3fe0",
            "messageTitle": "YW: Include Optional calories in Food, Optional Food in FoodNutritionInfo.findFood()",
            "messageBody": "",
            "insertions": 64,
            "deletions": 49
          }
        ]
      },
      {
        "insertions": 354,
        "deletions": 92,
        "date": "2020-03-22",
        "commitResults": [
          {
            "hash": "e3101a0c3905f5bef65b5f76ce23985bf4cfa93c",
            "messageTitle": "YW: Calculate daily calories using streams",
            "messageBody": "",
            "insertions": 45,
            "deletions": 0
          },
          {
            "hash": "6513be73c5555bff2d03814c3d8783f5fa6a99ff",
            "messageTitle": "YW: Modify RecordMealCommand to account for calories input",
            "messageBody": "",
            "insertions": 43,
            "deletions": 5
          },
          {
            "hash": "9a75fd23c819e21959e5272db7b56a4e8a53cb95",
            "messageTitle": "YW: Obtain calories and check if present based on time frame in a day",
            "messageBody": "",
            "insertions": 43,
            "deletions": 2
          },
          {
            "hash": "07d2f03b89b3260df01a2ae321eeedc06b510f93",
            "messageTitle": "YW: Add showDailyCalories for a day or a specific time frame",
            "messageBody": "",
            "insertions": 51,
            "deletions": 25
          },
          {
            "hash": "80a32661a884bdc485f0096ab45848badd6ef3cc",
            "messageTitle": "YW: Restrict gender to Male and Female only",
            "messageBody": "",
            "insertions": 38,
            "deletions": 20
          },
          {
            "hash": "147a9523ca1cca43f6c3648515641f98ff0f0167",
            "messageTitle": "YW: Catch InvalidGenderException in DietManager",
            "messageBody": "",
            "insertions": 3,
            "deletions": 0
          },
          {
            "hash": "bfb1342f6c785d2321d8a1ebcf28397b524c27fb",
            "messageTitle": "YW: Modify CheckRecordCommand to show food intake calories",
            "messageBody": "",
            "insertions": 13,
            "deletions": 12
          },
          {
            "hash": "c9c37ae3eb4132e1fbbe2ee4043f1d041514a8da",
            "messageTitle": "YW: Add Check Calories Command",
            "messageBody": "",
            "insertions": 63,
            "deletions": 1
          },
          {
            "hash": "efa721d4654c5913c42a6a2adfee04d8712c17e2",
            "messageTitle": "YW: Accept gender input of upper or lower case",
            "messageBody": "",
            "insertions": 8,
            "deletions": 2
          },
          {
            "hash": "94826364548970e460d37a50bdd7180ca37aac24",
            "messageTitle": "YW: Fix bug that shows empty food name",
            "messageBody": "",
            "insertions": 4,
            "deletions": 1
          },
          {
            "hash": "46420ee7f8ad44714201c10716af63fcefc02f6c",
            "messageTitle": "YW: Fix bug and match food name in lower and upper case",
            "messageBody": "",
            "insertions": 1,
            "deletions": 1
          },
          {
            "hash": "d3ba23aa62450e2820ceb8cb9aa6b05c9b304d9a",
            "messageTitle": "YW: Fix bug for checkCaloriesCommand unable to be executed",
            "messageBody": "",
            "insertions": 37,
            "deletions": 16
          },
          {
            "hash": "ce2589b88c8ee099fa78e0588049a654d47cfdde",
            "messageTitle": "YW: Update printing for check-calories-intake",
            "messageBody": "",
            "insertions": 5,
            "deletions": 7
          }
        ]
      },
      {
        "insertions": 76,
        "deletions": 17,
        "date": "2020-03-23",
        "commitResults": [
          {
            "hash": "548c2dd3ed1b8e147d9c2701a3534d5d27ffb552",
            "messageTitle": "YW: Fix checkstyle",
            "messageBody": "",
            "insertions": 38,
            "deletions": 12
          },
          {
            "hash": "c09c6ac494ff2a378df6aa56aa42ef8f91a90307",
            "messageTitle": "YW: Add list-food-database command",
            "messageBody": "",
            "insertions": 38,
            "deletions": 5
          }
        ]
      },
      {
        "insertions": 120,
        "deletions": 33,
        "date": "2020-04-07",
        "commitResults": [
          {
            "hash": "a8d64020ccdd3f6e473d60679e43e7aff924c95f",
            "messageTitle": "Update User Guide for check required calories",
            "messageBody": "",
            "insertions": 62,
            "deletions": 22
          },
          {
            "hash": "df17a8f0312900ce1e5d74cc3c26dbf38e27f51b",
            "messageTitle": "Add J unit test for Food",
            "messageBody": "",
            "insertions": 39,
            "deletions": 0
          },
          {
            "hash": "51853ab5061d06a122dbe3904f18c7433caab6c0",
            "messageTitle": "Add line at end of file",
            "messageBody": "",
            "insertions": 1,
            "deletions": 1
          },
          {
            "hash": "d19203ac93dbeaa886dbf2b1fc2c1ed371828c14",
            "messageTitle": "Edit Developer Guide for profile and food component",
            "messageBody": "",
            "insertions": 8,
            "deletions": 6
          },
          {
            "hash": "8baa202ffeb57f78e1c319df54a4b81f460196c3",
            "messageTitle": "Resolve bugs from nus-pe-bot",
            "messageBody": "",
            "insertions": 6,
            "deletions": 4
          },
          {
            "hash": "c8a4eb80582c8cb17ba40cd53b900cfa83558af7",
            "messageTitle": "Edit User Guide based on mock PE review",
            "messageBody": "",
            "insertions": 4,
            "deletions": 0
          }
        ]
      },
      {
        "insertions": 83,
        "deletions": 4,
        "date": "2020-04-08",
        "commitResults": [
          {
            "hash": "d7de42db40579de14caf072806b9347b47173713",
            "messageTitle": "Add assertion",
            "messageBody": "",
            "insertions": 5,
            "deletions": 0
          },
          {
            "hash": "5a004370694e8f0eb3f787b61a78da3777848c28",
            "messageTitle": "Add PPP",
            "messageBody": "",
            "insertions": 72,
            "deletions": 0
          },
          {
            "hash": "4095fcb29efc5ab5ab1defe30c7cdcc981c4ed93",
            "messageTitle": "Add DG contribution for PPP",
            "messageBody": "",
            "insertions": 3,
            "deletions": 1
          },
          {
            "hash": "0f16aa41b24ea2ce70acd3503681ed8b53423b77",
            "messageTitle": "Updated AboutUs for dejun and me",
            "messageBody": "",
            "insertions": 2,
            "deletions": 2
          },
          {
            "hash": "bf82601243a1ce21e874d6e96e81f9146b545fd7",
            "messageTitle": "Resolve bug of null string being stored",
            "messageBody": "",
            "insertions": 1,
            "deletions": 1
          }
        ]
      }
    ],
    "DDzuikeai": [
      {
        "insertions": 1,
        "deletions": 1,
        "date": "2020-03-03",
        "commitResults": [
          {
            "hash": "c1d53a46a0d28c446053e8934eeb39869fd7d056",
            "messageTitle": "modify AboutUs.md",
            "messageBody": "",
            "insertions": 1,
            "deletions": 1
          }
        ]
      },
      {
        "insertions": 71,
        "deletions": 0,
        "date": "2020-03-10",
        "commitResults": [
          {
            "hash": "1b29dcb3c0921eb4f5d67733fd3df5a63c473f01",
            "messageTitle": "add class \"DailyFoodRecord\" to represent meal records in a day",
            "messageBody": "",
            "insertions": 71,
            "deletions": 0
          }
        ]
      },
      {
        "insertions": 353,
        "deletions": 38,
        "date": "2020-03-20",
        "commitResults": [
          {
            "hash": "5ab71ed83271ac7fced7b6083742c733e50feebc",
            "messageTitle": "use ui.showResult() to print all feedbacks",
            "messageBody": "",
            "insertions": 108,
            "deletions": 18
          },
          {
            "hash": "300fd3a018199c368ee162cd365608e97658b6bd",
            "messageTitle": "modify code to pass test",
            "messageBody": "",
            "insertions": 5,
            "deletions": 3
          },
          {
            "hash": "2fea9bc16e83e36497204c057f98d3e81b76b8a1",
            "messageTitle": "CH: add code to support record and check operations",
            "messageBody": "",
            "insertions": 240,
            "deletions": 17
          }
        ]
      },
      {
        "insertions": 36,
        "deletions": 30,
        "date": "2020-03-21",
        "commitResults": [
          {
            "hash": "939ad2a9075ead79faada6ccb223c03871995748",
            "messageTitle": "change command format for \"record\" and \"check\"",
            "messageBody": "",
            "insertions": 17,
            "deletions": 18
          },
          {
            "hash": "a14e892fc05816bebf9a3b81672e3ca35cf9543f",
            "messageTitle": "fix a bug to pass checkstyle test",
            "messageBody": "",
            "insertions": 1,
            "deletions": 0
          },
          {
            "hash": "d0b0a25183b2f978d1604fc100baad7eaec9f3b2",
            "messageTitle": "use \"/\" to split food item",
            "messageBody": "",
            "insertions": 15,
            "deletions": 9
          },
          {
            "hash": "346db59fc8b9c434631c351bf7adadd3a139e079",
            "messageTitle": "fix a bug to pass test",
            "messageBody": "",
            "insertions": 3,
            "deletions": 3
          }
        ]
      },
      {
        "insertions": 35,
        "deletions": 0,
        "date": "2020-03-24",
        "commitResults": [
          {
            "hash": "6df8799859b6319eddd7b500a813a0004904cba4",
            "messageTitle": "CH: Update DeveloperGuide.md",
            "messageBody": "",
            "insertions": 35,
            "deletions": 0
          }
        ]
      },
      {
        "insertions": 131,
        "deletions": 21,
        "date": "2020-03-27",
        "commitResults": [
          {
            "hash": "d5678a8bc86d04156a35bf873f42a2bb04bef689",
            "messageTitle": "Update DG",
            "messageBody": "",
            "insertions": 17,
            "deletions": 16
          },
          {
            "hash": "848021a4530f4c07d5e23056ff9fa0725035322a",
            "messageTitle": "Fix a small bug",
            "messageBody": "",
            "insertions": 3,
            "deletions": 3
          },
          {
            "hash": "813f04996ab5a964728ce2270a7129c580767107",
            "messageTitle": "add code to support calculating calories intake on a certain day or during a time period",
            "messageBody": "",
            "insertions": 109,
            "deletions": 2
          },
          {
            "hash": "bba98b10168053f91fa4cc96fe5844fa6a3e4352",
            "messageTitle": "support assertions",
            "messageBody": "",
            "insertions": 2,
            "deletions": 0
          }
        ]
      },
      {
        "insertions": 34,
        "deletions": 17,
        "date": "2020-03-28",
        "commitResults": [
          {
            "hash": "810d13bd142a5b1f36a049359f80cb989166d272",
            "messageTitle": "add test code",
            "messageBody": "",
            "insertions": 24,
            "deletions": 16
          },
          {
            "hash": "1c5241be7dc40dcb96ec02720e48370394cef9dc",
            "messageTitle": "add code to pass checkstyle test",
            "messageBody": "",
            "insertions": 10,
            "deletions": 1
          }
        ]
      },
      {
        "insertions": 368,
        "deletions": 96,
        "date": "2020-03-29",
        "commitResults": [
          {
            "hash": "a2bf3bc90a7dde0718469daeda8161bcfb505082",
            "messageTitle": "Refactor code to handle some existing bugs",
            "messageBody": "",
            "insertions": 368,
            "deletions": 96
          }
        ]
      },
      {
        "insertions": 57,
        "deletions": 17,
        "date": "2020-03-30",
        "commitResults": [
          {
            "hash": "a0cc3ee9d10bb5844327a6d3b3e4bb3bf6e12666",
            "messageTitle": "restrict date from \"Monday\" to \"Sunday\"",
            "messageBody": "",
            "insertions": 34,
            "deletions": 10
          },
          {
            "hash": "afaadf442da12ccc0b969c80fd7de2de67dd6d95",
            "messageTitle": "update DG",
            "messageBody": "",
            "insertions": 23,
            "deletions": 7
          }
        ]
      },
      {
        "insertions": 348,
        "deletions": 29,
        "date": "2020-03-31",
        "commitResults": [
          {
            "hash": "dd67a1b1d599956e31dfec5368a596aea346c259",
            "messageTitle": "update UG",
            "messageBody": "",
            "insertions": 116,
            "deletions": 3
          },
          {
            "hash": "278073d910bdcb95e5a95e9cc9e6ac7822fa1b52",
            "messageTitle": "Fix a small bug to pass checkstyle",
            "messageBody": "",
            "insertions": 6,
            "deletions": 3
          },
          {
            "hash": "f20a27cbbf179434469bd37cb1b0f605c7726f9b",
            "messageTitle": "update UserGuide.md",
            "messageBody": "",
            "insertions": 31,
            "deletions": 0
          },
          {
            "hash": "13104f9565df8b01970f1c071fa2bbb8adc33cd8",
            "messageTitle": "Fix the bug that the picture cannot be displayed normally",
            "messageBody": "",
            "insertions": 3,
            "deletions": 3
          },
          {
            "hash": "577d70be1417bac0bf11ae874e3b96ebe5c9d119",
            "messageTitle": "Fix a bug",
            "messageBody": "",
            "insertions": 3,
            "deletions": 3
          },
          {
            "hash": "028718970c1f891fa458f7c385652a91b3745c75",
            "messageTitle": "Support two new operations : add and delete food from database",
            "messageBody": "",
            "insertions": 189,
            "deletions": 17
          }
        ]
      },
      {
        "insertions": 6,
        "deletions": 6,
        "date": "2020-04-01",
        "commitResults": [
          {
            "hash": "5287912db7df528d27330507f54a7c4077658de6",
            "messageTitle": "Fix a small bug",
            "messageBody": "",
            "insertions": 6,
            "deletions": 6
          }
        ]
      },
      {
        "insertions": 207,
        "deletions": 126,
        "date": "2020-04-02",
        "commitResults": [
          {
            "hash": "d377ea634ef7e165438fdade37e7bbe7d9067aba",
            "messageTitle": "Fix some bugs in PE Dry Run",
            "messageBody": "",
            "insertions": 26,
            "deletions": 10
          },
          {
            "hash": "dd4fe35f487066d894e60d3e25c1be0bd075771e",
            "messageTitle": "Update UserGuide.md",
            "messageBody": "",
            "insertions": 163,
            "deletions": 100
          },
          {
            "hash": "1b0b65808847288b4644d8c9aa543f02c8fa3fc3",
            "messageTitle": "Update UserGuide.md",
            "messageBody": "",
            "insertions": 7,
            "deletions": 4
          },
          {
            "hash": "2886f75a405af9802e2f9a650a4f6163c1f0a9b4",
            "messageTitle": "Update UserGuide.md",
            "messageBody": "",
            "insertions": 11,
            "deletions": 12
          }
        ]
      },
      {
        "insertions": 428,
        "deletions": 32,
        "date": "2020-04-03",
        "commitResults": [
          {
            "hash": "edcef799edec1da817174930b09e6b49b5ddb26a",
            "messageTitle": "Implement two new features : new-recipe and show-recipe",
            "messageBody": "",
            "insertions": 274,
            "deletions": 3
          },
          {
            "hash": "680e80e395755d0b23954f2cf18e363edda27443",
            "messageTitle": "Update UG and fixed some some bugs in the new feature",
            "messageBody": "",
            "insertions": 135,
            "deletions": 11
          },
          {
            "hash": "c9153ffb1a32fc22912268f77fc83fa2dd482d17",
            "messageTitle": "Fix a small bug in the recommend feature",
            "messageBody": "",
            "insertions": 19,
            "deletions": 18
          }
        ]
      },
      {
        "insertions": 105,
        "deletions": 37,
        "date": "2020-04-05",
        "commitResults": [
          {
            "hash": "d91330b2b83c2fef8947ce54f8cea68e9e7576e4",
            "messageTitle": "Ajust the \"recommend\" feature, to recommend recipe based on user\u0027s physical conditions",
            "messageBody": "",
            "insertions": 105,
            "deletions": 37
          }
        ]
      }
    ],
    "yuxianglim": [
      {
        "insertions": 1,
        "deletions": 1,
        "date": "2020-03-03",
        "commitResults": [
          {
            "hash": "4d257ea71c72744ef2c1d03c6a9397f7b9b72bcf",
            "messageTitle": "Merge branch \u0027master\u0027 of https://github.com/AY1920S2-CS2113-T15-4/tp into Yuxiang-AboutUs",
            "messageBody": "\u0001 Conflicts:\n\u0001\tdocs/AboutUs.md\n",
            "insertions": 1,
            "deletions": 1
          }
        ]
      },
      {
        "insertions": 28,
        "deletions": 1,
        "date": "2020-03-10",
        "commitResults": [
          {
            "hash": "d7de7b77f77b27fa598af606e1a9fcb8feacc502",
            "messageTitle": "- Added Person Class",
            "messageBody": "",
            "insertions": 27,
            "deletions": 0
          },
          {
            "hash": "001846f3ca80638fc96d805498811f1873661cc3",
            "messageTitle": "- Edited Person Class",
            "messageBody": "",
            "insertions": 1,
            "deletions": 1
          }
        ]
      },
      {
        "insertions": 137,
        "deletions": 15,
        "date": "2020-03-20",
        "commitResults": [
          {
            "hash": "9ec78c2cf83af369a30eababc7262372f1a9764f",
            "messageTitle": "-Added Check weight progress",
            "messageBody": "",
            "insertions": 99,
            "deletions": 11
          },
          {
            "hash": "db77c852d55c6bbdbfd3603267134f09cb504851",
            "messageTitle": "Merge branch \u0027master\u0027 of https://github.com/AY1920S2-CS2113-T15-4/tp",
            "messageBody": "\u0001 Conflicts:\n\u0001\tsrc/main/java/seedu/dietmanager/Profile.java\n\u0001\tsrc/main/java/seedu/dietmanager/commands/SetWeightCommand.java\n\u0001\tsrc/main/java/seedu/dietmanager/parser/Parser.java\n",
            "insertions": 38,
            "deletions": 4
          }
        ]
      },
      {
        "insertions": 106,
        "deletions": 55,
        "date": "2020-03-23",
        "commitResults": [
          {
            "hash": "28718d39d820fc7d39ee3d92594487a577de6b25",
            "messageTitle": "-Added weight tracking and comparison - Store weight with String date",
            "messageBody": "",
            "insertions": 106,
            "deletions": 55
          }
        ]
      },
      {
        "insertions": 319,
        "deletions": 235,
        "date": "2020-04-06",
        "commitResults": [
          {
            "hash": "bbb74783dc7af988df054eeafcd56788af939961",
            "messageTitle": "Added help function table",
            "messageBody": "",
            "insertions": 260,
            "deletions": 37
          },
          {
            "hash": "bc8a3e68b7951c9cfc08ee6458e6d4555b919fdc",
            "messageTitle": "Fixed Checkstyle",
            "messageBody": "",
            "insertions": 59,
            "deletions": 30
          },
          {
            "hash": "238043340aeae5230e14c64bcccd3a2258991032",
            "messageTitle": "deleted redundant files",
            "messageBody": "",
            "insertions": 0,
            "deletions": 168
          }
        ]
      },
      {
        "insertions": 210,
        "deletions": 16,
        "date": "2020-04-07",
        "commitResults": [
          {
            "hash": "54143872fed460616a695f02af41cec08370151a",
            "messageTitle": "Updated user guide",
            "messageBody": "",
            "insertions": 142,
            "deletions": 11
          },
          {
            "hash": "7068c82f39ac215304f9dc445c690424cd65bba2",
            "messageTitle": "Added Command Test",
            "messageBody": "",
            "insertions": 46,
            "deletions": 1
          },
          {
            "hash": "4619c258df4f995039207a78f0b0a5ff2d9e948a",
            "messageTitle": "added user-stories",
            "messageBody": "",
            "insertions": 22,
            "deletions": 4
          }
        ]
      },
      {
        "insertions": 179,
        "deletions": 50,
        "date": "2020-04-08",
        "commitResults": [
          {
            "hash": "a19d1f9f6d42219d8ae8d48a931c6066080b4171",
            "messageTitle": "Added PPP",
            "messageBody": "",
            "insertions": 105,
            "deletions": 4
          },
          {
            "hash": "874e58bb6ed4d293c80f2a5bad97a6de1c131626",
            "messageTitle": "- Added track change to weight according to weight goal. - Fixed bug on set-profile whereby past weight history is not reset - Minor changes to PPP",
            "messageBody": "",
            "insertions": 45,
            "deletions": 18
          },
          {
            "hash": "3fcdcc4d07ee52a18ce7c88a3fab69e55ac4f7af",
            "messageTitle": "Fixed checkstyle spacing",
            "messageBody": "",
            "insertions": 16,
            "deletions": 16
          },
          {
            "hash": "eccd99ab0d26eb1c3cec1d03b3c893764ae135df",
            "messageTitle": "Updated test",
            "messageBody": "",
            "insertions": 2,
            "deletions": 1
          },
          {
            "hash": "e99c44337c782395024c0c6398b89d987118b58b",
            "messageTitle": "minor edit for checkstyle",
            "messageBody": "",
            "insertions": 2,
            "deletions": 2
          },
          {
            "hash": "db61ed762a80c6538454633a13b54bcb3952817e",
            "messageTitle": "Minor fix to spelling mistake Removed unused string constant",
            "messageBody": "",
            "insertions": 9,
            "deletions": 9
          }
        ]
      }
    ]
  },
  "authorFinalContributionMap": {
    "dejunnn": 2351,
    "lamyuewei": 543,
    "DDzuikeai": 1459,
    "yuxianglim": 496
  },
  "authorFileTypeContributionMap": {
    "dejunnn": {
      "docs": 169,
      "functional-code": 2062,
      "test-code": 97,
      "other": 23
    },
    "lamyuewei": {
      "docs": 162,
      "functional-code": 342,
      "test-code": 39
    },
    "DDzuikeai": {
      "docs": 365,
      "functional-code": 1070,
      "test-code": 24
    },
    "yuxianglim": {
      "docs": 242,
      "functional-code": 211,
      "test-code": 43
    }
  },
  "authorContributionVariance": {
    "dejunnn": 118740.26,
    "lamyuewei": 6025.292,
    "DDzuikeai": 18398.81,
    "yuxianglim": 10599.083
  },
  "authorDisplayNameMap": {
    "dejunnn": "CS2113-T15-4 TAN .. JUN",
    "lamyuewei": "CS2113-T15-4 LAM .. WEI",
    "DDzuikeai": "CS2113-T15-4 YAN ..GHAO",
    "yuxianglim": "CS2113-T15-4 LIM ..IANG"
  }
}
