{
  "authorDailyContributionsMap": {
    "dejunnn": [
      {
        "insertions": 1,
        "deletions": 1,
        "date": "2020-03-03",
        "commitResults": [
          {
            "hash": "f233ec7c4527b1e7727b547902ed4888bc5eab36",
            "messageTitle": "Updated AboutUs.md",
            "messageBody": "",
            "insertions": 1,
            "deletions": 1
          }
        ]
      },
      {
        "insertions": 68,
        "deletions": 43,
        "date": "2020-03-10",
        "commitResults": [
          {
            "hash": "5df4cc60ae693322dd01f3e38ca3493e326eff9c",
            "messageTitle": "Minor edits to fix coding standard in Duke, Food, Person + Updated AboutUs page",
            "messageBody": "",
            "insertions": 30,
            "deletions": 22
          },
          {
            "hash": "cfad16d0936feec89cdb4e98bd6f9a45a9143b46",
            "messageTitle": "DJ: Prompt input of user information",
            "messageBody": "",
            "insertions": 15,
            "deletions": 2
          },
          {
            "hash": "c8246a425ff201d069c61f1b8a549cb5e0e0ba2d",
            "messageTitle": "DJ: made minor edits to user prompt",
            "messageBody": "",
            "insertions": 23,
            "deletions": 19
          }
        ]
      },
      {
        "insertions": 151,
        "deletions": 75,
        "date": "2020-03-11",
        "commitResults": [
          {
            "hash": "dd26cc32a9c18ddeb822479f2c32a0052b8007d1",
            "messageTitle": "DJ: Added functionality to change profile information",
            "messageBody": "",
            "insertions": 151,
            "deletions": 75
          }
        ]
      },
      {
        "insertions": 70,
        "deletions": 27,
        "date": "2020-03-12",
        "commitResults": [
          {
            "hash": "83a68870856fbf3d1aa01d685078133ad7fb27f6",
            "messageTitle": "DJ: Added UI class with minimal functionality",
            "messageBody": "",
            "insertions": 70,
            "deletions": 27
          }
        ]
      },
      {
        "insertions": 140,
        "deletions": 2,
        "date": "2020-03-14",
        "commitResults": [
          {
            "hash": "6f3a4be18ec85611c367cb118ba1a116bd088019",
            "messageTitle": "DJ: Added JUnitTest for Profile class plus minor edits",
            "messageBody": "",
            "insertions": 140,
            "deletions": 2
          }
        ]
      },
      {
        "insertions": 109,
        "deletions": 33,
        "date": "2020-03-15",
        "commitResults": [
          {
            "hash": "8aa6bd58d45a11c759e2c076878055825a26aea2",
            "messageTitle": "DJ: Fixed gradle run/check issue due to file name change, added text-ui-testing, amended JUnit Testing for Profile.",
            "messageBody": "",
            "insertions": 68,
            "deletions": 23
          },
          {
            "hash": "e0e90e5adc427d1decce406c85ceea41a8d066b1",
            "messageTitle": "DJ: Fixed slight bug and fixed text-ui-testing",
            "messageBody": "",
            "insertions": 1,
            "deletions": 2
          },
          {
            "hash": "043f929afb9b7fb244163db0490ae0b9f8e202be",
            "messageTitle": "DJ:Fixed bug that caused text-ui-testing to fail",
            "messageBody": "",
            "insertions": 7,
            "deletions": 7
          },
          {
            "hash": "67d60945c8e84c94a43a15a8bf33d224b9da7143",
            "messageTitle": "DJ:Added Logger and Assertions",
            "messageBody": "",
            "insertions": 33,
            "deletions": 1
          }
        ]
      },
      {
        "insertions": 571,
        "deletions": 104,
        "date": "2020-03-17",
        "commitResults": [
          {
            "hash": "611177c65d982c86ba71008b5f33ee101f8cc3f8",
            "messageTitle": "DJ: Added new Logger Class, Added MessageBank Class, Abstrated command classes, Added Parser Class, and various bug fixes",
            "messageBody": "",
            "insertions": 571,
            "deletions": 104
          }
        ]
      },
      {
        "insertions": 249,
        "deletions": 83,
        "date": "2020-03-18",
        "commitResults": [
          {
            "hash": "33dfa4835057618f60134ce9fc6eb3953f9dd10a",
            "messageTitle": "DJ: Renamed packages and directories, and amended build.gradle file",
            "messageBody": "",
            "insertions": 80,
            "deletions": 81
          },
          {
            "hash": "7201f0561f4da27accf739b7f6901b75f525608e",
            "messageTitle": "DJ: Amended build.gradle file",
            "messageBody": "",
            "insertions": 2,
            "deletions": 2
          },
          {
            "hash": "52c470084637b3e41524c398413a1d557dcd1ec3",
            "messageTitle": "DJ: Added Storage Class and methods.",
            "messageBody": "",
            "insertions": 167,
            "deletions": 0
          }
        ]
      },
      {
        "insertions": 92,
        "deletions": 43,
        "date": "2020-03-19",
        "commitResults": [
          {
            "hash": "f23d23d5a893dc7ad79210de984713bf5b9ff2c8",
            "messageTitle": "DJ: Amended Storage Class",
            "messageBody": "",
            "insertions": 3,
            "deletions": 2
          },
          {
            "hash": "4e5c1371cc23305fc19bbc1ad7f6daf24d9c3a68",
            "messageTitle": "DJ: Minor edits to user output in Storage",
            "messageBody": "",
            "insertions": 2,
            "deletions": 2
          },
          {
            "hash": "3a726b78595817a7561553d138fd4cdfa043424d",
            "messageTitle": "DJ: Amended text.ui.testing",
            "messageBody": "",
            "insertions": 0,
            "deletions": 0
          },
          {
            "hash": "01193e358939a833e6ab198b9b71a1375e7894f1",
            "messageTitle": "DJ: Adjusted Storage Class and logged file creation and load process",
            "messageBody": "",
            "insertions": 37,
            "deletions": 12
          },
          {
            "hash": "7530faa756254737747a12e6f8c4a46540ec8a42",
            "messageTitle": "DJ: Restructured DietManager.java",
            "messageBody": "",
            "insertions": 26,
            "deletions": 9
          },
          {
            "hash": "a23bb9d20f52a10f1526fb11f399754a31d00e45",
            "messageTitle": "DJ: Renamed InfoLogger file to AppLogger",
            "messageBody": "",
            "insertions": 17,
            "deletions": 17
          },
          {
            "hash": "e16e5daa23e6c12a0a2e1cf3e33cdcdb602f0cc5",
            "messageTitle": "DJ: Minor edits to UI output",
            "messageBody": "",
            "insertions": 7,
            "deletions": 1
          }
        ]
      }
    ],
    "lamyuewei": [
      {
        "insertions": 1,
        "deletions": 1,
        "date": "2020-03-03",
        "commitResults": [
          {
            "hash": "8f936959d885e33b2c749f07811800341b477cf0",
            "messageTitle": "Add my name in about us",
            "messageBody": "",
            "insertions": 1,
            "deletions": 1
          }
        ]
      },
      {
        "insertions": 93,
        "deletions": 0,
        "date": "2020-03-10",
        "commitResults": [
          {
            "hash": "5a4ba498095ab9bf6ffa398d8a99137f98d2c561",
            "messageTitle": "Add Ui, Food, FoodNutritionInfo",
            "messageBody": "",
            "insertions": 93,
            "deletions": 0
          }
        ]
      }
    ],
    "DDzuikeai": [
      {
        "insertions": 1,
        "deletions": 1,
        "date": "2020-03-03",
        "commitResults": [
          {
            "hash": "c1d53a46a0d28c446053e8934eeb39869fd7d056",
            "messageTitle": "modify AboutUs.md",
            "messageBody": "",
            "insertions": 1,
            "deletions": 1
          }
        ]
      },
      {
        "insertions": 71,
        "deletions": 0,
        "date": "2020-03-10",
        "commitResults": [
          {
            "hash": "1b29dcb3c0921eb4f5d67733fd3df5a63c473f01",
            "messageTitle": "add class \"DailyFoodRecord\" to represent meal records in a day",
            "messageBody": "",
            "insertions": 71,
            "deletions": 0
          }
        ]
      },
      {
        "insertions": 353,
        "deletions": 38,
        "date": "2020-03-20",
        "commitResults": [
          {
            "hash": "5ab71ed83271ac7fced7b6083742c733e50feebc",
            "messageTitle": "use ui.showResult() to print all feedbacks",
            "messageBody": "",
            "insertions": 108,
            "deletions": 18
          },
          {
            "hash": "300fd3a018199c368ee162cd365608e97658b6bd",
            "messageTitle": "modify code to pass test",
            "messageBody": "",
            "insertions": 5,
            "deletions": 3
          },
          {
            "hash": "2fea9bc16e83e36497204c057f98d3e81b76b8a1",
            "messageTitle": "CH: add code to support record and check operations",
            "messageBody": "",
            "insertions": 240,
            "deletions": 17
          }
        ]
      }
    ],
    "yuxianglim": [
      {
        "insertions": 1,
        "deletions": 1,
        "date": "2020-03-03",
        "commitResults": [
          {
            "hash": "4d257ea71c72744ef2c1d03c6a9397f7b9b72bcf",
            "messageTitle": "Merge branch \u0027master\u0027 of https://github.com/AY1920S2-CS2113-T15-4/tp into Yuxiang-AboutUs",
            "messageBody": "\u0001 Conflicts:\n\u0001\tdocs/AboutUs.md\n",
            "insertions": 1,
            "deletions": 1
          }
        ]
      },
      {
        "insertions": 28,
        "deletions": 1,
        "date": "2020-03-10",
        "commitResults": [
          {
            "hash": "d7de7b77f77b27fa598af606e1a9fcb8feacc502",
            "messageTitle": "- Added Person Class",
            "messageBody": "",
            "insertions": 27,
            "deletions": 0
          },
          {
            "hash": "001846f3ca80638fc96d805498811f1873661cc3",
            "messageTitle": "- Edited Person Class",
            "messageBody": "",
            "insertions": 1,
            "deletions": 1
          }
        ]
      },
      {
        "insertions": 137,
        "deletions": 15,
        "date": "2020-03-20",
        "commitResults": [
          {
            "hash": "9ec78c2cf83af369a30eababc7262372f1a9764f",
            "messageTitle": "-Added Check weight progress",
            "messageBody": "",
            "insertions": 99,
            "deletions": 11
          },
          {
            "hash": "db77c852d55c6bbdbfd3603267134f09cb504851",
            "messageTitle": "Merge branch \u0027master\u0027 of https://github.com/AY1920S2-CS2113-T15-4/tp",
            "messageBody": "\u0001 Conflicts:\n\u0001\tsrc/main/java/seedu/dietmanager/Profile.java\n\u0001\tsrc/main/java/seedu/dietmanager/commands/SetWeightCommand.java\n\u0001\tsrc/main/java/seedu/dietmanager/parser/Parser.java\n",
            "insertions": 38,
            "deletions": 4
          }
        ]
      }
    ]
  },
  "authorFinalContributionMap": {
    "dejunnn": 1111,
    "lamyuewei": 61,
    "DDzuikeai": 399,
    "yuxianglim": 134
  },
  "authorFileTypeContributionMap": {
    "dejunnn": {
      "java": 1104,
      "md": 1,
      "fxml": 0,
      "sh": 0,
      "bat": 0,
      "gradle": 5,
      "txt": 1
    },
    "lamyuewei": {
      "java": 60,
      "md": 1,
      "fxml": 0,
      "sh": 0,
      "bat": 0,
      "gradle": 0,
      "txt": 0
    },
    "DDzuikeai": {
      "java": 398,
      "md": 1,
      "fxml": 0,
      "sh": 0,
      "bat": 0,
      "gradle": 0,
      "txt": 0
    },
    "yuxianglim": {
      "java": 133,
      "md": 1,
      "fxml": 0,
      "sh": 0,
      "bat": 0,
      "gradle": 0,
      "txt": 0
    }
  },
  "authorContributionVariance": {
    "dejunnn": 26192.992,
    "lamyuewei": 410.0875,
    "DDzuikeai": 7358.0596,
    "yuxianglim": 1113.7277
  },
  "authorDisplayNameMap": {
    "dejunnn": "CS2113-T15-4 TAN .. JUN",
    "lamyuewei": "CS2113-T15-4 LAM .. WEI",
    "DDzuikeai": "CS2113-T15-4 YAN ..GHAO",
    "yuxianglim": "CS2113-T15-4 LIM ..IANG"
  }
}
