{
  "authorDailyContributionsMap": {
    "HAOYUN49": [
      {
        "insertions": 2,
        "deletions": 1,
        "date": "2020-03-03",
        "commitResults": [
          {
            "hash": "633b0341b3ac33135bf438f98bb1aa286f12037b",
            "messageTitle": "change AboutUs",
            "messageBody": "",
            "insertions": 2,
            "deletions": 1
          }
        ]
      },
      {
        "insertions": 63,
        "deletions": 3,
        "date": "2020-03-09",
        "commitResults": [
          {
            "hash": "8d7fd527eb4391043547b77c5e9c32b4ebdec93f",
            "messageTitle": "count total tasks",
            "messageBody": "",
            "insertions": 63,
            "deletions": 3
          }
        ]
      },
      {
        "insertions": 5,
        "deletions": 7,
        "date": "2020-03-10",
        "commitResults": [
          {
            "hash": "163ffd874f0f743b9245b25c6e814c9cb12cd555",
            "messageTitle": "revision",
            "messageBody": "",
            "insertions": 5,
            "deletions": 7
          }
        ]
      },
      {
        "insertions": 94,
        "deletions": 55,
        "date": "2020-03-15",
        "commitResults": [
          {
            "hash": "36ee14f680c274a0f9d75ba25d06fcfc6936f4be",
            "messageTitle": "small revision",
            "messageBody": "",
            "insertions": 94,
            "deletions": 55
          }
        ]
      },
      {
        "insertions": 226,
        "deletions": 168,
        "date": "2020-03-16",
        "commitResults": [
          {
            "hash": "089022aabd87f50d5a7bf08e15493dc0ea72dd46",
            "messageTitle": "small bug-fixing",
            "messageBody": "",
            "insertions": 17,
            "deletions": 4
          },
          {
            "hash": "37fe1e559a6f9b44ba003acb8b986350363e6001",
            "messageTitle": "add javadoc and modify some coding standard violances",
            "messageBody": "",
            "insertions": 112,
            "deletions": 72
          },
          {
            "hash": "14d6396e678e865039ba15e1b74409da11ea1b35",
            "messageTitle": "minor changes",
            "messageBody": "",
            "insertions": 4,
            "deletions": 2
          },
          {
            "hash": "28b8da7b0c30b9e6025148076e763326ad9a5704",
            "messageTitle": "minor changes",
            "messageBody": "",
            "insertions": 2,
            "deletions": 2
          },
          {
            "hash": "ceca2b3fe4ed087f5c309302b0f7c50d5acaf41a",
            "messageTitle": "small revision",
            "messageBody": "",
            "insertions": 10,
            "deletions": 10
          },
          {
            "hash": "2735a4b452ecb20e1bb5cf75a2ec20cf1bfaa1fe",
            "messageTitle": "add assertions \u0026 minor changes",
            "messageBody": "",
            "insertions": 8,
            "deletions": 8
          },
          {
            "hash": "08e65d48fa7d717f0ca458ff4f21432415e3c89c",
            "messageTitle": "commit",
            "messageBody": "",
            "insertions": 3,
            "deletions": 4
          },
          {
            "hash": "29f13c7af31864f3b183c994572f0f1f31079462",
            "messageTitle": "revision",
            "messageBody": "",
            "insertions": 7,
            "deletions": 26
          },
          {
            "hash": "66e53b1218697c1f2cd47bf97165a953e6f95786",
            "messageTitle": "commit",
            "messageBody": "",
            "insertions": 2,
            "deletions": 1
          },
          {
            "hash": "e228d3b87aafe4a523a9a30b1966532362bf8120",
            "messageTitle": "commit",
            "messageBody": "",
            "insertions": 56,
            "deletions": 35
          },
          {
            "hash": "49055cd90253b3429de538df9a9712ace3f7a345",
            "messageTitle": "coding standard commit",
            "messageBody": "",
            "insertions": 2,
            "deletions": 2
          },
          {
            "hash": "2896bf6e94eb7bb6b828590480ed4a5ff88d256e",
            "messageTitle": "commit",
            "messageBody": "",
            "insertions": 1,
            "deletions": 2
          },
          {
            "hash": "470955733908353fbea930dcb1ae92ecf7f28c43",
            "messageTitle": "commit",
            "messageBody": "",
            "insertions": 2,
            "deletions": 0
          }
        ]
      },
      {
        "insertions": 214,
        "deletions": 103,
        "date": "2020-03-17",
        "commitResults": [
          {
            "hash": "1160bb52fcde417eba9b0fe3e95e58c7f91f41b4",
            "messageTitle": "JUnitTest",
            "messageBody": "",
            "insertions": 5,
            "deletions": 0
          },
          {
            "hash": "852844e5806c37ab8d6695cd7d728b9903ec09d7",
            "messageTitle": "revise JUnit Test",
            "messageBody": "",
            "insertions": 28,
            "deletions": 6
          },
          {
            "hash": "73c7e4cd309d685dfe11b30d9409ac517938a822",
            "messageTitle": "Junit Test",
            "messageBody": "",
            "insertions": 74,
            "deletions": 17
          },
          {
            "hash": "4b76f28d8ca199c7fe9bd834553a867b84961b9c",
            "messageTitle": "to pass ci",
            "messageBody": "",
            "insertions": 95,
            "deletions": 78
          },
          {
            "hash": "50f643d0a538a5a3217ca00475b65ec64e1bf142",
            "messageTitle": "commit",
            "messageBody": "",
            "insertions": 9,
            "deletions": 2
          },
          {
            "hash": "e8e5a5de889f572af2a81c8b0d2630243ec38217",
            "messageTitle": "commit",
            "messageBody": "",
            "insertions": 3,
            "deletions": 0
          }
        ]
      },
      {
        "insertions": 27,
        "deletions": 5,
        "date": "2020-03-24",
        "commitResults": [
          {
            "hash": "9732929d9fdb1d7c8901e97b76d7daeb0f20d56b",
            "messageTitle": "add some classes for new features",
            "messageBody": "",
            "insertions": 8,
            "deletions": 0
          },
          {
            "hash": "cd78f4f18a39d8bdfd9529439bae1fa61a5ea1c7",
            "messageTitle": "add new classes for new features",
            "messageBody": "",
            "insertions": 18,
            "deletions": 4
          },
          {
            "hash": "87a9a163bc2a52ff34b4f63b9de3c902e487bcdb",
            "messageTitle": "commit",
            "messageBody": "",
            "insertions": 1,
            "deletions": 1
          }
        ]
      },
      {
        "insertions": 33,
        "deletions": 21,
        "date": "2020-03-25",
        "commitResults": [
          {
            "hash": "37d6f8373731cdc34af91d98e1a713c1eb0e0048",
            "messageTitle": "Update DeveloperGuide.md",
            "messageBody": "",
            "insertions": 29,
            "deletions": 9
          },
          {
            "hash": "b565c62a8c49d039f31e47a91adef3d40d7cc79b",
            "messageTitle": "Update DeveloperGuide.md",
            "messageBody": "",
            "insertions": 0,
            "deletions": 8
          },
          {
            "hash": "2fb5ab7bad4ebf4f7edb2e146eedbb5fbe0da8e5",
            "messageTitle": "Update DeveloperGuide.md",
            "messageBody": "",
            "insertions": 4,
            "deletions": 4
          }
        ]
      },
      {
        "insertions": 444,
        "deletions": 387,
        "date": "2020-03-30",
        "commitResults": [
          {
            "hash": "49444e10e9a308544a7fe97c50d773ca7c08e5e7",
            "messageTitle": "add tags",
            "messageBody": "",
            "insertions": 128,
            "deletions": 30
          },
          {
            "hash": "aac9d1e804e2cf8a8df6debdee7954c768ac2e19",
            "messageTitle": "add tag \u0026 help",
            "messageBody": "",
            "insertions": 193,
            "deletions": 177
          },
          {
            "hash": "92b3f630cf0a3f1c775ff7742fdfaef83367d166",
            "messageTitle": "listdeadlines",
            "messageBody": "",
            "insertions": 61,
            "deletions": 46
          },
          {
            "hash": "c811db04d51fb6502ad6792e6a728816cca27c60",
            "messageTitle": "listmoduledeadlines",
            "messageBody": "",
            "insertions": 48,
            "deletions": 38
          },
          {
            "hash": "410292e7048ac691086404c6d222c46a4e310454",
            "messageTitle": "commit",
            "messageBody": "",
            "insertions": 7,
            "deletions": 8
          },
          {
            "hash": "de5d8bcad7d24ab331768dd85f9098f19c6331b1",
            "messageTitle": "commit",
            "messageBody": "",
            "insertions": 1,
            "deletions": 7
          },
          {
            "hash": "21441581104004532cca8f5129ae2e487e3d7085",
            "messageTitle": "commit",
            "messageBody": "",
            "insertions": 6,
            "deletions": 3
          },
          {
            "hash": "c988a5659b174d8891acb36ed285411cadf87f0f",
            "messageTitle": "commit",
            "messageBody": "",
            "insertions": 0,
            "deletions": 78
          }
        ]
      },
      {
        "insertions": 33,
        "deletions": 21,
        "date": "2020-04-01",
        "commitResults": [
          {
            "hash": "40dcaa8bb5917e0d6987f3728a224c3c8ffd3d53",
            "messageTitle": "commit",
            "messageBody": "",
            "insertions": 33,
            "deletions": 21
          }
        ]
      },
      {
        "insertions": 158,
        "deletions": 14,
        "date": "2020-04-05",
        "commitResults": [
          {
            "hash": "d3d542b81d2474459d570576b182ab026c99f7cd",
            "messageTitle": "Update UserGuide.md",
            "messageBody": "",
            "insertions": 157,
            "deletions": 13
          },
          {
            "hash": "6eb7b281c4ab19960c8a358637dbbb34335d7e91",
            "messageTitle": "Update UserGuide.md",
            "messageBody": "",
            "insertions": 1,
            "deletions": 1
          }
        ]
      },
      {
        "insertions": 258,
        "deletions": 31,
        "date": "2020-04-06",
        "commitResults": [
          {
            "hash": "a89edc001963cece0cbb63d397a92ede3c627488",
            "messageTitle": "add new Junitest Class",
            "messageBody": "",
            "insertions": 3,
            "deletions": 2
          },
          {
            "hash": "53478493b01abbfab13c760080a25a603bb5457a",
            "messageTitle": "JunitTest Added",
            "messageBody": "",
            "insertions": 250,
            "deletions": 24
          },
          {
            "hash": "23e472c3b4b148d3d74a3ae5a72171646d990257",
            "messageTitle": "commit",
            "messageBody": "",
            "insertions": 5,
            "deletions": 5
          }
        ]
      },
      {
        "insertions": 411,
        "deletions": 46,
        "date": "2020-04-07",
        "commitResults": [
          {
            "hash": "a0ca707aac3b96a160376cc068076e12c1253105",
            "messageTitle": "JunitTest Added",
            "messageBody": "",
            "insertions": 272,
            "deletions": 43
          },
          {
            "hash": "d362e76f4caab88abfc07242079c9e5439061775",
            "messageTitle": "JunitTest of List Commands",
            "messageBody": "",
            "insertions": 135,
            "deletions": 2
          },
          {
            "hash": "d767048acc3ea7a3459ec1e97e0cd968b9e76342",
            "messageTitle": "commit",
            "messageBody": "",
            "insertions": 3,
            "deletions": 0
          },
          {
            "hash": "d52ced7a8b89a15e83f74a95ecb36a94649118f3",
            "messageTitle": "commit",
            "messageBody": "",
            "insertions": 1,
            "deletions": 1
          }
        ]
      },
      {
        "insertions": 277,
        "deletions": 19,
        "date": "2020-04-08",
        "commitResults": [
          {
            "hash": "ebd615c393f26b372f0ca8ed952916834b73348f",
            "messageTitle": "JunitTest of List Commands",
            "messageBody": "",
            "insertions": 206,
            "deletions": 5
          },
          {
            "hash": "bd40b3d4efafe56bad99717f7a77a12ccae4f8bb",
            "messageTitle": "small commit",
            "messageBody": "",
            "insertions": 3,
            "deletions": 2
          },
          {
            "hash": "edec3d10f8ad68ff0cd5192abe83816f31ad1845",
            "messageTitle": "commit",
            "messageBody": "",
            "insertions": 2,
            "deletions": 2
          },
          {
            "hash": "c5b2605f3ff4e1afd5db6a47c9c83648a5b701c9",
            "messageTitle": "commit",
            "messageBody": "",
            "insertions": 1,
            "deletions": 1
          },
          {
            "hash": "1dd2c1db94924ec978aaa5fda468c03190abaf00",
            "messageTitle": "Create HAOYUN49.md",
            "messageBody": "",
            "insertions": 1,
            "deletions": 0
          },
          {
            "hash": "17b6f57a7e4b73024a35009d6f86f96d64e0148d",
            "messageTitle": "Update HAOYUN49.md",
            "messageBody": "",
            "insertions": 12,
            "deletions": 0
          },
          {
            "hash": "f34046e728755924182e225cd9cdf679254e48f8",
            "messageTitle": "Update HAOYUN49.md",
            "messageBody": "",
            "insertions": 35,
            "deletions": 4
          },
          {
            "hash": "0c315c81ee1502375281ebfbc67e4db6daa72884",
            "messageTitle": "Update HAOYUN49.md",
            "messageBody": "",
            "insertions": 17,
            "deletions": 5
          },
          {
            "hash": "29b4ebd3f65627a531ddada73e9b997da6beedf7",
            "messageTitle": "Rename HAOYUN49.md to haoyun49.md",
            "messageBody": "",
            "insertions": 0,
            "deletions": 0
          }
        ]
      }
    ],
    "wangqinNick": [
      {
        "insertions": 2,
        "deletions": 2,
        "date": "2020-03-03",
        "commitResults": [
          {
            "hash": "ca74f5bdd6950b1a8cfe8834ba20074a3fc69e52",
            "messageTitle": "update personal info and gradle wrapper",
            "messageBody": "",
            "insertions": 1,
            "deletions": 1
          },
          {
            "hash": "bb4ba365d8e29f1b0673b46294ece2ec58f0cef4",
            "messageTitle": "update wang qin picture",
            "messageBody": "",
            "insertions": 1,
            "deletions": 1
          }
        ]
      },
      {
        "insertions": 26,
        "deletions": 24,
        "date": "2020-03-08",
        "commitResults": [
          {
            "hash": "4c8a9856861e6cbdcb924df94421f04c79c6a546",
            "messageTitle": "add support for various font (also with jansi library)",
            "messageBody": "",
            "insertions": 13,
            "deletions": 3
          },
          {
            "hash": "6942bedaf2a4b1adab79dcce83478c5773d9288d",
            "messageTitle": "update logo",
            "messageBody": "",
            "insertions": 8,
            "deletions": 5
          },
          {
            "hash": "49c9a155104bc9c9a350c2c2aeac41648f7d7d4e",
            "messageTitle": "fixed checkstyle bug",
            "messageBody": "",
            "insertions": 2,
            "deletions": 10
          },
          {
            "hash": "3943e03b6e65b60376fa8d9d2319276397d2b309",
            "messageTitle": "add simple test for new font",
            "messageBody": "",
            "insertions": 3,
            "deletions": 6
          }
        ]
      },
      {
        "insertions": 565,
        "deletions": 233,
        "date": "2020-03-09",
        "commitResults": [
          {
            "hash": "cf379dc6c48b0ca2628b3e3e538811742c120f62",
            "messageTitle": "Add edit deadline command (not finished)",
            "messageBody": "",
            "insertions": 74,
            "deletions": 88
          },
          {
            "hash": "de5dad0b6172cc783c3e9e4cc6a051788c45163a",
            "messageTitle": "Add giant task list for sorting",
            "messageBody": "",
            "insertions": 36,
            "deletions": 5
          },
          {
            "hash": "8f46d1d19252ce03abde0bb3fac868c5aa621e03",
            "messageTitle": "Add module manager class / message class / not found exception",
            "messageBody": "",
            "insertions": 110,
            "deletions": 12
          },
          {
            "hash": "5a165f200cdd8981777ed1fbe811d26ef00f5ce6",
            "messageTitle": "Add module-level command / task-level command Delete stuff structure",
            "messageBody": "",
            "insertions": 106,
            "deletions": 72
          },
          {
            "hash": "944a54a6b520e0652a96b52fdaf4523c2771e43d",
            "messageTitle": "add runCommandLoopUntilExitCommand() / update TextUi class",
            "messageBody": "",
            "insertions": 140,
            "deletions": 21
          },
          {
            "hash": "58624727449007e021fc7cb2d3a48bc6d8c8453a",
            "messageTitle": "Add Exit Command",
            "messageBody": "",
            "insertions": 41,
            "deletions": 22
          },
          {
            "hash": "5a520e3bd33d2e1aa381cfdfb3f1252e97189e00",
            "messageTitle": "add Parser class",
            "messageBody": "",
            "insertions": 49,
            "deletions": 6
          },
          {
            "hash": "9bd68baafc5e4b1d340240758d191bc79f02b1cc",
            "messageTitle": "Fix module manager bug",
            "messageBody": "",
            "insertions": 9,
            "deletions": 7
          }
        ]
      },
      {
        "insertions": 304,
        "deletions": 193,
        "date": "2020-03-10",
        "commitResults": [
          {
            "hash": "ce2c4d04e3e34bf7cd791e547a6108d39e7a82db",
            "messageTitle": "add help command / refactor parser class",
            "messageBody": "",
            "insertions": 169,
            "deletions": 92
          },
          {
            "hash": "838a5425f6d22fa5eabbf819248e35275f9ded88",
            "messageTitle": "Add more parserTest class",
            "messageBody": "",
            "insertions": 67,
            "deletions": 59
          },
          {
            "hash": "b78e1b64a7e4f5764d5b6cf2a62b52dd4a6350aa",
            "messageTitle": "Add module manager attribute for command class",
            "messageBody": "",
            "insertions": 14,
            "deletions": 3
          },
          {
            "hash": "e7acacd99e63171212b00c5be9aa54460256ee4e",
            "messageTitle": "Add checkDeadline command (module level)",
            "messageBody": "",
            "insertions": 30,
            "deletions": 23
          },
          {
            "hash": "fc00de26ca0b7e316b57c8153330a6e2a40c0b42",
            "messageTitle": "Add exception for check deadline command",
            "messageBody": "",
            "insertions": 12,
            "deletions": 1
          },
          {
            "hash": "4550ec962b4efa66d471ee519e3a8a46014a3068",
            "messageTitle": "Update check deadline command / list module command",
            "messageBody": "",
            "insertions": 9,
            "deletions": 12
          },
          {
            "hash": "dada65fe2e8e8a4030736a116c63fd9bfbad827d",
            "messageTitle": "Fix minor bugs",
            "messageBody": "",
            "insertions": 3,
            "deletions": 3
          }
        ]
      },
      {
        "insertions": 212,
        "deletions": 37,
        "date": "2020-03-12",
        "commitResults": [
          {
            "hash": "21b1ce308febb4e8d9be3f2d73cce9b202d5688f",
            "messageTitle": "bug fixed for delete module command",
            "messageBody": "",
            "insertions": 5,
            "deletions": 4
          },
          {
            "hash": "4cfe4b77ba27bbb6419f5768d3d4a14255e67755",
            "messageTitle": "Add add task command (not complete)/ fix check deadline bugs",
            "messageBody": "",
            "insertions": 63,
            "deletions": 6
          },
          {
            "hash": "42d2ab58c619d1a2aac8f53131d07c268cbe67c1",
            "messageTitle": "Add change module (directory) command",
            "messageBody": "",
            "insertions": 37,
            "deletions": 1
          },
          {
            "hash": "767d0f39a9b0de828a5352136e8a5a79573689e7",
            "messageTitle": "Fix change module command bugs",
            "messageBody": "",
            "insertions": 19,
            "deletions": 9
          },
          {
            "hash": "6bcd40e9d33a77d655793bb5b578d55d59285f29",
            "messageTitle": "Fix data manager bugs (not initialized)",
            "messageBody": "",
            "insertions": 43,
            "deletions": 17
          },
          {
            "hash": "8ce780a76517afd8c60f8dafdaad8562154af7a3",
            "messageTitle": "Add delete task command",
            "messageBody": "",
            "insertions": 45,
            "deletions": 0
          }
        ]
      },
      {
        "insertions": 307,
        "deletions": 178,
        "date": "2020-03-13",
        "commitResults": [
          {
            "hash": "8e44dd501ffbbc7704ce363d435b863c71a68922",
            "messageTitle": "Add screen shot management system",
            "messageBody": "",
            "insertions": 187,
            "deletions": 119
          },
          {
            "hash": "b1b4f6c920f26484d6573e1ce71baea6ea9ad4b5",
            "messageTitle": "Add undo command",
            "messageBody": "",
            "insertions": 53,
            "deletions": 17
          },
          {
            "hash": "056bafee1b2cf607736ab6f4d3544efe52273d92",
            "messageTitle": "Fix bugs from undo command",
            "messageBody": "",
            "insertions": 67,
            "deletions": 42
          }
        ]
      },
      {
        "insertions": 99,
        "deletions": 173,
        "date": "2020-03-16",
        "commitResults": [
          {
            "hash": "90d119db9a6069c84201109b7430a6d2c542f7d3",
            "messageTitle": "fix check deadline command bugs (not complete)",
            "messageBody": "",
            "insertions": 10,
            "deletions": 10
          },
          {
            "hash": "4ac708db1b2e18f7ab1fac34bc2b1b1211f8a731",
            "messageTitle": "temporary commit",
            "messageBody": "",
            "insertions": 5,
            "deletions": 1
          },
          {
            "hash": "6459b97b1a4fd50669840b623c2e248ebf1d9279",
            "messageTitle": "Fix parser command bugs",
            "messageBody": "",
            "insertions": 49,
            "deletions": 144
          },
          {
            "hash": "1dcd6d10511198cf110393f290c8085fc77c9af9",
            "messageTitle": "Fix undo command",
            "messageBody": "",
            "insertions": 35,
            "deletions": 18
          }
        ]
      },
      {
        "insertions": 443,
        "deletions": 361,
        "date": "2020-03-17",
        "commitResults": [
          {
            "hash": "9141b1d413f1a6b40e06077f5862f673dc6ac9b7",
            "messageTitle": "fix bugs",
            "messageBody": "",
            "insertions": 39,
            "deletions": 34
          },
          {
            "hash": "2d13c5bc60f1acf662a8e200f5bf942116db8c86",
            "messageTitle": "Make module manager static",
            "messageBody": "",
            "insertions": 104,
            "deletions": 110
          },
          {
            "hash": "c7c681cb375355fb90d555c6008040acc77fcf49",
            "messageTitle": "Refactor command structure",
            "messageBody": "",
            "insertions": 107,
            "deletions": 119
          },
          {
            "hash": "0c6dbd887c93e3f8e14d2d1bd82cee88f4531e99",
            "messageTitle": "Add directory and root",
            "messageBody": "",
            "insertions": 117,
            "deletions": 54
          },
          {
            "hash": "06d9a02c533bc5e93b2f3f3e76ead680ddd1b06f",
            "messageTitle": "Implement full directory system",
            "messageBody": "",
            "insertions": 38,
            "deletions": 20
          },
          {
            "hash": "e2185be1ca34fe08e8429551c5bb213b6cd7ffb5",
            "messageTitle": "Fix minor issues",
            "messageBody": "",
            "insertions": 7,
            "deletions": 7
          },
          {
            "hash": "029dafb0a09b3ab732793fc7153f5ec9f95fd711",
            "messageTitle": "Add list command / delete other two list command",
            "messageBody": "",
            "insertions": 11,
            "deletions": 10
          },
          {
            "hash": "5cd7b0fc501a192f0f1a5dbcc057cfce35ad7222",
            "messageTitle": "Add change back to root function",
            "messageBody": "",
            "insertions": 20,
            "deletions": 7
          }
        ]
      },
      {
        "insertions": 166,
        "deletions": 30,
        "date": "2020-03-18",
        "commitResults": [
          {
            "hash": "825f0d2581497fbe70314fc36ce69ad57de4caa5",
            "messageTitle": "Add delete command / fix delete module command bug",
            "messageBody": "",
            "insertions": 89,
            "deletions": 19
          },
          {
            "hash": "c0037c37cf4446476807948913c7fea7e309b136",
            "messageTitle": "add add tag command (incomplete)",
            "messageBody": "",
            "insertions": 77,
            "deletions": 11
          }
        ]
      },
      {
        "insertions": 8,
        "deletions": 0,
        "date": "2020-03-22",
        "commitResults": [
          {
            "hash": "f0fb97cf53633258023c44884a45a049a263deeb",
            "messageTitle": "fix bugs",
            "messageBody": "",
            "insertions": 0,
            "deletions": 0
          },
          {
            "hash": "8cd9454967129ce9327d8e79c53b85f22ce26d52",
            "messageTitle": "add color theme",
            "messageBody": "",
            "insertions": 8,
            "deletions": 0
          }
        ]
      }
    ],
    "A11riseforme": [
      {
        "insertions": 1,
        "deletions": 2,
        "date": "2020-03-03",
        "commitResults": [
          {
            "hash": "74b092a0c1ade7e4100573633f058142fcb33721",
            "messageTitle": "update AboutUs.md",
            "messageBody": "",
            "insertions": 1,
            "deletions": 1
          },
          {
            "hash": "ab752961a2671a6ca713a3a598b200b534be5775",
            "messageTitle": "delete extra line",
            "messageBody": "",
            "insertions": 0,
            "deletions": 1
          }
        ]
      },
      {
        "insertions": 349,
        "deletions": 75,
        "date": "2020-03-09",
        "commitResults": [
          {
            "hash": "a4a5a45b355021af7f6efd4f5985402a95762e36",
            "messageTitle": "change the package name to nuke",
            "messageBody": "",
            "insertions": 6,
            "deletions": 8
          },
          {
            "hash": "45a9506f6891a91951d1e7190141cc30c956279c",
            "messageTitle": "add basic structure",
            "messageBody": "",
            "insertions": 251,
            "deletions": 0
          },
          {
            "hash": "925cae5dbc92efa687cd8a329ac219d32cc12184",
            "messageTitle": "modify the structure of the tasks organization",
            "messageBody": "",
            "insertions": 37,
            "deletions": 19
          },
          {
            "hash": "76b99823560ddc5788399f0c2bd11afa4f3ebdd9",
            "messageTitle": "add ModuleStuffList class",
            "messageBody": "",
            "insertions": 55,
            "deletions": 48
          }
        ]
      },
      {
        "insertions": 124,
        "deletions": 14,
        "date": "2020-03-10",
        "commitResults": [
          {
            "hash": "f3648821239b30048f3b55ced39750f7511f6207",
            "messageTitle": "merge from the upstream",
            "messageBody": "",
            "insertions": 26,
            "deletions": 0
          },
          {
            "hash": "c04b7d40c75c03e32d051b41c3be8ae98f53dfa0",
            "messageTitle": "fixing bug in displaying welcome message",
            "messageBody": "",
            "insertions": 9,
            "deletions": 5
          },
          {
            "hash": "a0139ef3782a6177f69c2c3443960c0235f559c3",
            "messageTitle": "change the logo to fit nuke",
            "messageBody": "",
            "insertions": 12,
            "deletions": 6
          },
          {
            "hash": "e6e8ca0f60194f47c356fc36a65e375d2088a6a0",
            "messageTitle": "complete bye command functionality",
            "messageBody": "",
            "insertions": 3,
            "deletions": 1
          },
          {
            "hash": "13e62d6b1b8cf941b4bf6b4dfca05e5e49fa6e90",
            "messageTitle": "add class to load all modules into an ArrayList, not functioning yet",
            "messageBody": "",
            "insertions": 74,
            "deletions": 2
          }
        ]
      },
      {
        "insertions": 63,
        "deletions": 17,
        "date": "2020-03-12",
        "commitResults": [
          {
            "hash": "54f69d74864f07db642dd5f1aaf115e0af8a6557",
            "messageTitle": "complete ModuleLoader class",
            "messageBody": "",
            "insertions": 48,
            "deletions": 13
          },
          {
            "hash": "d68a60a45022d72486975e506ce62acac56308e2",
            "messageTitle": "change the moduleslist to modulesmap for efficiency",
            "messageBody": "",
            "insertions": 15,
            "deletions": 4
          }
        ]
      },
      {
        "insertions": 43,
        "deletions": 20,
        "date": "2020-03-13",
        "commitResults": [
          {
            "hash": "0c7378c88339277838b3843bec89217dcb692152",
            "messageTitle": "check if module is provided by NUS before add module",
            "messageBody": "",
            "insertions": 43,
            "deletions": 20
          }
        ]
      },
      {
        "insertions": 563,
        "deletions": 228,
        "date": "2020-03-16",
        "commitResults": [
          {
            "hash": "0d976c31fc49990c4a147192db784af6a600d10e",
            "messageTitle": "update ModuleLoader.java a bit",
            "messageBody": "",
            "insertions": 1,
            "deletions": 1
          },
          {
            "hash": "4bc85d68fc649e1741bf32a3d81ffb4946a8d15f",
            "messageTitle": "pass the checkstyleMain check",
            "messageBody": "",
            "insertions": 297,
            "deletions": 176
          },
          {
            "hash": "504373afa9f8302ef538e4db75e887f964d760b4",
            "messageTitle": "pass checkstyleTest check",
            "messageBody": "",
            "insertions": 20,
            "deletions": 9
          },
          {
            "hash": "ad9a5d561f63d727e31e5dd120169296b19309a9",
            "messageTitle": "pass the gradlew build",
            "messageBody": "",
            "insertions": 12,
            "deletions": 10
          },
          {
            "hash": "af99650e2e3a7a834048bc1327cafc739b70ec84",
            "messageTitle": "add support to download module list from nusmods",
            "messageBody": "",
            "insertions": 42,
            "deletions": 10
          },
          {
            "hash": "6e9cd8e11e409a8d4b91e964dfea51da088f9f5a",
            "messageTitle": "pass text-ui-test",
            "messageBody": "",
            "insertions": 3,
            "deletions": 1
          },
          {
            "hash": "e30e031190d30434032927684a496818db244b02",
            "messageTitle": "add StorageManager class",
            "messageBody": "",
            "insertions": 14,
            "deletions": 0
          },
          {
            "hash": "bbed0d2bed1f96807f2ba627a409b593e2559edf",
            "messageTitle": "pass gradle check test",
            "messageBody": "",
            "insertions": 21,
            "deletions": 6
          },
          {
            "hash": "15a548b7b940b18988babdab43ef33b42c9ea475",
            "messageTitle": "fix bugs in lst command",
            "messageBody": "",
            "insertions": 4,
            "deletions": 1
          },
          {
            "hash": "58de5ba6263cac1e7de587e4226cdef44eaab796",
            "messageTitle": "fix lstm bug",
            "messageBody": "",
            "insertions": 7,
            "deletions": 2
          },
          {
            "hash": "9a40899f703a92f6a5e46b52a301aa6720f12175",
            "messageTitle": "fix addm bugs when adding duplicate modules",
            "messageBody": "",
            "insertions": 4,
            "deletions": 1
          },
          {
            "hash": "f0ab5a6a8d4eaac680cfe8e45d4c99089eb78c0e",
            "messageTitle": "remove redundant import in MooduleManager class",
            "messageBody": "",
            "insertions": 0,
            "deletions": 1
          },
          {
            "hash": "021a9b8d3065fddcbaca175fd37e0f029db06603",
            "messageTitle": "add StorageManager class to load and save data to json file",
            "messageBody": "",
            "insertions": 122,
            "deletions": 6
          },
          {
            "hash": "bdbfb2f26a27abd3be97bc5d27d6c7c13b772e07",
            "messageTitle": "pass the text-ui-test",
            "messageBody": "",
            "insertions": 16,
            "deletions": 4
          }
        ]
      },
      {
        "insertions": 895,
        "deletions": 849,
        "date": "2020-03-17",
        "commitResults": [
          {
            "hash": "4b66130b6c22e9b0af64da1ffed624ce76a6619d",
            "messageTitle": "crlf",
            "messageBody": "",
            "insertions": 46,
            "deletions": 0
          },
          {
            "hash": "f24556b0602a268734ea45806620a694c86e9ff1",
            "messageTitle": "crlf",
            "messageBody": "",
            "insertions": 0,
            "deletions": 46
          },
          {
            "hash": "2c44e6b03b84e914c3d9abad58f7503b4e7a4d49",
            "messageTitle": "update shadowJar version in gradle config",
            "messageBody": "",
            "insertions": 1,
            "deletions": 1
          },
          {
            "hash": "f77003e025d7f86828302c8bef8813759b086371",
            "messageTitle": "must pass ci!!!!!!!!!",
            "messageBody": "",
            "insertions": 7,
            "deletions": 7
          },
          {
            "hash": "c18d376bb9dbe581486e08d45ea0ee61448de3c7",
            "messageTitle": "restore runtest.bat",
            "messageBody": "",
            "insertions": 19,
            "deletions": 19
          },
          {
            "hash": "4df37eabd7fd2beefc1e5a0bc494e25f51b85e5c",
            "messageTitle": "update shadowJar compiled version and .gitignore",
            "messageBody": "",
            "insertions": 1,
            "deletions": 1
          },
          {
            "hash": "534d26e8693bc66f44068004228754a1729cecfe",
            "messageTitle": "get rid of useless DataManager class",
            "messageBody": "",
            "insertions": 821,
            "deletions": 775
          }
        ]
      },
      {
        "insertions": 33,
        "deletions": 16,
        "date": "2020-03-18",
        "commitResults": [
          {
            "hash": "f63f633dcaa5ee9380067d3cdfd1837f1f1b7f8f",
            "messageTitle": "minor fix",
            "messageBody": "",
            "insertions": 2,
            "deletions": 3
          },
          {
            "hash": "57774172c908fe38b6d5f637259f74438f86b457",
            "messageTitle": "pass gradle check, runtest.bat check, added assertion for ModuleManager and fix ListAllDeadlineTest",
            "messageBody": "",
            "insertions": 31,
            "deletions": 13
          }
        ]
      },
      {
        "insertions": 29,
        "deletions": 23,
        "date": "2020-03-22",
        "commitResults": [
          {
            "hash": "71d5d1236ad88165d0be0e00020812bec367f224",
            "messageTitle": "change the package name to make it align with the coding standard",
            "messageBody": "",
            "insertions": 11,
            "deletions": 11
          },
          {
            "hash": "72e366d6c8047ee7737cc4d7848b445730269acd",
            "messageTitle": "add color to deadline passed warning",
            "messageBody": "",
            "insertions": 12,
            "deletions": 4
          },
          {
            "hash": "56f3c5027684dc09ae775e38efff247327a2a0d3",
            "messageTitle": "revert back before the last commit as it is not working properly",
            "messageBody": "",
            "insertions": 6,
            "deletions": 8
          }
        ]
      },
      {
        "insertions": 91,
        "deletions": 5,
        "date": "2020-03-25",
        "commitResults": [
          {
            "hash": "24ee76442c7144222eb50a43b27bf9620476a974",
            "messageTitle": "add \u0027add module\u0027 feature implementation in DG",
            "messageBody": "",
            "insertions": 91,
            "deletions": 5
          }
        ]
      },
      {
        "insertions": 99,
        "deletions": 8,
        "date": "2020-03-26",
        "commitResults": [
          {
            "hash": "6fe3ee74bec8fdb7c8eccca5871e974220200d9c",
            "messageTitle": "add \u0027add category/task\u0027 feature implementation in DG",
            "messageBody": "",
            "insertions": 96,
            "deletions": 5
          },
          {
            "hash": "904daa2074688b72c59db0f2617edcb8cf1fc15d",
            "messageTitle": "fix image link in dg",
            "messageBody": "",
            "insertions": 1,
            "deletions": 1
          },
          {
            "hash": "0129afb96b38b7e99d3d3fcd58d65edf01c377fd",
            "messageTitle": "fix image link in dg",
            "messageBody": "",
            "insertions": 1,
            "deletions": 1
          },
          {
            "hash": "c330937d4903aeb6d37b5cd3e886d294585d37fe",
            "messageTitle": "fix image link in dg",
            "messageBody": "",
            "insertions": 1,
            "deletions": 1
          }
        ]
      },
      {
        "insertions": 177,
        "deletions": 34,
        "date": "2020-03-28",
        "commitResults": [
          {
            "hash": "133a3aa446dda93859237ed6581029eaca9e8930",
            "messageTitle": "add one more column of DONE when listing tasks",
            "messageBody": "",
            "insertions": 30,
            "deletions": 27
          },
          {
            "hash": "58ed7e94cf2c69cd607e498ae77f0a759842cd90",
            "messageTitle": "implement MarkAsDoneCommand class",
            "messageBody": "",
            "insertions": 146,
            "deletions": 6
          },
          {
            "hash": "49baff743bb6ef7cd3347da5ff6a69744f4b9f75",
            "messageTitle": "pass gradlew checkstyleMain test",
            "messageBody": "",
            "insertions": 1,
            "deletions": 1
          }
        ]
      },
      {
        "insertions": 104,
        "deletions": 23,
        "date": "2020-03-29",
        "commitResults": [
          {
            "hash": "1cfafb822ae399541ecee297fb3694a390995117",
            "messageTitle": "implement undo feature",
            "messageBody": "",
            "insertions": 104,
            "deletions": 23
          }
        ]
      },
      {
        "insertions": 140,
        "deletions": 52,
        "date": "2020-03-30",
        "commitResults": [
          {
            "hash": "e1232da85fd2f29bbedf34c58738c2894fd46910",
            "messageTitle": "pass checkstyleMain test",
            "messageBody": "",
            "insertions": 27,
            "deletions": 15
          },
          {
            "hash": "3ce6292dce240cc00c88fa18be3639262b021fee",
            "messageTitle": "pass text-ui-test",
            "messageBody": "",
            "insertions": 7,
            "deletions": 6
          },
          {
            "hash": "de7a66a69c34eaa09673bc3696277eed57e4f519",
            "messageTitle": "fix crlf",
            "messageBody": "",
            "insertions": 7,
            "deletions": 7
          },
          {
            "hash": "f24e399ebfb7be91877efed83a30cfc885ae89a9",
            "messageTitle": "implement generic command for \u0027ls\u0027 and \u0027mkdir\u0027",
            "messageBody": "",
            "insertions": 97,
            "deletions": 22
          },
          {
            "hash": "64be34cef5c8e0e33b4dde12e51d3a64bbc99b92",
            "messageTitle": "pass gradlew checkstyleMain",
            "messageBody": "",
            "insertions": 2,
            "deletions": 2
          }
        ]
      },
      {
        "insertions": 193,
        "deletions": 83,
        "date": "2020-03-31",
        "commitResults": [
          {
            "hash": "f518160a8b8df0a2e4e7b6d481011b083cbeef40",
            "messageTitle": "update user guide",
            "messageBody": "",
            "insertions": 118,
            "deletions": 75
          },
          {
            "hash": "9ba9adf59a3836e38c7273783f6e5ecf39dc2387",
            "messageTitle": "fix bug when no internet connection",
            "messageBody": "",
            "insertions": 12,
            "deletions": 4
          },
          {
            "hash": "a7d8281e4de5f2e9e69faffe9845e0e7cd89cbcf",
            "messageTitle": "implement generic rm command feature",
            "messageBody": "",
            "insertions": 37,
            "deletions": 4
          },
          {
            "hash": "4af49c6ce5e25289c18be0a26a9efd09728183d6",
            "messageTitle": "implement generic rm command feature",
            "messageBody": "",
            "insertions": 26,
            "deletions": 0
          }
        ]
      },
      {
        "insertions": 161,
        "deletions": 77,
        "date": "2020-04-01",
        "commitResults": [
          {
            "hash": "36124613fde6f2bd39179629791dbbbb694d8f30",
            "messageTitle": "fix add tag command feature",
            "messageBody": "",
            "insertions": 3,
            "deletions": 3
          },
          {
            "hash": "cececb821a8e6b54c2abc5da7ed13acf79262c08",
            "messageTitle": "update user guide",
            "messageBody": "",
            "insertions": 158,
            "deletions": 74
          }
        ]
      },
      {
        "insertions": 115,
        "deletions": 86,
        "date": "2020-04-04",
        "commitResults": [
          {
            "hash": "576e3796fc7d5e24ee84b3368faa2428c27fa00f",
            "messageTitle": "complete redo command feature",
            "messageBody": "",
            "insertions": 78,
            "deletions": 73
          },
          {
            "hash": "7016987087a69db6950cb5cc980ac9d317b2bf44",
            "messageTitle": "fixed typo in ug",
            "messageBody": "",
            "insertions": 3,
            "deletions": 3
          },
          {
            "hash": "85d9e4ce5b16500e8c900031b377f58bd6c54f92",
            "messageTitle": "update ModuleLoader to make it download moduleList and store in data folder",
            "messageBody": "",
            "insertions": 30,
            "deletions": 7
          },
          {
            "hash": "3af6bcd8cbf6721e4fc8c86019191c2bd192e614",
            "messageTitle": "update ug error",
            "messageBody": "",
            "insertions": 0,
            "deletions": 2
          },
          {
            "hash": "23a888962581033bea33dc652984dbcb56c7bd26",
            "messageTitle": "update ug",
            "messageBody": "",
            "insertions": 3,
            "deletions": 1
          },
          {
            "hash": "66bdeeacd85f661781d3f84fa9e350e77cbbe7f4",
            "messageTitle": "add assertion",
            "messageBody": "",
            "insertions": 1,
            "deletions": 0
          }
        ]
      },
      {
        "insertions": 408,
        "deletions": 53,
        "date": "2020-04-05",
        "commitResults": [
          {
            "hash": "d212981111ecbf014062ee94d3178e38321341cc",
            "messageTitle": "add Junit test for UndoCommand",
            "messageBody": "",
            "insertions": 58,
            "deletions": 3
          },
          {
            "hash": "b65407ea5f3d2a6e21d214690f71dd880f43c357",
            "messageTitle": "fix UndoCommandTest and add Junit test for RedoCommand",
            "messageBody": "",
            "insertions": 49,
            "deletions": 19
          },
          {
            "hash": "30b54c618b4d16f6994181889ed6e029c0ba5af1",
            "messageTitle": "add Junit test for AddModuleCommand",
            "messageBody": "",
            "insertions": 47,
            "deletions": 7
          },
          {
            "hash": "fe7e347e2f3392d8911787aafa49cb77efccb0d2",
            "messageTitle": "add Junit test for AddCategoryCommand",
            "messageBody": "",
            "insertions": 47,
            "deletions": 2
          },
          {
            "hash": "19d93db71a5f50fe3d70da0c71c198adb11dda0d",
            "messageTitle": "add Junit test for AddTaskCommand",
            "messageBody": "",
            "insertions": 87,
            "deletions": 18
          },
          {
            "hash": "0d16a8e5225ac370f07177052b34463e66be6cce",
            "messageTitle": "add Junit test for EditModuleCommand",
            "messageBody": "",
            "insertions": 59,
            "deletions": 0
          },
          {
            "hash": "403c85a1e125d638c2a925306db5803aeb9215a5",
            "messageTitle": "fix junit test for UndoCommand",
            "messageBody": "",
            "insertions": 3,
            "deletions": 1
          },
          {
            "hash": "abfb0e6a37fc2e11c7a8731df43922e826c76de2",
            "messageTitle": "fix Junit test for UndoCommand:",
            "messageBody": "",
            "insertions": 5,
            "deletions": 1
          },
          {
            "hash": "1b4fa5d4d2788b8602ecad6f700d0ad06d102780",
            "messageTitle": "add Junit test for EditCategoryCommand",
            "messageBody": "",
            "insertions": 52,
            "deletions": 1
          },
          {
            "hash": "a95c74a1f4c588aeb8323d9eac3f0033275135ec",
            "messageTitle": "update ExceptionMessage to make it synchronize with code",
            "messageBody": "",
            "insertions": 1,
            "deletions": 1
          }
        ]
      },
      {
        "insertions": 76,
        "deletions": 0,
        "date": "2020-04-06",
        "commitResults": [
          {
            "hash": "d17f85d6c8662d26153c88dc0baf33aed2128d6c",
            "messageTitle": "add Junit test for EditTaskCommand",
            "messageBody": "",
            "insertions": 76,
            "deletions": 0
          }
        ]
      },
      {
        "insertions": 515,
        "deletions": 217,
        "date": "2020-04-08",
        "commitResults": [
          {
            "hash": "4ac96bd26d25e424b6e9c0a22e7f688b04653e6a",
            "messageTitle": "add JUnit test for DueCommand.java",
            "messageBody": "",
            "insertions": 62,
            "deletions": 0
          },
          {
            "hash": "677f7ca358db3657a5bc5886961e534e15a8c626",
            "messageTitle": "add JUnit test for ListCategoryCommand.java",
            "messageBody": "",
            "insertions": 56,
            "deletions": 0
          },
          {
            "hash": "0318768bd7d01c19c57e06dd110efdaad153c8e5",
            "messageTitle": "add JUnit test for EditFileCommand.java",
            "messageBody": "",
            "insertions": 140,
            "deletions": 9
          },
          {
            "hash": "f27520ac75d85726a429ca64881b4e3e0f4518c9",
            "messageTitle": "minor change",
            "messageBody": "",
            "insertions": 52,
            "deletions": 46
          },
          {
            "hash": "6f0c730ea728f5084707d52ea31d5392b8331e5d",
            "messageTitle": "updated ppp",
            "messageBody": "",
            "insertions": 11,
            "deletions": 13
          },
          {
            "hash": "5ac15993316f57c1d31656c1cc3fd4a6aec7da1c",
            "messageTitle": "add JUnit test for ChangeDirectoryCommand.java",
            "messageBody": "",
            "insertions": 39,
            "deletions": 0
          },
          {
            "hash": "97d91b958002b7638b2a454b4c278ce335b7cd48",
            "messageTitle": "update ppp",
            "messageBody": "",
            "insertions": 10,
            "deletions": 2
          },
          {
            "hash": "c2f92e2235ad192113533a9c35564c7b869e4597",
            "messageTitle": "rename ppp",
            "messageBody": "",
            "insertions": 0,
            "deletions": 0
          },
          {
            "hash": "a80dd800f7541abb27f68caad29cada3df9dc8bb",
            "messageTitle": "update PPP and AboutUs.md",
            "messageBody": "",
            "insertions": 92,
            "deletions": 4
          },
          {
            "hash": "cab634fe2f5a7f2aa356db1db75c5f4506d319d7",
            "messageTitle": "rename ppp",
            "messageBody": "",
            "insertions": 39,
            "deletions": 119
          },
          {
            "hash": "bb9571c50f81797ba0aed6ba790c98c65407bcdf",
            "messageTitle": "update ppp",
            "messageBody": "",
            "insertions": 14,
            "deletions": 24
          }
        ]
      },
      {
        "insertions": 536,
        "deletions": 266,
        "date": "2020-04-09",
        "commitResults": [
          {
            "hash": "ae01fa26f5781c728987c498edc22e6025d643aa",
            "messageTitle": "update ug",
            "messageBody": "",
            "insertions": 47,
            "deletions": 30
          },
          {
            "hash": "be1dedadb71f1f1a8a6fbc6cb686c0d91f1f2d6a",
            "messageTitle": "update ug",
            "messageBody": "",
            "insertions": 263,
            "deletions": 94
          },
          {
            "hash": "b6001c3d783d7e84f204afda053daa7e28bab461",
            "messageTitle": "update ug to make it synchronize with clement\u0027s",
            "messageBody": "",
            "insertions": 65,
            "deletions": 16
          },
          {
            "hash": "c4952501665aa969b85a974e2eb16bf2ef360e97",
            "messageTitle": "update ug screenshot size",
            "messageBody": "",
            "insertions": 73,
            "deletions": 76
          },
          {
            "hash": "126c5361352578b00f85c08f16e99ce790daab64",
            "messageTitle": "update ug, add more before and after screenshots",
            "messageBody": "",
            "insertions": 87,
            "deletions": 49
          },
          {
            "hash": "8976779c138909cc35b58e5b2d21e833985e3980",
            "messageTitle": "try to pass ci",
            "messageBody": "",
            "insertions": 1,
            "deletions": 1
          }
        ]
      },
      {
        "insertions": 177,
        "deletions": 125,
        "date": "2020-04-10",
        "commitResults": [
          {
            "hash": "ef9438cef8ad950895023161ec0c716b7286dfb8",
            "messageTitle": "add sequence diagram for AddCategoryCommand and AddModuleCommand, add class diagram for ListCommand",
            "messageBody": "",
            "insertions": 48,
            "deletions": 21
          },
          {
            "hash": "796f5c9327141c8aedf2001aa92c3546ce2a47a8",
            "messageTitle": "Finish List Command section of DG",
            "messageBody": "",
            "insertions": 68,
            "deletions": 82
          },
          {
            "hash": "71bc5c7c0ee3eaf6e6f8538ebda0635a7267fdfc",
            "messageTitle": "add Setting Up section",
            "messageBody": "",
            "insertions": 61,
            "deletions": 22
          }
        ]
      }
    ],
    "iceclementi": [
      {
        "insertions": 1,
        "deletions": 2,
        "date": "2020-03-03",
        "commitResults": [
          {
            "hash": "b7fdf84ecff85b898c49509615eff9167986c0c0",
            "messageTitle": "Update About Us page",
            "messageBody": "",
            "insertions": 1,
            "deletions": 2
          }
        ]
      },
      {
        "insertions": 689,
        "deletions": 96,
        "date": "2020-03-09",
        "commitResults": [
          {
            "hash": "e2b81f606f7100fa9b1e87101703eed577df6d74",
            "messageTitle": "Implement add and delete methods for Task List",
            "messageBody": "",
            "insertions": 41,
            "deletions": 7
          },
          {
            "hash": "38ab798c0cbc4fcc74ed11bd9208cf62c237c9f9",
            "messageTitle": "Add DateTime classes to support datetime variables",
            "messageBody": "",
            "insertions": 347,
            "deletions": 10
          },
          {
            "hash": "2463eff71cd8fa82837ab68d5d5ef843ad92095a",
            "messageTitle": "Create basic structure for Module, Task and File classes",
            "messageBody": "",
            "insertions": 301,
            "deletions": 79
          }
        ]
      },
      {
        "insertions": 1014,
        "deletions": 91,
        "date": "2020-03-10",
        "commitResults": [
          {
            "hash": "12b0d798615e77fcf48aa889294135682fcb45d8",
            "messageTitle": "Implement add and delete module commands",
            "messageBody": "",
            "insertions": 490,
            "deletions": 32
          },
          {
            "hash": "f57ce40b7138bd78f76cd9572caf22dcf8786aef",
            "messageTitle": "Implement add and delete module commands",
            "messageBody": "",
            "insertions": 435,
            "deletions": 58
          },
          {
            "hash": "1480b7a0687a893abf4d982aa10791fc81abbba8",
            "messageTitle": "Create JUnit test for DateTime class",
            "messageBody": "",
            "insertions": 89,
            "deletions": 1
          }
        ]
      },
      {
        "insertions": 399,
        "deletions": 35,
        "date": "2020-03-12",
        "commitResults": [
          {
            "hash": "a4d741b86388095c90e1e5a26eb1a0bc6017f2eb",
            "messageTitle": "Set up GUI",
            "messageBody": "",
            "insertions": 399,
            "deletions": 35
          }
        ]
      },
      {
        "insertions": 565,
        "deletions": 138,
        "date": "2020-03-13",
        "commitResults": [
          {
            "hash": "85fefc40c2a5de7771df7d0d3b3947f6fead7886",
            "messageTitle": "Implement basic add and delete category commands",
            "messageBody": "",
            "insertions": 292,
            "deletions": 72
          },
          {
            "hash": "e0ae73699d8f742aa3b11a3ce118312dd3169a5a",
            "messageTitle": "Create add and delete task commands",
            "messageBody": "",
            "insertions": 273,
            "deletions": 66
          }
        ]
      },
      {
        "insertions": 393,
        "deletions": 134,
        "date": "2020-03-14",
        "commitResults": [
          {
            "hash": "938c22218ed6ab31f7113576e34da3ae9bc79552",
            "messageTitle": "Update parser to parse newly added commands",
            "messageBody": "",
            "insertions": 160,
            "deletions": 74
          },
          {
            "hash": "39c878c0b3dc33bf01d214a6333a338854043dcf",
            "messageTitle": "Create list command to filter by module, category and task",
            "messageBody": "",
            "insertions": 233,
            "deletions": 60
          }
        ]
      },
      {
        "insertions": 257,
        "deletions": 100,
        "date": "2020-03-15",
        "commitResults": [
          {
            "hash": "a68c508331d9a46e93d9cb5c48b99f56a8cd0220",
            "messageTitle": "Utilise Pattern Class to check and parse user inputs",
            "messageBody": "",
            "insertions": 171,
            "deletions": 88
          },
          {
            "hash": "9951f70ab9565d0485424f24e3ba618921560d68",
            "messageTitle": "Add filter and filterExact methods for variable filtering of modules, categories and tasks",
            "messageBody": "",
            "insertions": 86,
            "deletions": 12
          }
        ]
      },
      {
        "insertions": 573,
        "deletions": 183,
        "date": "2020-03-16",
        "commitResults": [
          {
            "hash": "da2e3e793f9e4bcd88036df11c4968fdb9c2e82d",
            "messageTitle": "Support deletion of single and multiple modules at a time",
            "messageBody": "",
            "insertions": 412,
            "deletions": 118
          },
          {
            "hash": "23d62757791b2bf4cfabe16466e1292ae429448b",
            "messageTitle": "Add list module command",
            "messageBody": "",
            "insertions": 161,
            "deletions": 65
          }
        ]
      },
      {
        "insertions": 569,
        "deletions": 199,
        "date": "2020-03-17",
        "commitResults": [
          {
            "hash": "050de5ad613a6a9cf352962385a086bf30e9e35e",
            "messageTitle": "Fix bugs in multiple deletion of modules",
            "messageBody": "",
            "insertions": 407,
            "deletions": 159
          },
          {
            "hash": "4a317f34a481f1ff4a3774e30eaf588fc1fe5e28",
            "messageTitle": "Add Regex patterns for module-level commands",
            "messageBody": "",
            "insertions": 30,
            "deletions": 1
          },
          {
            "hash": "5fce13a351dcd8fab049a7817d98a0fc7ef785b3",
            "messageTitle": "Support parsing of module-level commands with Regex",
            "messageBody": "",
            "insertions": 90,
            "deletions": 36
          },
          {
            "hash": "2484d630e08b084a3f5eb693de42223dcfc363ae",
            "messageTitle": "Fix minor bug to catch out of bound indices",
            "messageBody": "",
            "insertions": 5,
            "deletions": 2
          },
          {
            "hash": "53dd9cd875864e9f05a103e0dd82aec5793afe59",
            "messageTitle": "Add assertions for add module command",
            "messageBody": "",
            "insertions": 9,
            "deletions": 1
          },
          {
            "hash": "0d6062bcf8c30903a7f5c281d2ef50d03e986000",
            "messageTitle": "Add simple logging for add module command",
            "messageBody": "",
            "insertions": 28,
            "deletions": 0
          }
        ]
      },
      {
        "insertions": 2860,
        "deletions": 579,
        "date": "2020-03-18",
        "commitResults": [
          {
            "hash": "6e73cc377dd5e7edaf448eac95674dc35fc5511f",
            "messageTitle": "Update Task Manager and Task classes",
            "messageBody": "",
            "insertions": 260,
            "deletions": 81
          },
          {
            "hash": "b6e6490dc5d92916b7d03f6f39d82d99b38e3191",
            "messageTitle": "Create new classes Category and Category Manager to divide tasks into further categories",
            "messageBody": "",
            "insertions": 297,
            "deletions": 8
          },
          {
            "hash": "7e413c84057b173dff2f2507e00f215aff678a1b",
            "messageTitle": "Update Module Manager class to filter categories and tasks",
            "messageBody": "",
            "insertions": 464,
            "deletions": 148
          },
          {
            "hash": "c9f8c2ba4d2b83a0c540cd74dfc5cad6a9c0083e",
            "messageTitle": "Add a utility class List Creator to create list tables from Array Lists",
            "messageBody": "",
            "insertions": 271,
            "deletions": 0
          },
          {
            "hash": "3134dd73e71f46d871c5eb21cb1be635f0a619e2",
            "messageTitle": "Support multiple deletions for modules",
            "messageBody": "",
            "insertions": 504,
            "deletions": 85
          },
          {
            "hash": "8d1eedb8dd1293d7ce6ae396728a0b31ce82ade0",
            "messageTitle": "Implement current directory tracking in the Directory class",
            "messageBody": "",
            "insertions": 123,
            "deletions": 38
          },
          {
            "hash": "900b32f2fd9d6d06127cbd10a4fcb0f95268dea4",
            "messageTitle": "Improve minor edits",
            "messageBody": "",
            "insertions": 24,
            "deletions": 12
          },
          {
            "hash": "05b1c744c7e0480cf7398967a2e0396c11b4c759",
            "messageTitle": "Update delete module, category and task commands",
            "messageBody": "",
            "insertions": 397,
            "deletions": 50
          },
          {
            "hash": "5a9b1008156d932aa1a7340ed96f3e3c98bb111c",
            "messageTitle": "Rectify delete command and prompts",
            "messageBody": "",
            "insertions": 84,
            "deletions": 57
          },
          {
            "hash": "0f4920a96930cfb41dc40af2edbb3db799aa4be5",
            "messageTitle": "Implement list category and task commands",
            "messageBody": "",
            "insertions": 91,
            "deletions": 12
          },
          {
            "hash": "38f4745d1ce838f6ab8e758e25a67e6d3c5c75a9",
            "messageTitle": "Implement parsing for delete and list commands",
            "messageBody": "",
            "insertions": 345,
            "deletions": 88
          }
        ]
      },
      {
        "insertions": 483,
        "deletions": 265,
        "date": "2020-03-19",
        "commitResults": [
          {
            "hash": "345b11516b9a1b672186c3547eab46c74063289f",
            "messageTitle": "Update and refactor Directory class",
            "messageBody": "",
            "insertions": 87,
            "deletions": 81
          },
          {
            "hash": "95df7ced13eb4b7a1ed3d2133ddf9ea43cbde9b2",
            "messageTitle": "Improve change directory command",
            "messageBody": "",
            "insertions": 251,
            "deletions": 103
          },
          {
            "hash": "c399170b575f837a3870705d686c717fda0a7fbc",
            "messageTitle": "Include parsing of more commands for the parser",
            "messageBody": "",
            "insertions": 45,
            "deletions": 33
          },
          {
            "hash": "939cfce70b9b82f863f186a5d86ddc853ab562ed",
            "messageTitle": "Fix minor bugs and update Ui class",
            "messageBody": "",
            "insertions": 100,
            "deletions": 48
          }
        ]
      },
      {
        "insertions": 959,
        "deletions": 206,
        "date": "2020-03-20",
        "commitResults": [
          {
            "hash": "658ad024bfc4a06f1207cfc0591db233a9f0f88d",
            "messageTitle": "Create encoder and decoder to save and load data",
            "messageBody": "",
            "insertions": 517,
            "deletions": 138
          },
          {
            "hash": "819de0594264a5c91e5850f16b9107da96387cb7",
            "messageTitle": "Implement edit commands for module, category and task",
            "messageBody": "",
            "insertions": 421,
            "deletions": 68
          },
          {
            "hash": "aef7ad3db9edcc3c8ec7abeba755ed922cc7ee91",
            "messageTitle": "Improve Regex formats for add commands",
            "messageBody": "",
            "insertions": 21,
            "deletions": 0
          }
        ]
      },
      {
        "insertions": 1065,
        "deletions": 382,
        "date": "2020-03-21",
        "commitResults": [
          {
            "hash": "2eb4dc6d172d5034f643e634a7e2831aeaafd179",
            "messageTitle": "Support implicit passing of current directory information for add commands",
            "messageBody": "",
            "insertions": 336,
            "deletions": 184
          },
          {
            "hash": "5f34eba4c6e74c6394c065b75bee62b3ec426946",
            "messageTitle": "Improve Regex formats for list commands",
            "messageBody": "",
            "insertions": 269,
            "deletions": 76
          },
          {
            "hash": "ca229f3bbaa2f31bbc77d44e5919024dd2e993e9",
            "messageTitle": "Support implicit passing of directory information for list commands",
            "messageBody": "",
            "insertions": 117,
            "deletions": 67
          },
          {
            "hash": "1b278ab505824104c62f4b9fd198ca4260c7f694",
            "messageTitle": "Include parsing of edit commands",
            "messageBody": "",
            "insertions": 343,
            "deletions": 55
          }
        ]
      },
      {
        "insertions": 1887,
        "deletions": 1472,
        "date": "2020-03-22",
        "commitResults": [
          {
            "hash": "40172915ee3a996389e87b43797a6ad0fedae4aa",
            "messageTitle": "Support implicit passing of directory information for delete commands",
            "messageBody": "",
            "insertions": 585,
            "deletions": 511
          },
          {
            "hash": "8520f5b5a4cf4ea73cf69d1ebc080c2b5de51e6d",
            "messageTitle": "Add javaDocs for class methods",
            "messageBody": "",
            "insertions": 367,
            "deletions": 74
          },
          {
            "hash": "3d9c1f61d652edc8d4371137d23809c2484a8ee1",
            "messageTitle": "Refactor regex section to remove duplications",
            "messageBody": "",
            "insertions": 39,
            "deletions": 106
          },
          {
            "hash": "c23ce6ffc3f012475eabe29e1e2483c7feb549f2",
            "messageTitle": "Improve coding style",
            "messageBody": "",
            "insertions": 865,
            "deletions": 751
          },
          {
            "hash": "7917a3720919a7c2ed3f92748adc3370fac648b4",
            "messageTitle": "Improve coding style to meet checkstyle requirements",
            "messageBody": "",
            "insertions": 8,
            "deletions": 8
          },
          {
            "hash": "a294a973ed5f9b8f795af360ac4017dc54a8171e",
            "messageTitle": "Fix bugs in jUnit test",
            "messageBody": "",
            "insertions": 23,
            "deletions": 22
          }
        ]
      },
      {
        "insertions": 928,
        "deletions": 165,
        "date": "2020-03-24",
        "commitResults": [
          {
            "hash": "4564354abd1dd6bb2cc5cbee7d33a8494d5dbbb6",
            "messageTitle": "Update UserGuide.md",
            "messageBody": "",
            "insertions": 502,
            "deletions": 23
          },
          {
            "hash": "0d1e43e3b8b33e64a1ce65abb4bfcdf12b2621ed",
            "messageTitle": "Add Key Type listener to Gui",
            "messageBody": "",
            "insertions": 138,
            "deletions": 83
          },
          {
            "hash": "493e2f8f90ab9136224a54b094e57f4b7817ef5c",
            "messageTitle": "Improve line format issues in User Guide",
            "messageBody": "",
            "insertions": 5,
            "deletions": 4
          },
          {
            "hash": "77c72704ab682e51cf41c51005000d750a0f48a7",
            "messageTitle": "Add simple syntax highlighter for command word",
            "messageBody": "",
            "insertions": 51,
            "deletions": 6
          },
          {
            "hash": "b039bd035389b1adfcbe94cf341f3a8aa75bc114",
            "messageTitle": "Update UserGuide.md",
            "messageBody": "",
            "insertions": 20,
            "deletions": 13
          },
          {
            "hash": "e2f1822de220e1efe95079edf5108f1c369dfe5f",
            "messageTitle": "Update README.md",
            "messageBody": "",
            "insertions": 1,
            "deletions": 1
          },
          {
            "hash": "394012974c36f1081bf5d8275863fb6289962627",
            "messageTitle": "Add basic auto complete text field for Gui",
            "messageBody": "",
            "insertions": 143,
            "deletions": 16
          },
          {
            "hash": "63df694b1df6aef9f5eab62be7995d9fc04714c6",
            "messageTitle": "Add Developer Guide template",
            "messageBody": "",
            "insertions": 68,
            "deletions": 19
          }
        ]
      },
      {
        "insertions": 204,
        "deletions": 57,
        "date": "2020-03-25",
        "commitResults": [
          {
            "hash": "823d7eba7c3a67713cb0dc7397a5f238706e2b3b",
            "messageTitle": "Update Developer Guide with delete feature",
            "messageBody": "",
            "insertions": 139,
            "deletions": 12
          },
          {
            "hash": "3847bc83c296f76f6f95ef1fcc0e5187e8e0b087",
            "messageTitle": "Minor line corrections to Developer Guide",
            "messageBody": "",
            "insertions": 7,
            "deletions": 3
          },
          {
            "hash": "2008e1081e4afcf7f28b6f0906323734363c528a",
            "messageTitle": "Test Gui auto complete textfield",
            "messageBody": "",
            "insertions": 44,
            "deletions": 32
          },
          {
            "hash": "9aefa7e5bb1e6a022ccd7e5fec5539d748866ef8",
            "messageTitle": "Include Delete Command Class Diagram into Developer Guide",
            "messageBody": "",
            "insertions": 4,
            "deletions": 2
          },
          {
            "hash": "51e5f8f8813bfc36d29f3b3c10effcdd47328365",
            "messageTitle": "Update DeveloperGuide.md",
            "messageBody": "",
            "insertions": 2,
            "deletions": 1
          },
          {
            "hash": "026df637571eb48a8d181eee7de077c99fafc055",
            "messageTitle": "Fix Class Diagram to display",
            "messageBody": "",
            "insertions": 2,
            "deletions": 2
          },
          {
            "hash": "78a82e425b788c9eedb29bcfce13f94ca2c74a5d",
            "messageTitle": "Add Class Diagram for Prompt Command to Developer Guide",
            "messageBody": "",
            "insertions": 6,
            "deletions": 5
          }
        ]
      },
      {
        "insertions": 40,
        "deletions": 19,
        "date": "2020-03-26",
        "commitResults": [
          {
            "hash": "840c43dfb4587e428e924cb02ce1cea084b843fa",
            "messageTitle": "Support auto-complete for command words",
            "messageBody": "",
            "insertions": 39,
            "deletions": 18
          },
          {
            "hash": "c965199da668c722695941362240abe039eba54b",
            "messageTitle": "Update Developer Guide with link to website",
            "messageBody": "",
            "insertions": 1,
            "deletions": 1
          }
        ]
      },
      {
        "insertions": 1304,
        "deletions": 371,
        "date": "2020-03-27",
        "commitResults": [
          {
            "hash": "09be75d765c2ee6615ea4aa619dbbb7ae677b928",
            "messageTitle": "Support auto complete and partial syntax highlighting for add commands",
            "messageBody": "",
            "insertions": 626,
            "deletions": 89
          },
          {
            "hash": "8c5e361d6ba6fd5aa651526ed1bea6faee456863",
            "messageTitle": "Support auto complete and partial syntax highlighting for delete and list commands",
            "messageBody": "",
            "insertions": 372,
            "deletions": 210
          },
          {
            "hash": "26f6b7610d5f341d8c12b4f7d830a3c9b3dba65a",
            "messageTitle": "Support auto complete and partial syntax highlighting for edit and change directory commands",
            "messageBody": "",
            "insertions": 306,
            "deletions": 72
          }
        ]
      },
      {
        "insertions": 124,
        "deletions": 177,
        "date": "2020-03-28",
        "commitResults": [
          {
            "hash": "21480fdd37306f51ca95c0783faa18a220a9a454",
            "messageTitle": "Refactor Gui Parser",
            "messageBody": "",
            "insertions": 105,
            "deletions": 101
          },
          {
            "hash": "5b62073aea195923e1143180faf0ebf90ff90e92",
            "messageTitle": "Improve positioning of auto complete suggestion box",
            "messageBody": "",
            "insertions": 19,
            "deletions": 76
          }
        ]
      },
      {
        "insertions": 1821,
        "deletions": 1502,
        "date": "2020-03-29",
        "commitResults": [
          {
            "hash": "b668c962bb979877088776b17896908dabbd2da0",
            "messageTitle": "Add command format hint when TAB key is pressed and add label to show current directory path",
            "messageBody": "",
            "insertions": 431,
            "deletions": 109
          },
          {
            "hash": "be9db0426d2a5fee596b840e453d4e4ded37542f",
            "messageTitle": "Update Regex formats to fix bug of adding directories with names \"..\"",
            "messageBody": "",
            "insertions": 71,
            "deletions": 73
          },
          {
            "hash": "c8506b8560e4f0008e995ea011638f4d6f2b237e",
            "messageTitle": "Create a directory tree for Gui",
            "messageBody": "",
            "insertions": 155,
            "deletions": 36
          },
          {
            "hash": "ec84242eee6a057aae96d04c8dc9b39d528de280",
            "messageTitle": "Add basic add file command",
            "messageBody": "",
            "insertions": 583,
            "deletions": 610
          },
          {
            "hash": "0f27bdfbed4810e498e2ed1660a8ee7277a303cd",
            "messageTitle": "Add basic add file command",
            "messageBody": "",
            "insertions": 570,
            "deletions": 605
          },
          {
            "hash": "1587450540bf95669740d90f58db991e151fab0b",
            "messageTitle": "Update mark as done command",
            "messageBody": "",
            "insertions": 11,
            "deletions": 69
          }
        ]
      },
      {
        "insertions": 1641,
        "deletions": 437,
        "date": "2020-03-30",
        "commitResults": [
          {
            "hash": "011627e0f2cdcf9882390211d9d50476da1321aa",
            "messageTitle": "Implement add file command",
            "messageBody": "",
            "insertions": 87,
            "deletions": 3
          },
          {
            "hash": "30d3b8993fcc1469a819da265cf7e03c58432f9a",
            "messageTitle": "Remove print in add file command",
            "messageBody": "",
            "insertions": 0,
            "deletions": 3
          },
          {
            "hash": "ae4850dfb040a0f123ece15e032dfb73a81b7c07",
            "messageTitle": "Add Sequence Diagram for Delete Command",
            "messageBody": "",
            "insertions": 96,
            "deletions": 60
          },
          {
            "hash": "e359e3df4d2f3af63af1be4aa59458aee343f939",
            "messageTitle": "Fix Developer Guide format issue",
            "messageBody": "",
            "insertions": 5,
            "deletions": 5
          },
          {
            "hash": "90405f28c91d9e131e42f76cb7560e96830378bd",
            "messageTitle": "Add filtering methods for File directory",
            "messageBody": "",
            "insertions": 228,
            "deletions": 73
          },
          {
            "hash": "8a0065dfa02e5f957ec24e62b0c7493f83a73cce",
            "messageTitle": "Add Delete File and List File Command classes",
            "messageBody": "",
            "insertions": 323,
            "deletions": 37
          },
          {
            "hash": "76f222d8cf12eed2cac425b1744653d5015c2e07",
            "messageTitle": "Add Edit File Command class and enable actual deletion of files for Delete File class",
            "messageBody": "",
            "insertions": 258,
            "deletions": 44
          },
          {
            "hash": "7812b9b0b11d1c97f4f804dccededdc06c8bd7f1",
            "messageTitle": "Fix bugs in various file commands",
            "messageBody": "",
            "insertions": 159,
            "deletions": 110
          },
          {
            "hash": "0b09773b0c1b9566d2a39fc128c65464d769da9b",
            "messageTitle": "Improve checkstyle to pass test",
            "messageBody": "",
            "insertions": 114,
            "deletions": 34
          },
          {
            "hash": "d7942afe6d8e48aa8b2e67456222d744374c5c52",
            "messageTitle": "Implement open file command",
            "messageBody": "",
            "insertions": 204,
            "deletions": 17
          },
          {
            "hash": "082f34278c872f6d0ef46ad20eec478716848af3",
            "messageTitle": "Fix add task bug (missing invalid group)",
            "messageBody": "",
            "insertions": 1,
            "deletions": 0
          },
          {
            "hash": "2e791114540b3489974f232a15753274a0860a27",
            "messageTitle": "Pass checkstyle",
            "messageBody": "",
            "insertions": 166,
            "deletions": 51
          }
        ]
      },
      {
        "insertions": 1058,
        "deletions": 385,
        "date": "2020-03-31",
        "commitResults": [
          {
            "hash": "11d9613b64c6887c06b4c7204275c79d8172951d",
            "messageTitle": "Show syntax highlighting for indices and confirmations",
            "messageBody": "",
            "insertions": 550,
            "deletions": 201
          },
          {
            "hash": "e4d729e212c3a5ded5c39b4e90fed033bc4026c3",
            "messageTitle": "Add syntax highlighting for File commands",
            "messageBody": "",
            "insertions": 73,
            "deletions": 11
          },
          {
            "hash": "918184c3f8f9dc58bd923de7020f8e1c8d80a817",
            "messageTitle": "Support choosing of files to add via file chooser for Gui",
            "messageBody": "",
            "insertions": 88,
            "deletions": 37
          },
          {
            "hash": "153d2abeb913b6629c3ea2cadb51400e1f36657f",
            "messageTitle": "Decorate Gui",
            "messageBody": "",
            "insertions": 347,
            "deletions": 136
          }
        ]
      },
      {
        "insertions": 1588,
        "deletions": 806,
        "date": "2020-04-01",
        "commitResults": [
          {
            "hash": "bf1682b3f5d248bd38b73f8ab7873eb3a115d461",
            "messageTitle": "Add daily task counter panel to Gui",
            "messageBody": "",
            "insertions": 529,
            "deletions": 138
          },
          {
            "hash": "f05c86c6410c6e7684c3d62591b3519f940218ae",
            "messageTitle": "Update command format texts for Gui",
            "messageBody": "",
            "insertions": 54,
            "deletions": 26
          },
          {
            "hash": "733fd04bd62c023c75e1717bfa0d17d63273ba6d",
            "messageTitle": "Fix checkstyle issues",
            "messageBody": "",
            "insertions": 52,
            "deletions": 12
          },
          {
            "hash": "c9d29b88b48915d6fc21e19e809ecde43fbdb8e0",
            "messageTitle": "Pass jUnit test",
            "messageBody": "",
            "insertions": 4,
            "deletions": 19
          },
          {
            "hash": "ad038d0191b81886732c0f47ee92e8cb6c07dedf",
            "messageTitle": "Fix checkstyle issue",
            "messageBody": "",
            "insertions": 1,
            "deletions": 1
          },
          {
            "hash": "9b25b194e88b3d39564895947e20f20d657f0b5b",
            "messageTitle": "Update UserGuide.md",
            "messageBody": "",
            "insertions": 29,
            "deletions": 25
          },
          {
            "hash": "d468ec75c1c1a9830a4eec7a7109f09a2ca2edb4",
            "messageTitle": "Add mark as done command to parser",
            "messageBody": "",
            "insertions": 225,
            "deletions": 102
          },
          {
            "hash": "358af644dd71fa5bd56a7b3cef3a591be38cc9fb",
            "messageTitle": "Fix List commands bugs",
            "messageBody": "",
            "insertions": 528,
            "deletions": 234
          },
          {
            "hash": "abedb0e926f9e802c221680ab15db191241ab2a3",
            "messageTitle": "Add Due command to parser",
            "messageBody": "",
            "insertions": 63,
            "deletions": 21
          },
          {
            "hash": "b707cfefdedce0d3ce6b15d8d480ccff687d5892",
            "messageTitle": "Make minor changes to Gui components",
            "messageBody": "",
            "insertions": 103,
            "deletions": 228
          }
        ]
      },
      {
        "insertions": 487,
        "deletions": 152,
        "date": "2020-04-02",
        "commitResults": [
          {
            "hash": "d8670afd96e0f7f4a9bd9c7427205d923f1c3a00",
            "messageTitle": "Improve Daily Task Counter Panel and Directory Tree to be clickable",
            "messageBody": "",
            "insertions": 449,
            "deletions": 104
          },
          {
            "hash": "97a00896d2e592646c531d16e9243ba336119b33",
            "messageTitle": "Pass checkstyle tests",
            "messageBody": "",
            "insertions": 38,
            "deletions": 48
          }
        ]
      },
      {
        "insertions": 339,
        "deletions": 168,
        "date": "2020-04-03",
        "commitResults": [
          {
            "hash": "d1c6f344fb4f420306d0480b7b5d163793c274cd",
            "messageTitle": "Refactor and make changes to various Classes; pass checkstyle test",
            "messageBody": "",
            "insertions": 336,
            "deletions": 166
          },
          {
            "hash": "417811a418c29b4619fcc2dff90789a55c79fee2",
            "messageTitle": "Update DateTimeTest.java",
            "messageBody": "",
            "insertions": 3,
            "deletions": 2
          }
        ]
      },
      {
        "insertions": 475,
        "deletions": 231,
        "date": "2020-04-04",
        "commitResults": [
          {
            "hash": "54ee3b0ae8476cb6625873700c33586dd23c48bc",
            "messageTitle": "Updated Expected runtest file",
            "messageBody": "",
            "insertions": 2,
            "deletions": 2
          },
          {
            "hash": "5424e994b1140213dcd706645eca758ae29da94d",
            "messageTitle": "Extend toString descriptions for various Directories",
            "messageBody": "",
            "insertions": 33,
            "deletions": 22
          },
          {
            "hash": "47efbae3b4a518e9cfba85d24bf0ac4bd0ef3b16",
            "messageTitle": "Change ListAllTaskDeadlineCommand to ListTaskSortedCommand which is able to sort tasks by priority; also impose word limit restrictions",
            "messageBody": "",
            "insertions": 247,
            "deletions": 139
          },
          {
            "hash": "e2baf6eb999bb5fb28afdaeb6fd861481ab637d8",
            "messageTitle": "Add Info command which shows information of current directory to user",
            "messageBody": "",
            "insertions": 189,
            "deletions": 66
          },
          {
            "hash": "9b710d7a40888f0e1975b837bc6dbbfb1da6a8d5",
            "messageTitle": "Fix file io error",
            "messageBody": "",
            "insertions": 4,
            "deletions": 2
          }
        ]
      },
      {
        "insertions": 1318,
        "deletions": 188,
        "date": "2020-04-05",
        "commitResults": [
          {
            "hash": "847e93a600ee99e96e0a75133b3ddb2e581df745",
            "messageTitle": "Add word limit to edit commands and update TaskFile toString method",
            "messageBody": "",
            "insertions": 52,
            "deletions": 9
          },
          {
            "hash": "6da87616b495b40e8b1b952f88a53d7031be13d1",
            "messageTitle": "Implement Clear Command for Gui to clear the screen",
            "messageBody": "",
            "insertions": 144,
            "deletions": 97
          },
          {
            "hash": "8fa6ba33f6723cdef157fab3f512371bda2722f8",
            "messageTitle": "Use List View to show lists in Gui instead of a String list",
            "messageBody": "",
            "insertions": 1011,
            "deletions": 31
          },
          {
            "hash": "1749a51a79d7fe519a615ad50e60be7a85b7960d",
            "messageTitle": "Implement different row background color to task list depending on proximity to deadline",
            "messageBody": "",
            "insertions": 44,
            "deletions": 7
          },
          {
            "hash": "492c448e121c1e3919af52e9a25d1e7776c4d958",
            "messageTitle": "Implement deletion of files only upon exiting the application",
            "messageBody": "",
            "insertions": 67,
            "deletions": 44
          }
        ]
      },
      {
        "insertions": 551,
        "deletions": 169,
        "date": "2020-04-06",
        "commitResults": [
          {
            "hash": "6c5a4b7238daf285393f3adcfa8db4316503c5ea",
            "messageTitle": "Implement saving only for successful add, edit and delete commands",
            "messageBody": "",
            "insertions": 149,
            "deletions": 75
          },
          {
            "hash": "1f684f0d1fc8a078ea02c2b2818e717c563a9f8d",
            "messageTitle": "Implement Input History to track user\u0027s input in Gui",
            "messageBody": "",
            "insertions": 98,
            "deletions": 20
          },
          {
            "hash": "f0e8e103a28f49e77a88d0aa5a0815b76efee2b4",
            "messageTitle": "Update Change directory command to move to specified directory (for system use only); undo command moves current directory back to Root to avoid \"deletion\" bugs for now",
            "messageBody": "",
            "insertions": 103,
            "deletions": 18
          },
          {
            "hash": "940f09e12d7f2a462c6b60364133a68c77c7ec48",
            "messageTitle": "Implement clicking of directory tree items moves user to that directory",
            "messageBody": "",
            "insertions": 24,
            "deletions": 13
          },
          {
            "hash": "b4386d3c0c6b3e5a8811c207de5202990be4d717",
            "messageTitle": "Pass checkstyle test",
            "messageBody": "",
            "insertions": 2,
            "deletions": 2
          },
          {
            "hash": "cb35084215a04225592cc288a9133e1607575565",
            "messageTitle": "Add parsing of done command for Gui",
            "messageBody": "",
            "insertions": 175,
            "deletions": 41
          }
        ]
      },
      {
        "insertions": 1728,
        "deletions": 888,
        "date": "2020-04-07",
        "commitResults": [
          {
            "hash": "8f652a4eefed3f6b99aa303aaab1e721d9f9decf",
            "messageTitle": "Fix syntax highlighter bugs",
            "messageBody": "",
            "insertions": 311,
            "deletions": 238
          },
          {
            "hash": "a0fc16f4672fe4a0e454445cfbeb7a62c0b54a5c",
            "messageTitle": "Support parsing for generic commands for Gui",
            "messageBody": "",
            "insertions": 73,
            "deletions": 29
          },
          {
            "hash": "a639c15617eb82bb713671605585208943c8f66b",
            "messageTitle": "Enforce character limit to Gui console and pass checkstyle test",
            "messageBody": "",
            "insertions": 137,
            "deletions": 55
          },
          {
            "hash": "14c09e8bd3beb0e155c38084d46f52c0f04b3ec2",
            "messageTitle": "Fill up rest of command format hints in Gui",
            "messageBody": "",
            "insertions": 61,
            "deletions": 28
          },
          {
            "hash": "78a2db7a1d1776f265f4aae50eaf7977498d7a9d",
            "messageTitle": "Improve parser and add more \"detailed\" messages",
            "messageBody": "",
            "insertions": 350,
            "deletions": 190
          },
          {
            "hash": "b5ef6cffb5b1288a68247ea72bd25cd50e458f36",
            "messageTitle": "Improve help guide and make feedback messages more informative",
            "messageBody": "",
            "insertions": 343,
            "deletions": 305
          },
          {
            "hash": "6e8e3ffef76cdd5bf4c41a21edc5aebdaa477360",
            "messageTitle": "Pass tests",
            "messageBody": "",
            "insertions": 56,
            "deletions": 22
          },
          {
            "hash": "c7767cb354468b938ed66f859052daf33ca40e75",
            "messageTitle": "Add jUnit tests for util package",
            "messageBody": "",
            "insertions": 397,
            "deletions": 21
          }
        ]
      },
      {
        "insertions": 1371,
        "deletions": 577,
        "date": "2020-04-08",
        "commitResults": [
          {
            "hash": "51002c8798bb919d74a9297f94b1bdd80e18d277",
            "messageTitle": "Implement jUnit Tests for directory package",
            "messageBody": "",
            "insertions": 734,
            "deletions": 266
          },
          {
            "hash": "f934c2d6e39f601c2a1dd97205ac5ea9f8657977",
            "messageTitle": "Fix test",
            "messageBody": "",
            "insertions": 7,
            "deletions": 5
          },
          {
            "hash": "f62566baa1a2639979166a3d25b8fb019fdeb1d3",
            "messageTitle": "Update PPP",
            "messageBody": "",
            "insertions": 37,
            "deletions": 6
          },
          {
            "hash": "c7697148a47988f4b28a60e558d9da34143adf45",
            "messageTitle": "Add more contributions to PPP",
            "messageBody": "",
            "insertions": 31,
            "deletions": 2
          },
          {
            "hash": "0cb6a89945f844e70f5cc68dde40cc5644e5b2fe",
            "messageTitle": "Update PPP Other Contributions section",
            "messageBody": "",
            "insertions": 10,
            "deletions": 6
          },
          {
            "hash": "f761c3dd6629ad9fac59fe5f2aa8c04e696acc38",
            "messageTitle": "Update PPP (last update today)",
            "messageBody": "",
            "insertions": 26,
            "deletions": 3
          },
          {
            "hash": "efb740781001252b963848e53e6e8dc11ac9e772",
            "messageTitle": "Fix minor bugs in RegEx format for priority",
            "messageBody": "",
            "insertions": 11,
            "deletions": 13
          },
          {
            "hash": "8b335fed7790910cf430804739c29447017f33c9",
            "messageTitle": "Update UG; info and alert boxes supported",
            "messageBody": "",
            "insertions": 130,
            "deletions": 58
          },
          {
            "hash": "83196a039b71f0bb273682ccbe0d2d757fa6d151",
            "messageTitle": "Edit minor changes",
            "messageBody": "",
            "insertions": 34,
            "deletions": 9
          },
          {
            "hash": "2f7f09b60e3033d9188f96858dd23a2db86621bb",
            "messageTitle": "Add tree diagram and icons to UG",
            "messageBody": "",
            "insertions": 173,
            "deletions": 143
          },
          {
            "hash": "8f2910390d193b911fc1f672a65e08e541efe9b0",
            "messageTitle": "Update UG with Change Directory command",
            "messageBody": "",
            "insertions": 60,
            "deletions": 19
          },
          {
            "hash": "3cb7f75304336ce9aa4e09e97a3c2fa1de190942",
            "messageTitle": "Complete undo, redo, open file and info documentation in UG",
            "messageBody": "",
            "insertions": 85,
            "deletions": 14
          },
          {
            "hash": "a00a08085a26f101759b24184df7761adb0d4157",
            "messageTitle": "Update UserGuide.md",
            "messageBody": "",
            "insertions": 33,
            "deletions": 33
          }
        ]
      },
      {
        "insertions": 1065,
        "deletions": 695,
        "date": "2020-04-09",
        "commitResults": [
          {
            "hash": "0c7a7dadba642a5631319ceb8fa99c4293296ea8",
            "messageTitle": "Update UG with documentation on edit features",
            "messageBody": "",
            "insertions": 179,
            "deletions": 129
          },
          {
            "hash": "59ea1be02408df04a376412b70729a252583aad8",
            "messageTitle": "Improve Delete Feature section of UG",
            "messageBody": "",
            "insertions": 113,
            "deletions": 114
          },
          {
            "hash": "96fb53e867d22cc9d4534000e01b1b1656e029ae",
            "messageTitle": "Update List Features of UG",
            "messageBody": "",
            "insertions": 215,
            "deletions": 154
          },
          {
            "hash": "1ef249e11997671dbd867522d292a7ef9ab3a726",
            "messageTitle": "Update UG Command Summary",
            "messageBody": "",
            "insertions": 162,
            "deletions": 97
          },
          {
            "hash": "b021e834b3b354a733a8ebcff1453847a476cbc2",
            "messageTitle": " Complete command summary, but need to fix links",
            "messageBody": "",
            "insertions": 10,
            "deletions": 2
          },
          {
            "hash": "15d948eccec9a450dab96ae9d0165cdf91eb810f",
            "messageTitle": "Finish Command Summary in UG",
            "messageBody": "",
            "insertions": 45,
            "deletions": 34
          },
          {
            "hash": "64ca6a249580bf0a14ea2de8b3fed0334d8e1e98",
            "messageTitle": "Improve UG formatting",
            "messageBody": "",
            "insertions": 82,
            "deletions": 99
          },
          {
            "hash": "98be255a2a37905225b3a0bae643b5c906d74009",
            "messageTitle": "Complete UG FAQ",
            "messageBody": "",
            "insertions": 100,
            "deletions": 24
          },
          {
            "hash": "3dd50c5e206c83e86e6daa1b6f3fcb6969314953",
            "messageTitle": "Update UserGuide.md",
            "messageBody": "",
            "insertions": 3,
            "deletions": 2
          },
          {
            "hash": "780a87daec084874e3c9ca770acff18e488c9117",
            "messageTitle": "Provide template in content page of DG",
            "messageBody": "",
            "insertions": 75,
            "deletions": 29
          },
          {
            "hash": "169a39370786c09961aa540b983669a0cd7248b1",
            "messageTitle": "Do Undo command DG",
            "messageBody": "",
            "insertions": 81,
            "deletions": 11
          }
        ]
      },
      {
        "insertions": 442,
        "deletions": 166,
        "date": "2020-04-10",
        "commitResults": [
          {
            "hash": "9862cf7b9a2749fe8c35f93954c5902670108605",
            "messageTitle": "Add design considerations for undo and redo commands",
            "messageBody": "",
            "insertions": 21,
            "deletions": 7
          },
          {
            "hash": "f5796a1d8094174e5cdb1ed82393100da9c23efc",
            "messageTitle": "Add Info Command to DG",
            "messageBody": "",
            "insertions": 37,
            "deletions": 24
          },
          {
            "hash": "8a7e26d304a6faf0b696ec6913c3c3f56fd9daed",
            "messageTitle": "Finish Open File Command section of DG",
            "messageBody": "",
            "insertions": 65,
            "deletions": 16
          },
          {
            "hash": "a29eb902771f182bcff1e9ff3cfa78c1567dfb33",
            "messageTitle": "Complete Change Directory Command DG portion",
            "messageBody": "",
            "insertions": 70,
            "deletions": 77
          },
          {
            "hash": "e9c870ed609e653e94177b876a76ee191241183a",
            "messageTitle": "Add Edit command to DG",
            "messageBody": "",
            "insertions": 249,
            "deletions": 42
          }
        ]
      }
    ]
  },
  "authorFinalContributionMap": {
    "HAOYUN49": 1278,
    "wangqinNick": 422,
    "A11riseforme": 1926,
    "iceclementi": 16384
  },
  "authorFileTypeContributionMap": {
    "HAOYUN49": {
      "docs": 148,
      "functional-code": 276,
      "test-code": 814,
      "other": 40
    },
    "wangqinNick": {
      "docs": 0,
      "functional-code": 420,
      "test-code": 0,
      "other": 2
    },
    "A11riseforme": {
      "docs": 536,
      "functional-code": 676,
      "test-code": 648,
      "other": 66
    },
    "iceclementi": {
      "docs": 1869,
      "functional-code": 13209,
      "test-code": 1211,
      "other": 95
    }
  },
  "authorContributionVariance": {
    "HAOYUN49": 28075.21,
    "wangqinNick": 40648.465,
    "A11riseforme": 107544.43,
    "iceclementi": 952594.8
  },
  "authorDisplayNameMap": {
    "HAOYUN49": "CS2113T-T13-2 HAO .. YUN",
    "wangqinNick": "CS2113T-T13-2 WANG.. QIN",
    "A11riseforme": "CS2113T-T13-2 YANG..LONG",
    "iceclementi": "CS2113T-T13-2 CHEN..MENT"
  }
}
