{
  "authorDailyContributionsMap": {
    "HAOYUN49": [
      {
        "insertions": 2,
        "deletions": 1,
        "date": "2020-03-03",
        "commitResults": [
          {
            "hash": "633b0341b3ac33135bf438f98bb1aa286f12037b",
            "messageTitle": "change AboutUs",
            "messageBody": "",
            "insertions": 2,
            "deletions": 1
          }
        ]
      },
      {
        "insertions": 63,
        "deletions": 3,
        "date": "2020-03-09",
        "commitResults": [
          {
            "hash": "8d7fd527eb4391043547b77c5e9c32b4ebdec93f",
            "messageTitle": "count total tasks",
            "messageBody": "",
            "insertions": 63,
            "deletions": 3
          }
        ]
      },
      {
        "insertions": 5,
        "deletions": 7,
        "date": "2020-03-10",
        "commitResults": [
          {
            "hash": "163ffd874f0f743b9245b25c6e814c9cb12cd555",
            "messageTitle": "revision",
            "messageBody": "",
            "insertions": 5,
            "deletions": 7
          }
        ]
      }
    ],
    "wangqinNick": [
      {
        "insertions": 2,
        "deletions": 2,
        "date": "2020-03-03",
        "commitResults": [
          {
            "hash": "ca74f5bdd6950b1a8cfe8834ba20074a3fc69e52",
            "messageTitle": "update personal info and gradle wrapper",
            "messageBody": "",
            "insertions": 1,
            "deletions": 1
          },
          {
            "hash": "bb4ba365d8e29f1b0673b46294ece2ec58f0cef4",
            "messageTitle": "update wang qin picture",
            "messageBody": "",
            "insertions": 1,
            "deletions": 1
          }
        ]
      },
      {
        "insertions": 26,
        "deletions": 24,
        "date": "2020-03-08",
        "commitResults": [
          {
            "hash": "4c8a9856861e6cbdcb924df94421f04c79c6a546",
            "messageTitle": "add support for various font (also with jansi library)",
            "messageBody": "",
            "insertions": 13,
            "deletions": 3
          },
          {
            "hash": "6942bedaf2a4b1adab79dcce83478c5773d9288d",
            "messageTitle": "update logo",
            "messageBody": "",
            "insertions": 8,
            "deletions": 5
          },
          {
            "hash": "49c9a155104bc9c9a350c2c2aeac41648f7d7d4e",
            "messageTitle": "fixed checkstyle bug",
            "messageBody": "",
            "insertions": 2,
            "deletions": 10
          },
          {
            "hash": "3943e03b6e65b60376fa8d9d2319276397d2b309",
            "messageTitle": "add simple test for new font",
            "messageBody": "",
            "insertions": 3,
            "deletions": 6
          }
        ]
      },
      {
        "insertions": 565,
        "deletions": 233,
        "date": "2020-03-09",
        "commitResults": [
          {
            "hash": "cf379dc6c48b0ca2628b3e3e538811742c120f62",
            "messageTitle": "Add edit deadline command (not finished)",
            "messageBody": "",
            "insertions": 74,
            "deletions": 88
          },
          {
            "hash": "de5dad0b6172cc783c3e9e4cc6a051788c45163a",
            "messageTitle": "Add giant task list for sorting",
            "messageBody": "",
            "insertions": 36,
            "deletions": 5
          },
          {
            "hash": "8f46d1d19252ce03abde0bb3fac868c5aa621e03",
            "messageTitle": "Add module manager class / message class / not found exception",
            "messageBody": "",
            "insertions": 110,
            "deletions": 12
          },
          {
            "hash": "5a165f200cdd8981777ed1fbe811d26ef00f5ce6",
            "messageTitle": "Add module-level command / task-level command Delete stuff structure",
            "messageBody": "",
            "insertions": 106,
            "deletions": 72
          },
          {
            "hash": "944a54a6b520e0652a96b52fdaf4523c2771e43d",
            "messageTitle": "add runCommandLoopUntilExitCommand() / update TextUi class",
            "messageBody": "",
            "insertions": 140,
            "deletions": 21
          },
          {
            "hash": "58624727449007e021fc7cb2d3a48bc6d8c8453a",
            "messageTitle": "Add Exit Command",
            "messageBody": "",
            "insertions": 41,
            "deletions": 22
          },
          {
            "hash": "5a520e3bd33d2e1aa381cfdfb3f1252e97189e00",
            "messageTitle": "add Parser class",
            "messageBody": "",
            "insertions": 49,
            "deletions": 6
          },
          {
            "hash": "9bd68baafc5e4b1d340240758d191bc79f02b1cc",
            "messageTitle": "Fix module manager bug",
            "messageBody": "",
            "insertions": 9,
            "deletions": 7
          }
        ]
      },
      {
        "insertions": 304,
        "deletions": 193,
        "date": "2020-03-10",
        "commitResults": [
          {
            "hash": "ce2c4d04e3e34bf7cd791e547a6108d39e7a82db",
            "messageTitle": "add help command / refactor parser class",
            "messageBody": "",
            "insertions": 169,
            "deletions": 92
          },
          {
            "hash": "838a5425f6d22fa5eabbf819248e35275f9ded88",
            "messageTitle": "Add more parserTest class",
            "messageBody": "",
            "insertions": 67,
            "deletions": 59
          },
          {
            "hash": "b78e1b64a7e4f5764d5b6cf2a62b52dd4a6350aa",
            "messageTitle": "Add module manager attribute for command class",
            "messageBody": "",
            "insertions": 14,
            "deletions": 3
          },
          {
            "hash": "e7acacd99e63171212b00c5be9aa54460256ee4e",
            "messageTitle": "Add checkDeadline command (module level)",
            "messageBody": "",
            "insertions": 30,
            "deletions": 23
          },
          {
            "hash": "fc00de26ca0b7e316b57c8153330a6e2a40c0b42",
            "messageTitle": "Add exception for check deadline command",
            "messageBody": "",
            "insertions": 12,
            "deletions": 1
          },
          {
            "hash": "4550ec962b4efa66d471ee519e3a8a46014a3068",
            "messageTitle": "Update check deadline command / list module command",
            "messageBody": "",
            "insertions": 9,
            "deletions": 12
          },
          {
            "hash": "dada65fe2e8e8a4030736a116c63fd9bfbad827d",
            "messageTitle": "Fix minor bugs",
            "messageBody": "",
            "insertions": 3,
            "deletions": 3
          }
        ]
      }
    ],
    "A11riseforme": [
      {
        "insertions": 1,
        "deletions": 2,
        "date": "2020-03-03",
        "commitResults": [
          {
            "hash": "74b092a0c1ade7e4100573633f058142fcb33721",
            "messageTitle": "update AboutUs.md",
            "messageBody": "",
            "insertions": 1,
            "deletions": 1
          },
          {
            "hash": "ab752961a2671a6ca713a3a598b200b534be5775",
            "messageTitle": "delete extra line",
            "messageBody": "",
            "insertions": 0,
            "deletions": 1
          }
        ]
      },
      {
        "insertions": 349,
        "deletions": 75,
        "date": "2020-03-09",
        "commitResults": [
          {
            "hash": "a4a5a45b355021af7f6efd4f5985402a95762e36",
            "messageTitle": "change the package name to nuke",
            "messageBody": "",
            "insertions": 6,
            "deletions": 8
          },
          {
            "hash": "45a9506f6891a91951d1e7190141cc30c956279c",
            "messageTitle": "add basic structure",
            "messageBody": "",
            "insertions": 251,
            "deletions": 0
          },
          {
            "hash": "925cae5dbc92efa687cd8a329ac219d32cc12184",
            "messageTitle": "modify the structure of the tasks organization",
            "messageBody": "",
            "insertions": 37,
            "deletions": 19
          },
          {
            "hash": "76b99823560ddc5788399f0c2bd11afa4f3ebdd9",
            "messageTitle": "add ModuleStuffList class",
            "messageBody": "",
            "insertions": 55,
            "deletions": 48
          }
        ]
      },
      {
        "insertions": 124,
        "deletions": 14,
        "date": "2020-03-10",
        "commitResults": [
          {
            "hash": "f3648821239b30048f3b55ced39750f7511f6207",
            "messageTitle": "merge from the upstream",
            "messageBody": "",
            "insertions": 26,
            "deletions": 0
          },
          {
            "hash": "c04b7d40c75c03e32d051b41c3be8ae98f53dfa0",
            "messageTitle": "fixing bug in displaying welcome message",
            "messageBody": "",
            "insertions": 9,
            "deletions": 5
          },
          {
            "hash": "a0139ef3782a6177f69c2c3443960c0235f559c3",
            "messageTitle": "change the logo to fit nuke",
            "messageBody": "",
            "insertions": 12,
            "deletions": 6
          },
          {
            "hash": "e6e8ca0f60194f47c356fc36a65e375d2088a6a0",
            "messageTitle": "complete bye command functionality",
            "messageBody": "",
            "insertions": 3,
            "deletions": 1
          },
          {
            "hash": "13e62d6b1b8cf941b4bf6b4dfca05e5e49fa6e90",
            "messageTitle": "add class to load all modules into an ArrayList, not functioning yet",
            "messageBody": "",
            "insertions": 74,
            "deletions": 2
          }
        ]
      }
    ],
    "iceclementi": [
      {
        "insertions": 1,
        "deletions": 2,
        "date": "2020-03-03",
        "commitResults": [
          {
            "hash": "b7fdf84ecff85b898c49509615eff9167986c0c0",
            "messageTitle": "Update About Us page",
            "messageBody": "",
            "insertions": 1,
            "deletions": 2
          }
        ]
      },
      {
        "insertions": 388,
        "deletions": 17,
        "date": "2020-03-09",
        "commitResults": [
          {
            "hash": "e2b81f606f7100fa9b1e87101703eed577df6d74",
            "messageTitle": "Implement add and delete methods for Task List",
            "messageBody": "",
            "insertions": 41,
            "deletions": 7
          },
          {
            "hash": "38ab798c0cbc4fcc74ed11bd9208cf62c237c9f9",
            "messageTitle": "Add DateTime classes to support datetime variables",
            "messageBody": "",
            "insertions": 347,
            "deletions": 10
          }
        ]
      },
      {
        "insertions": 524,
        "deletions": 59,
        "date": "2020-03-10",
        "commitResults": [
          {
            "hash": "f57ce40b7138bd78f76cd9572caf22dcf8786aef",
            "messageTitle": "Implement add and delete module commands",
            "messageBody": "",
            "insertions": 435,
            "deletions": 58
          },
          {
            "hash": "1480b7a0687a893abf4d982aa10791fc81abbba8",
            "messageTitle": "Create JUnit test for DateTime class",
            "messageBody": "",
            "insertions": 89,
            "deletions": 1
          }
        ]
      }
    ]
  },
  "authorFinalContributionMap": {
    "HAOYUN49": 145,
    "wangqinNick": 692,
    "A11riseforme": 226,
    "iceclementi": 767
  },
  "authorFileTypeContributionMap": {
    "HAOYUN49": {
      "java": 144,
      "md": 1,
      "fxml": 0,
      "sh": 0,
      "bat": 0,
      "gradle": 0,
      "txt": 0
    },
    "wangqinNick": {
      "java": 689,
      "md": 1,
      "fxml": 0,
      "sh": 0,
      "bat": 0,
      "gradle": 2,
      "txt": 0
    },
    "A11riseforme": {
      "java": 221,
      "md": 1,
      "fxml": 0,
      "sh": 0,
      "bat": 0,
      "gradle": 4,
      "txt": 0
    },
    "iceclementi": {
      "java": 766,
      "md": 1,
      "fxml": 0,
      "sh": 0,
      "bat": 0,
      "gradle": 0,
      "txt": 0
    }
  },
  "authorContributionVariance": {
    "HAOYUN49": 385.29,
    "wangqinNick": 70434.89,
    "A11riseforme": 16690.65,
    "iceclementi": 40571.492
  },
  "authorDisplayNameMap": {
    "HAOYUN49": "CS2113T-T13-2 HAO .. YUN",
    "wangqinNick": "CS2113T-T13-2 WANG.. QIN",
    "A11riseforme": "CS2113T-T13-2 YANG..LONG",
    "iceclementi": "CS2113T-T13-2 CHEN..MENT"
  }
}
