{
  "authorDailyContributionsMap": {
    "HAOYUN49": [
      {
        "insertions": 2,
        "deletions": 1,
        "date": "2020-03-03",
        "commitResults": [
          {
            "hash": "633b0341b3ac33135bf438f98bb1aa286f12037b",
            "messageTitle": "change AboutUs",
            "messageBody": "",
            "insertions": 2,
            "deletions": 1
          }
        ]
      },
      {
        "insertions": 63,
        "deletions": 3,
        "date": "2020-03-09",
        "commitResults": [
          {
            "hash": "8d7fd527eb4391043547b77c5e9c32b4ebdec93f",
            "messageTitle": "count total tasks",
            "messageBody": "",
            "insertions": 63,
            "deletions": 3
          }
        ]
      },
      {
        "insertions": 5,
        "deletions": 7,
        "date": "2020-03-10",
        "commitResults": [
          {
            "hash": "163ffd874f0f743b9245b25c6e814c9cb12cd555",
            "messageTitle": "revision",
            "messageBody": "",
            "insertions": 5,
            "deletions": 7
          }
        ]
      },
      {
        "insertions": 94,
        "deletions": 55,
        "date": "2020-03-15",
        "commitResults": [
          {
            "hash": "36ee14f680c274a0f9d75ba25d06fcfc6936f4be",
            "messageTitle": "small revision",
            "messageBody": "",
            "insertions": 94,
            "deletions": 55
          }
        ]
      },
      {
        "insertions": 226,
        "deletions": 168,
        "date": "2020-03-16",
        "commitResults": [
          {
            "hash": "089022aabd87f50d5a7bf08e15493dc0ea72dd46",
            "messageTitle": "small bug-fixing",
            "messageBody": "",
            "insertions": 17,
            "deletions": 4
          },
          {
            "hash": "37fe1e559a6f9b44ba003acb8b986350363e6001",
            "messageTitle": "add javadoc and modify some coding standard violances",
            "messageBody": "",
            "insertions": 112,
            "deletions": 72
          },
          {
            "hash": "14d6396e678e865039ba15e1b74409da11ea1b35",
            "messageTitle": "minor changes",
            "messageBody": "",
            "insertions": 4,
            "deletions": 2
          },
          {
            "hash": "28b8da7b0c30b9e6025148076e763326ad9a5704",
            "messageTitle": "minor changes",
            "messageBody": "",
            "insertions": 2,
            "deletions": 2
          },
          {
            "hash": "ceca2b3fe4ed087f5c309302b0f7c50d5acaf41a",
            "messageTitle": "small revision",
            "messageBody": "",
            "insertions": 10,
            "deletions": 10
          },
          {
            "hash": "2735a4b452ecb20e1bb5cf75a2ec20cf1bfaa1fe",
            "messageTitle": "add assertions \u0026 minor changes",
            "messageBody": "",
            "insertions": 8,
            "deletions": 8
          },
          {
            "hash": "08e65d48fa7d717f0ca458ff4f21432415e3c89c",
            "messageTitle": "commit",
            "messageBody": "",
            "insertions": 3,
            "deletions": 4
          },
          {
            "hash": "29f13c7af31864f3b183c994572f0f1f31079462",
            "messageTitle": "revision",
            "messageBody": "",
            "insertions": 7,
            "deletions": 26
          },
          {
            "hash": "66e53b1218697c1f2cd47bf97165a953e6f95786",
            "messageTitle": "commit",
            "messageBody": "",
            "insertions": 2,
            "deletions": 1
          },
          {
            "hash": "e228d3b87aafe4a523a9a30b1966532362bf8120",
            "messageTitle": "commit",
            "messageBody": "",
            "insertions": 56,
            "deletions": 35
          },
          {
            "hash": "49055cd90253b3429de538df9a9712ace3f7a345",
            "messageTitle": "coding standard commit",
            "messageBody": "",
            "insertions": 2,
            "deletions": 2
          },
          {
            "hash": "2896bf6e94eb7bb6b828590480ed4a5ff88d256e",
            "messageTitle": "commit",
            "messageBody": "",
            "insertions": 1,
            "deletions": 2
          },
          {
            "hash": "470955733908353fbea930dcb1ae92ecf7f28c43",
            "messageTitle": "commit",
            "messageBody": "",
            "insertions": 2,
            "deletions": 0
          }
        ]
      },
      {
        "insertions": 214,
        "deletions": 103,
        "date": "2020-03-17",
        "commitResults": [
          {
            "hash": "1160bb52fcde417eba9b0fe3e95e58c7f91f41b4",
            "messageTitle": "JUnitTest",
            "messageBody": "",
            "insertions": 5,
            "deletions": 0
          },
          {
            "hash": "852844e5806c37ab8d6695cd7d728b9903ec09d7",
            "messageTitle": "revise JUnit Test",
            "messageBody": "",
            "insertions": 28,
            "deletions": 6
          },
          {
            "hash": "73c7e4cd309d685dfe11b30d9409ac517938a822",
            "messageTitle": "Junit Test",
            "messageBody": "",
            "insertions": 74,
            "deletions": 17
          },
          {
            "hash": "4b76f28d8ca199c7fe9bd834553a867b84961b9c",
            "messageTitle": "to pass ci",
            "messageBody": "",
            "insertions": 95,
            "deletions": 78
          },
          {
            "hash": "50f643d0a538a5a3217ca00475b65ec64e1bf142",
            "messageTitle": "commit",
            "messageBody": "",
            "insertions": 9,
            "deletions": 2
          },
          {
            "hash": "e8e5a5de889f572af2a81c8b0d2630243ec38217",
            "messageTitle": "commit",
            "messageBody": "",
            "insertions": 3,
            "deletions": 0
          }
        ]
      }
    ],
    "wangqinNick": [
      {
        "insertions": 2,
        "deletions": 2,
        "date": "2020-03-03",
        "commitResults": [
          {
            "hash": "ca74f5bdd6950b1a8cfe8834ba20074a3fc69e52",
            "messageTitle": "update personal info and gradle wrapper",
            "messageBody": "",
            "insertions": 1,
            "deletions": 1
          },
          {
            "hash": "bb4ba365d8e29f1b0673b46294ece2ec58f0cef4",
            "messageTitle": "update wang qin picture",
            "messageBody": "",
            "insertions": 1,
            "deletions": 1
          }
        ]
      },
      {
        "insertions": 26,
        "deletions": 24,
        "date": "2020-03-08",
        "commitResults": [
          {
            "hash": "4c8a9856861e6cbdcb924df94421f04c79c6a546",
            "messageTitle": "add support for various font (also with jansi library)",
            "messageBody": "",
            "insertions": 13,
            "deletions": 3
          },
          {
            "hash": "6942bedaf2a4b1adab79dcce83478c5773d9288d",
            "messageTitle": "update logo",
            "messageBody": "",
            "insertions": 8,
            "deletions": 5
          },
          {
            "hash": "49c9a155104bc9c9a350c2c2aeac41648f7d7d4e",
            "messageTitle": "fixed checkstyle bug",
            "messageBody": "",
            "insertions": 2,
            "deletions": 10
          },
          {
            "hash": "3943e03b6e65b60376fa8d9d2319276397d2b309",
            "messageTitle": "add simple test for new font",
            "messageBody": "",
            "insertions": 3,
            "deletions": 6
          }
        ]
      },
      {
        "insertions": 565,
        "deletions": 233,
        "date": "2020-03-09",
        "commitResults": [
          {
            "hash": "cf379dc6c48b0ca2628b3e3e538811742c120f62",
            "messageTitle": "Add edit deadline command (not finished)",
            "messageBody": "",
            "insertions": 74,
            "deletions": 88
          },
          {
            "hash": "de5dad0b6172cc783c3e9e4cc6a051788c45163a",
            "messageTitle": "Add giant task list for sorting",
            "messageBody": "",
            "insertions": 36,
            "deletions": 5
          },
          {
            "hash": "8f46d1d19252ce03abde0bb3fac868c5aa621e03",
            "messageTitle": "Add module manager class / message class / not found exception",
            "messageBody": "",
            "insertions": 110,
            "deletions": 12
          },
          {
            "hash": "5a165f200cdd8981777ed1fbe811d26ef00f5ce6",
            "messageTitle": "Add module-level command / task-level command Delete stuff structure",
            "messageBody": "",
            "insertions": 106,
            "deletions": 72
          },
          {
            "hash": "944a54a6b520e0652a96b52fdaf4523c2771e43d",
            "messageTitle": "add runCommandLoopUntilExitCommand() / update TextUi class",
            "messageBody": "",
            "insertions": 140,
            "deletions": 21
          },
          {
            "hash": "58624727449007e021fc7cb2d3a48bc6d8c8453a",
            "messageTitle": "Add Exit Command",
            "messageBody": "",
            "insertions": 41,
            "deletions": 22
          },
          {
            "hash": "5a520e3bd33d2e1aa381cfdfb3f1252e97189e00",
            "messageTitle": "add Parser class",
            "messageBody": "",
            "insertions": 49,
            "deletions": 6
          },
          {
            "hash": "9bd68baafc5e4b1d340240758d191bc79f02b1cc",
            "messageTitle": "Fix module manager bug",
            "messageBody": "",
            "insertions": 9,
            "deletions": 7
          }
        ]
      },
      {
        "insertions": 304,
        "deletions": 193,
        "date": "2020-03-10",
        "commitResults": [
          {
            "hash": "ce2c4d04e3e34bf7cd791e547a6108d39e7a82db",
            "messageTitle": "add help command / refactor parser class",
            "messageBody": "",
            "insertions": 169,
            "deletions": 92
          },
          {
            "hash": "838a5425f6d22fa5eabbf819248e35275f9ded88",
            "messageTitle": "Add more parserTest class",
            "messageBody": "",
            "insertions": 67,
            "deletions": 59
          },
          {
            "hash": "b78e1b64a7e4f5764d5b6cf2a62b52dd4a6350aa",
            "messageTitle": "Add module manager attribute for command class",
            "messageBody": "",
            "insertions": 14,
            "deletions": 3
          },
          {
            "hash": "e7acacd99e63171212b00c5be9aa54460256ee4e",
            "messageTitle": "Add checkDeadline command (module level)",
            "messageBody": "",
            "insertions": 30,
            "deletions": 23
          },
          {
            "hash": "fc00de26ca0b7e316b57c8153330a6e2a40c0b42",
            "messageTitle": "Add exception for check deadline command",
            "messageBody": "",
            "insertions": 12,
            "deletions": 1
          },
          {
            "hash": "4550ec962b4efa66d471ee519e3a8a46014a3068",
            "messageTitle": "Update check deadline command / list module command",
            "messageBody": "",
            "insertions": 9,
            "deletions": 12
          },
          {
            "hash": "dada65fe2e8e8a4030736a116c63fd9bfbad827d",
            "messageTitle": "Fix minor bugs",
            "messageBody": "",
            "insertions": 3,
            "deletions": 3
          }
        ]
      },
      {
        "insertions": 212,
        "deletions": 37,
        "date": "2020-03-12",
        "commitResults": [
          {
            "hash": "21b1ce308febb4e8d9be3f2d73cce9b202d5688f",
            "messageTitle": "bug fixed for delete module command",
            "messageBody": "",
            "insertions": 5,
            "deletions": 4
          },
          {
            "hash": "4cfe4b77ba27bbb6419f5768d3d4a14255e67755",
            "messageTitle": "Add add task command (not complete)/ fix check deadline bugs",
            "messageBody": "",
            "insertions": 63,
            "deletions": 6
          },
          {
            "hash": "42d2ab58c619d1a2aac8f53131d07c268cbe67c1",
            "messageTitle": "Add change module (directory) command",
            "messageBody": "",
            "insertions": 37,
            "deletions": 1
          },
          {
            "hash": "767d0f39a9b0de828a5352136e8a5a79573689e7",
            "messageTitle": "Fix change module command bugs",
            "messageBody": "",
            "insertions": 19,
            "deletions": 9
          },
          {
            "hash": "6bcd40e9d33a77d655793bb5b578d55d59285f29",
            "messageTitle": "Fix data manager bugs (not initialized)",
            "messageBody": "",
            "insertions": 43,
            "deletions": 17
          },
          {
            "hash": "8ce780a76517afd8c60f8dafdaad8562154af7a3",
            "messageTitle": "Add delete task command",
            "messageBody": "",
            "insertions": 45,
            "deletions": 0
          }
        ]
      },
      {
        "insertions": 307,
        "deletions": 178,
        "date": "2020-03-13",
        "commitResults": [
          {
            "hash": "8e44dd501ffbbc7704ce363d435b863c71a68922",
            "messageTitle": "Add screen shot management system",
            "messageBody": "",
            "insertions": 187,
            "deletions": 119
          },
          {
            "hash": "b1b4f6c920f26484d6573e1ce71baea6ea9ad4b5",
            "messageTitle": "Add undo command",
            "messageBody": "",
            "insertions": 53,
            "deletions": 17
          },
          {
            "hash": "056bafee1b2cf607736ab6f4d3544efe52273d92",
            "messageTitle": "Fix bugs from undo command",
            "messageBody": "",
            "insertions": 67,
            "deletions": 42
          }
        ]
      },
      {
        "insertions": 99,
        "deletions": 173,
        "date": "2020-03-16",
        "commitResults": [
          {
            "hash": "90d119db9a6069c84201109b7430a6d2c542f7d3",
            "messageTitle": "fix check deadline command bugs (not complete)",
            "messageBody": "",
            "insertions": 10,
            "deletions": 10
          },
          {
            "hash": "4ac708db1b2e18f7ab1fac34bc2b1b1211f8a731",
            "messageTitle": "temporary commit",
            "messageBody": "",
            "insertions": 5,
            "deletions": 1
          },
          {
            "hash": "6459b97b1a4fd50669840b623c2e248ebf1d9279",
            "messageTitle": "Fix parser command bugs",
            "messageBody": "",
            "insertions": 49,
            "deletions": 144
          },
          {
            "hash": "1dcd6d10511198cf110393f290c8085fc77c9af9",
            "messageTitle": "Fix undo command",
            "messageBody": "",
            "insertions": 35,
            "deletions": 18
          }
        ]
      },
      {
        "insertions": 443,
        "deletions": 361,
        "date": "2020-03-17",
        "commitResults": [
          {
            "hash": "9141b1d413f1a6b40e06077f5862f673dc6ac9b7",
            "messageTitle": "fix bugs",
            "messageBody": "",
            "insertions": 39,
            "deletions": 34
          },
          {
            "hash": "2d13c5bc60f1acf662a8e200f5bf942116db8c86",
            "messageTitle": "Make module manager static",
            "messageBody": "",
            "insertions": 104,
            "deletions": 110
          },
          {
            "hash": "c7c681cb375355fb90d555c6008040acc77fcf49",
            "messageTitle": "Refactor command structure",
            "messageBody": "",
            "insertions": 107,
            "deletions": 119
          },
          {
            "hash": "0c6dbd887c93e3f8e14d2d1bd82cee88f4531e99",
            "messageTitle": "Add directory and root",
            "messageBody": "",
            "insertions": 117,
            "deletions": 54
          },
          {
            "hash": "06d9a02c533bc5e93b2f3f3e76ead680ddd1b06f",
            "messageTitle": "Implement full directory system",
            "messageBody": "",
            "insertions": 38,
            "deletions": 20
          },
          {
            "hash": "e2185be1ca34fe08e8429551c5bb213b6cd7ffb5",
            "messageTitle": "Fix minor issues",
            "messageBody": "",
            "insertions": 7,
            "deletions": 7
          },
          {
            "hash": "029dafb0a09b3ab732793fc7153f5ec9f95fd711",
            "messageTitle": "Add list command / delete other two list command",
            "messageBody": "",
            "insertions": 11,
            "deletions": 10
          },
          {
            "hash": "5cd7b0fc501a192f0f1a5dbcc057cfce35ad7222",
            "messageTitle": "Add change back to root function",
            "messageBody": "",
            "insertions": 20,
            "deletions": 7
          }
        ]
      },
      {
        "insertions": 166,
        "deletions": 30,
        "date": "2020-03-18",
        "commitResults": [
          {
            "hash": "825f0d2581497fbe70314fc36ce69ad57de4caa5",
            "messageTitle": "Add delete command / fix delete module command bug",
            "messageBody": "",
            "insertions": 89,
            "deletions": 19
          },
          {
            "hash": "c0037c37cf4446476807948913c7fea7e309b136",
            "messageTitle": "add add tag command (incomplete)",
            "messageBody": "",
            "insertions": 77,
            "deletions": 11
          }
        ]
      }
    ],
    "A11riseforme": [
      {
        "insertions": 1,
        "deletions": 2,
        "date": "2020-03-03",
        "commitResults": [
          {
            "hash": "74b092a0c1ade7e4100573633f058142fcb33721",
            "messageTitle": "update AboutUs.md",
            "messageBody": "",
            "insertions": 1,
            "deletions": 1
          },
          {
            "hash": "ab752961a2671a6ca713a3a598b200b534be5775",
            "messageTitle": "delete extra line",
            "messageBody": "",
            "insertions": 0,
            "deletions": 1
          }
        ]
      },
      {
        "insertions": 349,
        "deletions": 75,
        "date": "2020-03-09",
        "commitResults": [
          {
            "hash": "a4a5a45b355021af7f6efd4f5985402a95762e36",
            "messageTitle": "change the package name to nuke",
            "messageBody": "",
            "insertions": 6,
            "deletions": 8
          },
          {
            "hash": "45a9506f6891a91951d1e7190141cc30c956279c",
            "messageTitle": "add basic structure",
            "messageBody": "",
            "insertions": 251,
            "deletions": 0
          },
          {
            "hash": "925cae5dbc92efa687cd8a329ac219d32cc12184",
            "messageTitle": "modify the structure of the tasks organization",
            "messageBody": "",
            "insertions": 37,
            "deletions": 19
          },
          {
            "hash": "76b99823560ddc5788399f0c2bd11afa4f3ebdd9",
            "messageTitle": "add ModuleStuffList class",
            "messageBody": "",
            "insertions": 55,
            "deletions": 48
          }
        ]
      },
      {
        "insertions": 124,
        "deletions": 14,
        "date": "2020-03-10",
        "commitResults": [
          {
            "hash": "f3648821239b30048f3b55ced39750f7511f6207",
            "messageTitle": "merge from the upstream",
            "messageBody": "",
            "insertions": 26,
            "deletions": 0
          },
          {
            "hash": "c04b7d40c75c03e32d051b41c3be8ae98f53dfa0",
            "messageTitle": "fixing bug in displaying welcome message",
            "messageBody": "",
            "insertions": 9,
            "deletions": 5
          },
          {
            "hash": "a0139ef3782a6177f69c2c3443960c0235f559c3",
            "messageTitle": "change the logo to fit nuke",
            "messageBody": "",
            "insertions": 12,
            "deletions": 6
          },
          {
            "hash": "e6e8ca0f60194f47c356fc36a65e375d2088a6a0",
            "messageTitle": "complete bye command functionality",
            "messageBody": "",
            "insertions": 3,
            "deletions": 1
          },
          {
            "hash": "13e62d6b1b8cf941b4bf6b4dfca05e5e49fa6e90",
            "messageTitle": "add class to load all modules into an ArrayList, not functioning yet",
            "messageBody": "",
            "insertions": 74,
            "deletions": 2
          }
        ]
      },
      {
        "insertions": 63,
        "deletions": 17,
        "date": "2020-03-12",
        "commitResults": [
          {
            "hash": "54f69d74864f07db642dd5f1aaf115e0af8a6557",
            "messageTitle": "complete ModuleLoader class",
            "messageBody": "",
            "insertions": 48,
            "deletions": 13
          },
          {
            "hash": "d68a60a45022d72486975e506ce62acac56308e2",
            "messageTitle": "change the moduleslist to modulesmap for efficiency",
            "messageBody": "",
            "insertions": 15,
            "deletions": 4
          }
        ]
      },
      {
        "insertions": 43,
        "deletions": 20,
        "date": "2020-03-13",
        "commitResults": [
          {
            "hash": "0c7378c88339277838b3843bec89217dcb692152",
            "messageTitle": "check if module is provided by NUS before add module",
            "messageBody": "",
            "insertions": 43,
            "deletions": 20
          }
        ]
      },
      {
        "insertions": 563,
        "deletions": 228,
        "date": "2020-03-16",
        "commitResults": [
          {
            "hash": "0d976c31fc49990c4a147192db784af6a600d10e",
            "messageTitle": "update ModuleLoader.java a bit",
            "messageBody": "",
            "insertions": 1,
            "deletions": 1
          },
          {
            "hash": "4bc85d68fc649e1741bf32a3d81ffb4946a8d15f",
            "messageTitle": "pass the checkstyleMain check",
            "messageBody": "",
            "insertions": 297,
            "deletions": 176
          },
          {
            "hash": "504373afa9f8302ef538e4db75e887f964d760b4",
            "messageTitle": "pass checkstyleTest check",
            "messageBody": "",
            "insertions": 20,
            "deletions": 9
          },
          {
            "hash": "ad9a5d561f63d727e31e5dd120169296b19309a9",
            "messageTitle": "pass the gradlew build",
            "messageBody": "",
            "insertions": 12,
            "deletions": 10
          },
          {
            "hash": "af99650e2e3a7a834048bc1327cafc739b70ec84",
            "messageTitle": "add support to download module list from nusmods",
            "messageBody": "",
            "insertions": 42,
            "deletions": 10
          },
          {
            "hash": "6e9cd8e11e409a8d4b91e964dfea51da088f9f5a",
            "messageTitle": "pass text-ui-test",
            "messageBody": "",
            "insertions": 3,
            "deletions": 1
          },
          {
            "hash": "e30e031190d30434032927684a496818db244b02",
            "messageTitle": "add StorageManager class",
            "messageBody": "",
            "insertions": 14,
            "deletions": 0
          },
          {
            "hash": "bbed0d2bed1f96807f2ba627a409b593e2559edf",
            "messageTitle": "pass gradle check test",
            "messageBody": "",
            "insertions": 21,
            "deletions": 6
          },
          {
            "hash": "15a548b7b940b18988babdab43ef33b42c9ea475",
            "messageTitle": "fix bugs in lst command",
            "messageBody": "",
            "insertions": 4,
            "deletions": 1
          },
          {
            "hash": "58de5ba6263cac1e7de587e4226cdef44eaab796",
            "messageTitle": "fix lstm bug",
            "messageBody": "",
            "insertions": 7,
            "deletions": 2
          },
          {
            "hash": "9a40899f703a92f6a5e46b52a301aa6720f12175",
            "messageTitle": "fix addm bugs when adding duplicate modules",
            "messageBody": "",
            "insertions": 4,
            "deletions": 1
          },
          {
            "hash": "f0ab5a6a8d4eaac680cfe8e45d4c99089eb78c0e",
            "messageTitle": "remove redundant import in MooduleManager class",
            "messageBody": "",
            "insertions": 0,
            "deletions": 1
          },
          {
            "hash": "021a9b8d3065fddcbaca175fd37e0f029db06603",
            "messageTitle": "add StorageManager class to load and save data to json file",
            "messageBody": "",
            "insertions": 122,
            "deletions": 6
          },
          {
            "hash": "bdbfb2f26a27abd3be97bc5d27d6c7c13b772e07",
            "messageTitle": "pass the text-ui-test",
            "messageBody": "",
            "insertions": 16,
            "deletions": 4
          }
        ]
      },
      {
        "insertions": 895,
        "deletions": 849,
        "date": "2020-03-17",
        "commitResults": [
          {
            "hash": "4b66130b6c22e9b0af64da1ffed624ce76a6619d",
            "messageTitle": "crlf",
            "messageBody": "",
            "insertions": 46,
            "deletions": 0
          },
          {
            "hash": "f24556b0602a268734ea45806620a694c86e9ff1",
            "messageTitle": "crlf",
            "messageBody": "",
            "insertions": 0,
            "deletions": 46
          },
          {
            "hash": "2c44e6b03b84e914c3d9abad58f7503b4e7a4d49",
            "messageTitle": "update shadowJar version in gradle config",
            "messageBody": "",
            "insertions": 1,
            "deletions": 1
          },
          {
            "hash": "f77003e025d7f86828302c8bef8813759b086371",
            "messageTitle": "must pass ci!!!!!!!!!",
            "messageBody": "",
            "insertions": 7,
            "deletions": 7
          },
          {
            "hash": "c18d376bb9dbe581486e08d45ea0ee61448de3c7",
            "messageTitle": "restore runtest.bat",
            "messageBody": "",
            "insertions": 19,
            "deletions": 19
          },
          {
            "hash": "4df37eabd7fd2beefc1e5a0bc494e25f51b85e5c",
            "messageTitle": "update shadowJar compiled version and .gitignore",
            "messageBody": "",
            "insertions": 1,
            "deletions": 1
          },
          {
            "hash": "534d26e8693bc66f44068004228754a1729cecfe",
            "messageTitle": "get rid of useless DataManager class",
            "messageBody": "",
            "insertions": 821,
            "deletions": 775
          }
        ]
      },
      {
        "insertions": 33,
        "deletions": 16,
        "date": "2020-03-18",
        "commitResults": [
          {
            "hash": "f63f633dcaa5ee9380067d3cdfd1837f1f1b7f8f",
            "messageTitle": "minor fix",
            "messageBody": "",
            "insertions": 2,
            "deletions": 3
          },
          {
            "hash": "57774172c908fe38b6d5f637259f74438f86b457",
            "messageTitle": "pass gradle check, runtest.bat check, added assertion for ModuleManager and fix ListAllDeadlineTest",
            "messageBody": "",
            "insertions": 31,
            "deletions": 13
          }
        ]
      }
    ],
    "iceclementi": [
      {
        "insertions": 1,
        "deletions": 2,
        "date": "2020-03-03",
        "commitResults": [
          {
            "hash": "b7fdf84ecff85b898c49509615eff9167986c0c0",
            "messageTitle": "Update About Us page",
            "messageBody": "",
            "insertions": 1,
            "deletions": 2
          }
        ]
      },
      {
        "insertions": 388,
        "deletions": 17,
        "date": "2020-03-09",
        "commitResults": [
          {
            "hash": "e2b81f606f7100fa9b1e87101703eed577df6d74",
            "messageTitle": "Implement add and delete methods for Task List",
            "messageBody": "",
            "insertions": 41,
            "deletions": 7
          },
          {
            "hash": "38ab798c0cbc4fcc74ed11bd9208cf62c237c9f9",
            "messageTitle": "Add DateTime classes to support datetime variables",
            "messageBody": "",
            "insertions": 347,
            "deletions": 10
          }
        ]
      },
      {
        "insertions": 524,
        "deletions": 59,
        "date": "2020-03-10",
        "commitResults": [
          {
            "hash": "f57ce40b7138bd78f76cd9572caf22dcf8786aef",
            "messageTitle": "Implement add and delete module commands",
            "messageBody": "",
            "insertions": 435,
            "deletions": 58
          },
          {
            "hash": "1480b7a0687a893abf4d982aa10791fc81abbba8",
            "messageTitle": "Create JUnit test for DateTime class",
            "messageBody": "",
            "insertions": 89,
            "deletions": 1
          }
        ]
      },
      {
        "insertions": 120,
        "deletions": 37,
        "date": "2020-03-17",
        "commitResults": [
          {
            "hash": "4a317f34a481f1ff4a3774e30eaf588fc1fe5e28",
            "messageTitle": "Add Regex patterns for module-level commands",
            "messageBody": "",
            "insertions": 30,
            "deletions": 1
          },
          {
            "hash": "5fce13a351dcd8fab049a7817d98a0fc7ef785b3",
            "messageTitle": "Support parsing of module-level commands with Regex",
            "messageBody": "",
            "insertions": 90,
            "deletions": 36
          }
        ]
      }
    ]
  },
  "authorFinalContributionMap": {
    "HAOYUN49": 381,
    "wangqinNick": 1107,
    "A11riseforme": 790,
    "iceclementi": 774
  },
  "authorFileTypeContributionMap": {
    "HAOYUN49": {
      "java": 380,
      "md": 1,
      "fxml": 0,
      "sh": 0,
      "bat": 0,
      "gradle": 0,
      "txt": 0
    },
    "wangqinNick": {
      "java": 1104,
      "md": 1,
      "fxml": 0,
      "sh": 0,
      "bat": 0,
      "gradle": 2,
      "txt": 0
    },
    "A11riseforme": {
      "java": 774,
      "md": 1,
      "fxml": 0,
      "sh": 0,
      "bat": 1,
      "gradle": 7,
      "txt": 7
    },
    "iceclementi": {
      "java": 773,
      "md": 1,
      "fxml": 0,
      "sh": 0,
      "bat": 0,
      "gradle": 0,
      "txt": 0
    }
  },
  "authorContributionVariance": {
    "HAOYUN49": 12957.868,
    "wangqinNick": 73168.67,
    "A11riseforme": 182041.44,
    "iceclementi": 25297.502
  },
  "authorDisplayNameMap": {
    "HAOYUN49": "CS2113T-T13-2 HAO .. YUN",
    "wangqinNick": "CS2113T-T13-2 WANG.. QIN",
    "A11riseforme": "CS2113T-T13-2 YANG..LONG",
    "iceclementi": "CS2113T-T13-2 CHEN..MENT"
  }
}
