{
  "repoSenseVersion": "5f16362e6e",
  "reportGeneratedTime": "Wed Apr 8 21:05:38 2020 UTC+08:00",
  "reportGenerationTime": " 25.30 second(s)",
  "repos": [
    {
      "location": {
        "location": "https://github.com/AY1920S2-CS2113T-T13-2/tp.git",
        "repoName": "tp",
        "organization": "AY1920S2-CS2113T-T13-2"
      },
      "branch": "master",
      "displayName": "AY1920S2-CS2113T-T13-2/tp[master]",
      "outputFolderName": "AY1920S2-CS2113T-T13-2_tp_master"
    },
    {
      "location": {
        "location": "https://github.com/AY1920S2-CS2113-T15-1/tp.git",
        "repoName": "tp",
        "organization": "AY1920S2-CS2113-T15-1"
      },
      "branch": "master",
      "displayName": "AY1920S2-CS2113-T15-1/tp[master]",
      "outputFolderName": "AY1920S2-CS2113-T15-1_tp_master"
    },
    {
      "location": {
        "location": "https://github.com/AY1920S2-CS2113-T15-2/tp.git",
        "repoName": "tp",
        "organization": "AY1920S2-CS2113-T15-2"
      },
      "branch": "master",
      "displayName": "AY1920S2-CS2113-T15-2/tp[master]",
      "outputFolderName": "AY1920S2-CS2113-T15-2_tp_master"
    },
    {
      "location": {
        "location": "https://github.com/AY1920S2-CS2113T-T12-3/tp.git",
        "repoName": "tp",
        "organization": "AY1920S2-CS2113T-T12-3"
      },
      "branch": "master",
      "displayName": "AY1920S2-CS2113T-T12-3/tp[master]",
      "outputFolderName": "AY1920S2-CS2113T-T12-3_tp_master"
    },
    {
      "location": {
        "location": "https://github.com/AY1920S2-CS2113-T14-4/tp.git",
        "repoName": "tp",
        "organization": "AY1920S2-CS2113-T14-4"
      },
      "branch": "master",
      "displayName": "AY1920S2-CS2113-T14-4/tp[master]",
      "outputFolderName": "AY1920S2-CS2113-T14-4_tp_master"
    },
    {
      "location": {
        "location": "https://github.com/AY1920S2-CS2113-T14-2/tp.git",
        "repoName": "tp",
        "organization": "AY1920S2-CS2113-T14-2"
      },
      "branch": "master",
      "displayName": "AY1920S2-CS2113-T14-2/tp[master]",
      "outputFolderName": "AY1920S2-CS2113-T14-2_tp_master"
    },
    {
      "location": {
        "location": "https://github.com/AY1920S2-CS2113-T14-1/tp.git",
        "repoName": "tp",
        "organization": "AY1920S2-CS2113-T14-1"
      },
      "branch": "master",
      "displayName": "AY1920S2-CS2113-T14-1/tp[master]",
      "outputFolderName": "AY1920S2-CS2113-T14-1_tp_master"
    },
    {
      "location": {
        "location": "https://github.com/AY1920S2-CS2113T-T13-3/tp.git",
        "repoName": "tp",
        "organization": "AY1920S2-CS2113T-T13-3"
      },
      "branch": "master",
      "displayName": "AY1920S2-CS2113T-T13-3/tp[master]",
      "outputFolderName": "AY1920S2-CS2113T-T13-3_tp_master"
    },
    {
      "location": {
        "location": "https://github.com/AY1920S2-CS2113T-T13-1/tp.git",
        "repoName": "tp",
        "organization": "AY1920S2-CS2113T-T13-1"
      },
      "branch": "master",
      "displayName": "AY1920S2-CS2113T-T13-1/tp[master]",
      "outputFolderName": "AY1920S2-CS2113T-T13-1_tp_master"
    },
    {
      "location": {
        "location": "https://github.com/AY1920S2-CS2113T-T12-4/tp.git",
        "repoName": "tp",
        "organization": "AY1920S2-CS2113T-T12-4"
      },
      "branch": "master",
      "displayName": "AY1920S2-CS2113T-T12-4/tp[master]",
      "outputFolderName": "AY1920S2-CS2113T-T12-4_tp_master"
    },
    {
      "location": {
        "location": "https://github.com/AY1920S2-CS2113T-M16-1/tp.git",
        "repoName": "tp",
        "organization": "AY1920S2-CS2113T-M16-1"
      },
      "branch": "master",
      "displayName": "AY1920S2-CS2113T-M16-1/tp[master]",
      "outputFolderName": "AY1920S2-CS2113T-M16-1_tp_master"
    },
    {
      "location": {
        "location": "https://github.com/AY1920S2-CS2113T-T12-1/tp.git",
        "repoName": "tp",
        "organization": "AY1920S2-CS2113T-T12-1"
      },
      "branch": "master",
      "displayName": "AY1920S2-CS2113T-T12-1/tp[master]",
      "outputFolderName": "AY1920S2-CS2113T-T12-1_tp_master"
    },
    {
      "location": {
        "location": "https://github.com/AY1920S2-CS2113-T15-4/tp.git",
        "repoName": "tp",
        "organization": "AY1920S2-CS2113-T15-4"
      },
      "branch": "master",
      "displayName": "AY1920S2-CS2113-T15-4/tp[master]",
      "outputFolderName": "AY1920S2-CS2113-T15-4_tp_master"
    },
    {
      "location": {
        "location": "https://github.com/AY1920S2-CS2113T-M16-2/tp.git",
        "repoName": "tp",
        "organization": "AY1920S2-CS2113T-M16-2"
      },
      "branch": "master",
      "displayName": "AY1920S2-CS2113T-M16-2/tp[master]",
      "outputFolderName": "AY1920S2-CS2113T-M16-2_tp_master"
    },
    {
      "location": {
        "location": "https://github.com/AY1920S2-CS2113T-T12-2/tp.git",
        "repoName": "tp",
        "organization": "AY1920S2-CS2113T-T12-2"
      },
      "branch": "master",
      "displayName": "AY1920S2-CS2113T-T12-2/tp[master]",
      "outputFolderName": "AY1920S2-CS2113T-T12-2_tp_master"
    },
    {
      "location": {
        "location": "https://github.com/AY1920S2-CS2113-T15-3/tp.git",
        "repoName": "tp",
        "organization": "AY1920S2-CS2113-T15-3"
      },
      "branch": "master",
      "displayName": "AY1920S2-CS2113-T15-3/tp[master]",
      "outputFolderName": "AY1920S2-CS2113-T15-3_tp_master"
    },
    {
      "location": {
        "location": "https://github.com/AY1920S2-CS2113-T14-3/tp.git",
        "repoName": "tp",
        "organization": "AY1920S2-CS2113-T14-3"
      },
      "branch": "master",
      "displayName": "AY1920S2-CS2113-T14-3/tp[master]",
      "outputFolderName": "AY1920S2-CS2113-T14-3_tp_master"
    }
  ],
  "errorList": [],
  "sinceDate": "2020-03-01",
  "untilDate": "2020-04-08",
  "isSinceDateProvided": true,
  "isUntilDateProvided": false
}
