{
  "authorDailyContributionsMap": {
    "JosephLimWeiJie": [
      {
        "insertions": 1,
        "deletions": 0,
        "date": "2020-03-03",
        "commitResults": [
          {
            "hash": "4e44251ae53dd751a08b20bec9a1d45dcab22014",
            "messageTitle": "Add hello.",
            "messageBody": "",
            "insertions": 1,
            "deletions": 0
          }
        ]
      },
      {
        "insertions": 1073,
        "deletions": 336,
        "date": "2020-03-10",
        "commitResults": [
          {
            "hash": "1d56bbece561b2eb0a423697521e2e9826bb14c1",
            "messageTitle": "Add Command classes.",
            "messageBody": "",
            "insertions": 199,
            "deletions": 0
          },
          {
            "hash": "f2eb86c17b023fceb121dbd2e3028c3eb0760502",
            "messageTitle": "Add ingredient package.",
            "messageBody": "",
            "insertions": 65,
            "deletions": 0
          },
          {
            "hash": "3b7a3a827d22cb672aa712a209dbf816902e4eb6",
            "messageTitle": "Add Ui class.",
            "messageBody": "",
            "insertions": 37,
            "deletions": 0
          },
          {
            "hash": "68864b9e7adc86f5101a6e6070b45a16f7e0008a",
            "messageTitle": "Add Stock class.",
            "messageBody": "",
            "insertions": 128,
            "deletions": 0
          },
          {
            "hash": "6038e78a2aceb72bc5d3e150818b8690c87f94f6",
            "messageTitle": "Add Parser class.",
            "messageBody": "",
            "insertions": 270,
            "deletions": 0
          },
          {
            "hash": "36a4777431380ac27a293207d0d5cb6f02391b83",
            "messageTitle": "Add Pair class.",
            "messageBody": "",
            "insertions": 23,
            "deletions": 0
          },
          {
            "hash": "10256a8968bbd11bbc29c03b1165f17fa6a04cf8",
            "messageTitle": "Add Main class.",
            "messageBody": "",
            "insertions": 68,
            "deletions": 0
          },
          {
            "hash": "0992f89e7de62672a023b8fa879ba1f8dd1ccb45",
            "messageTitle": "Add respective test classes for JUnit testing.",
            "messageBody": "",
            "insertions": 82,
            "deletions": 0
          },
          {
            "hash": "b2c6b5111409c71e179e26b15b498ddc7bf206b7",
            "messageTitle": "Update test inputs.",
            "messageBody": "",
            "insertions": 7,
            "deletions": 1
          },
          {
            "hash": "f45fb453aba5529ebe5532b8616463f323120c4c",
            "messageTitle": "Fix checkstyle.",
            "messageBody": "",
            "insertions": 39,
            "deletions": 42
          },
          {
            "hash": "26e0ee023f4d5d397bf5aa1904825c52fca75e94",
            "messageTitle": "Allow StockCommand to directly be executed without a Parser class.",
            "messageBody": "",
            "insertions": 0,
            "deletions": 0
          },
          {
            "hash": "14d41cfbd213c3ab85d82de1bc48ef5cbd1b4227",
            "messageTitle": "Removed Parser.java",
            "messageBody": "",
            "insertions": 0,
            "deletions": 255
          },
          {
            "hash": "d985142441f5db746fa72358adc0b8c234987a1f",
            "messageTitle": "Rename class name and support parsing internally.",
            "messageBody": "",
            "insertions": 151,
            "deletions": 34
          },
          {
            "hash": "b76ccd49cbd0b1d0b2e91acdb93436a7795a2591",
            "messageTitle": "Fix stock command issue to directly execute it.",
            "messageBody": "",
            "insertions": 1,
            "deletions": 1
          },
          {
            "hash": "607dfdb0f277af0caf9a38d1556724c624c97049",
            "messageTitle": "Fix stock command issue to allow direct execution.",
            "messageBody": "",
            "insertions": 3,
            "deletions": 3
          }
        ]
      },
      {
        "insertions": 253,
        "deletions": 92,
        "date": "2020-03-12",
        "commitResults": [
          {
            "hash": "7a020cd1368a8d65faa1f5b37469a6fbab4cef7b",
            "messageTitle": "Edit Main and ExitCommand",
            "messageBody": "",
            "insertions": 5,
            "deletions": 5
          },
          {
            "hash": "11f863b84bc269e9339fc5c602059a4e86776e78",
            "messageTitle": "Fix index errors.",
            "messageBody": "",
            "insertions": 9,
            "deletions": 6
          },
          {
            "hash": "35ba5ba29d9cd58b5df7c12aa7fce8ca8ea6a5d2",
            "messageTitle": "Edit class path name to \u0027MAIN\u0027.",
            "messageBody": "",
            "insertions": 1,
            "deletions": 1
          },
          {
            "hash": "ee39e6c9f508a5dd62c05816fe9e8d43fe9a3de0",
            "messageTitle": "Fix add/delete commands to handle flexible cases.",
            "messageBody": "",
            "insertions": 126,
            "deletions": 35
          },
          {
            "hash": "8556315da760b775414da3375dd62b54ea040f71",
            "messageTitle": "Add InvalidStockCommandException class.",
            "messageBody": "",
            "insertions": 8,
            "deletions": 0
          },
          {
            "hash": "cb8e8be1d488b2ddf4cbc517a72d711215bba391",
            "messageTitle": "Fix loop index errors in execute().",
            "messageBody": "",
            "insertions": 1,
            "deletions": 1
          },
          {
            "hash": "5af4d098555db603fb1dea742cd9fa66e1e8e194",
            "messageTitle": "Moved MenuTest into menu package.",
            "messageBody": "",
            "insertions": 1,
            "deletions": 0
          },
          {
            "hash": "01e2288a7dc14193770436026259f2795b1ba196",
            "messageTitle": "Extend printBorder line.",
            "messageBody": "",
            "insertions": 4,
            "deletions": 2
          },
          {
            "hash": "36a6922fda5059d4e3dda893559e856465a30085",
            "messageTitle": "Remove println from parseIngredientQuantity().",
            "messageBody": "",
            "insertions": 0,
            "deletions": 1
          },
          {
            "hash": "75392e3bc5accf7409f89d4119028f45b55ba24b",
            "messageTitle": "Handle more test cases.",
            "messageBody": "",
            "insertions": 1,
            "deletions": 1
          },
          {
            "hash": "0cfd537ca657347a1ac5c4a9370f479ba1bf55c6",
            "messageTitle": "Handle more test cases.",
            "messageBody": "",
            "insertions": 49,
            "deletions": 32
          },
          {
            "hash": "d7e1d1b3f7c32a4394b6b57984cf14a2409954fc",
            "messageTitle": "Add more possible inputs from the user.",
            "messageBody": "",
            "insertions": 24,
            "deletions": 4
          },
          {
            "hash": "3bc6b4596b9532dde3e62095346d324f5010bf5d",
            "messageTitle": "Add try-catch block for AddStockCommand and DeleteStockCommand.",
            "messageBody": "",
            "insertions": 24,
            "deletions": 4
          }
        ]
      },
      {
        "insertions": 1595,
        "deletions": 223,
        "date": "2020-03-13",
        "commitResults": [
          {
            "hash": "431cca6137ff5212efe3bbd44c1011187b4b5387",
            "messageTitle": "Fix checkstyle issues.",
            "messageBody": "",
            "insertions": 122,
            "deletions": 68
          },
          {
            "hash": "e8ab9df1417ac46caace0325b833ca20c0d39c89",
            "messageTitle": "Update inputs to handle more test cases.",
            "messageBody": "",
            "insertions": 12,
            "deletions": 0
          },
          {
            "hash": "88374884977007b7847e360d573132b658e0f0f1",
            "messageTitle": "Add more test cases.",
            "messageBody": "",
            "insertions": 1083,
            "deletions": 33
          },
          {
            "hash": "072938efa0a68f62287f7bed50561aee65bbea10",
            "messageTitle": "Add handling of more exceptions and fix checkstyle issues.",
            "messageBody": "",
            "insertions": 123,
            "deletions": 36
          },
          {
            "hash": "308d480d29f339b354533ab27893a74b45dc5b5a",
            "messageTitle": "Add more test cases.",
            "messageBody": "",
            "insertions": 122,
            "deletions": 0
          },
          {
            "hash": "b1a8898d21b38916f36bdf543867456bd51544a8",
            "messageTitle": "Fix import assertTrue statement.",
            "messageBody": "",
            "insertions": 1,
            "deletions": 1
          },
          {
            "hash": "41dfe229855a5ad882bf2d0b191b0c4587ccb775",
            "messageTitle": "Fix checkstyle issues.",
            "messageBody": "",
            "insertions": 49,
            "deletions": 44
          },
          {
            "hash": "844c2e4fe9a759db991729fd6a93f11db131a3dc",
            "messageTitle": "Fix checkstyle issues.",
            "messageBody": "",
            "insertions": 8,
            "deletions": 8
          },
          {
            "hash": "1dc378b09db554623632a570a52131cf137e017c",
            "messageTitle": "Fix checkstyle issues.",
            "messageBody": "",
            "insertions": 1,
            "deletions": 1
          },
          {
            "hash": "29a9cc59e9ad9a6925421fef23165282d5aa26a8",
            "messageTitle": "Replace \"\\n\" with System.lineSeperator().",
            "messageBody": "",
            "insertions": 67,
            "deletions": 30
          },
          {
            "hash": "908cae88a860d264a01972f0533633e80593b2b9",
            "messageTitle": "Replace \"\\n\" with System.lineSeperator().",
            "messageBody": "",
            "insertions": 7,
            "deletions": 2
          }
        ]
      },
      {
        "insertions": 55,
        "deletions": 47,
        "date": "2020-03-15",
        "commitResults": [
          {
            "hash": "4bd5b34b3fe474c555d237f6cbc881ed84552270",
            "messageTitle": "Fix inner loop issue.",
            "messageBody": "",
            "insertions": 2,
            "deletions": 2
          },
          {
            "hash": "78908a2be7dd64a900ef5f4541a8ea25b636fa51",
            "messageTitle": "Remove square brackets for stock components.",
            "messageBody": "",
            "insertions": 6,
            "deletions": 6
          },
          {
            "hash": "8eb37eb68a7076dcc2ef8613ba8a3ee9ac37b94c",
            "messageTitle": "Fix indexing for line 30.",
            "messageBody": "",
            "insertions": 1,
            "deletions": 1
          },
          {
            "hash": "885031036345058c1b58548c70ca56cf79889d2e",
            "messageTitle": "Remove redundant import statement",
            "messageBody": "",
            "insertions": 0,
            "deletions": 2
          },
          {
            "hash": "ff7aa95ee05b0c10c9e09d007fe1939e036b4bb0",
            "messageTitle": "Match 1-to-1 comparison with Prof\u0027s repo.",
            "messageBody": "",
            "insertions": 46,
            "deletions": 0
          },
          {
            "hash": "a68727f4869bc340b9bb12a07655594dfae7e98e",
            "messageTitle": "Remove .gradle and build folder",
            "messageBody": "",
            "insertions": 0,
            "deletions": 36
          }
        ]
      },
      {
        "insertions": 16,
        "deletions": 6,
        "date": "2020-03-16",
        "commitResults": [
          {
            "hash": "30c82b977241fef74297b049e4f558a549de64b7",
            "messageTitle": "Add assertion to private methods.",
            "messageBody": "",
            "insertions": 2,
            "deletions": 0
          },
          {
            "hash": "0dc0949e2ec782bb13babdf46c4b0d924c335a87",
            "messageTitle": "Fix JavaDocs commends on addIngredient().",
            "messageBody": "",
            "insertions": 2,
            "deletions": 2
          },
          {
            "hash": "b8777592ea56fd0248b307181bdbd94b7dc4e4d5",
            "messageTitle": "Add assertions and remove magic numbers.",
            "messageBody": "",
            "insertions": 12,
            "deletions": 4
          }
        ]
      },
      {
        "insertions": 391,
        "deletions": 29,
        "date": "2020-03-22",
        "commitResults": [
          {
            "hash": "e155fbb60f127dd6a4ea104503a38c3a8282219e",
            "messageTitle": "Add search tab into user guide.",
            "messageBody": "",
            "insertions": 10,
            "deletions": 2
          },
          {
            "hash": "c962ec8172eb4daa0c5bbc9864bcf3df175198e5",
            "messageTitle": "Add restaurant daily report logo in welcome message.",
            "messageBody": "",
            "insertions": 8,
            "deletions": 2
          },
          {
            "hash": "c0452d13f39917e04483a157060c2251b929759e",
            "messageTitle": "Add search stock method.",
            "messageBody": "",
            "insertions": 63,
            "deletions": 4
          },
          {
            "hash": "173de2db75ef25706006401bf8e70bccaa0f0f5b",
            "messageTitle": "Add SearchStockCommand class.",
            "messageBody": "",
            "insertions": 34,
            "deletions": 0
          },
          {
            "hash": "e2a49c46c203d008f2269192fa241a0290a2e5b4",
            "messageTitle": "Add SearchStockCommand Test class.",
            "messageBody": "",
            "insertions": 200,
            "deletions": 0
          },
          {
            "hash": "88b09a1a6a2ff127f453252481581569c483c752",
            "messageTitle": "Update test cases to list ingredients in descending quantity.",
            "messageBody": "",
            "insertions": 44,
            "deletions": 11
          },
          {
            "hash": "17ef6ea510deea49984c8157a3cb5bd3f3882b49",
            "messageTitle": "Add search as a command word to be parsed.",
            "messageBody": "",
            "insertions": 14,
            "deletions": 0
          },
          {
            "hash": "0df6ec4f38e0c3ca79fcecd04a01c1b783842b8f",
            "messageTitle": "Add more input cases for search stock.",
            "messageBody": "",
            "insertions": 8,
            "deletions": 0
          },
          {
            "hash": "a2d9ad77726bd78b3defc590d2377af5c1bb227a",
            "messageTitle": "Fix checkystyle issues.",
            "messageBody": "",
            "insertions": 10,
            "deletions": 10
          }
        ]
      },
      {
        "insertions": 126,
        "deletions": 12,
        "date": "2020-03-23",
        "commitResults": [
          {
            "hash": "7e76ec049ec9a2acb441281edf5aa89a784d83bb",
            "messageTitle": "Add proposed search stock category.",
            "messageBody": "",
            "insertions": 46,
            "deletions": 5
          },
          {
            "hash": "45af268e0b3ddc43d2c2cdda9cf1884ad852c370",
            "messageTitle": "Fix image loading issue in developer guide.",
            "messageBody": "",
            "insertions": 2,
            "deletions": 2
          },
          {
            "hash": "b00dcf474beb178d954dfcb636d59d9b2c39035c",
            "messageTitle": "Update user guide to include listing stock.",
            "messageBody": "",
            "insertions": 55,
            "deletions": 4
          },
          {
            "hash": "3d4068c74c85d3e4c0e897dd32a44deca493544e",
            "messageTitle": "Add table of content",
            "messageBody": "",
            "insertions": 23,
            "deletions": 1
          }
        ]
      },
      {
        "insertions": 1,
        "deletions": 1,
        "date": "2020-03-24",
        "commitResults": [
          {
            "hash": "fec6a651bb460ec08b52f5a13f9f3fe0768bad56",
            "messageTitle": "Fix errors in sequence diagrams",
            "messageBody": "",
            "insertions": 1,
            "deletions": 1
          }
        ]
      },
      {
        "insertions": 404,
        "deletions": 126,
        "date": "2020-03-29",
        "commitResults": [
          {
            "hash": "579c3a1d3e258584fc502fbcb0f2f930097b133c",
            "messageTitle": "Add more test cases for search stock functionality.",
            "messageBody": "",
            "insertions": 7,
            "deletions": 0
          },
          {
            "hash": "3df5eb436d39814e4f178e59148859190fadd758",
            "messageTitle": "Rename sales package by using lowercase characters.",
            "messageBody": "",
            "insertions": 0,
            "deletions": 83
          },
          {
            "hash": "3cefcc112ed58cde9011534dc436d84efd4c4a2b",
            "messageTitle": "Add more test cases for SearchStockCommand.",
            "messageBody": "",
            "insertions": 147,
            "deletions": 4
          },
          {
            "hash": "bc3c5fa007aecf184d88dd0114b64c3117380cd8",
            "messageTitle": "Resolve the search stock functionality to \u0027k/KEYWORD\u0027.",
            "messageBody": "",
            "insertions": 87,
            "deletions": 4
          },
          {
            "hash": "e66e8324390ce394385003074cd130b9ec1bada8",
            "messageTitle": "Rename sales package using lowercase characters.",
            "messageBody": "",
            "insertions": 83,
            "deletions": 0
          },
          {
            "hash": "d2166e0d1c061becba1da9bb601d8db7f8a38373",
            "messageTitle": "Remove magic numbers and refactor code.",
            "messageBody": "",
            "insertions": 32,
            "deletions": 18
          },
          {
            "hash": "47b824650a68464456e48bf56837abe99b5a886a",
            "messageTitle": "Correct `search stock; tomato` to `search stock; k/tomato`.",
            "messageBody": "",
            "insertions": 1,
            "deletions": 1
          },
          {
            "hash": "e1738a79dab5ad98371c432b4347e54d39a5513f",
            "messageTitle": "Update command format.",
            "messageBody": "",
            "insertions": 19,
            "deletions": 2
          },
          {
            "hash": "b8deb3d07ab9dd7b460860a503b1ba0ac6c7276f",
            "messageTitle": "Fix I/O due to DeleteStockCommand and SearchStockCommand bugs.",
            "messageBody": "",
            "insertions": 2,
            "deletions": 0
          },
          {
            "hash": "a8cdfd17fd9eb57681734da3c4ed60cd878ab4ae",
            "messageTitle": "Fix bug where ingredient should not decrease if not found in stock.",
            "messageBody": "",
            "insertions": 6,
            "deletions": 8
          },
          {
            "hash": "e05fa2bdbc9b61db2aaf9c9bdb50a83650a37f12",
            "messageTitle": "Fix bug where user must now specify the \u0027k/\u0027 tag correctly.",
            "messageBody": "",
            "insertions": 20,
            "deletions": 6
          }
        ]
      },
      {
        "insertions": 212,
        "deletions": 20,
        "date": "2020-03-30",
        "commitResults": [
          {
            "hash": "9fc23c9986a049d20996623cb5e1d022be677f49",
            "messageTitle": "Minor edits to UserGuide.",
            "messageBody": "",
            "insertions": 3,
            "deletions": 1
          },
          {
            "hash": "95cb04f4ad15f4f73cd79e2cc286f86a86be24de",
            "messageTitle": "Add JosephLimWeiJie.md.",
            "messageBody": "",
            "insertions": 6,
            "deletions": 0
          },
          {
            "hash": "8e43012dd32aaae77fa0d17713488fc0417dcffe",
            "messageTitle": "Add JosephLimWeiJie into AboutUs.md.",
            "messageBody": "",
            "insertions": 1,
            "deletions": 4
          },
          {
            "hash": "81c336eeed29e461f09285a0f3635a5818b7eb85",
            "messageTitle": "Fix errors in diagrams under 1.1 and 1.2.",
            "messageBody": "",
            "insertions": 3,
            "deletions": 3
          },
          {
            "hash": "67c0e8e957df83ee0122a7162180291d1355e238",
            "messageTitle": "Update searchStockFunction sequence diagram image.",
            "messageBody": "",
            "insertions": 2,
            "deletions": 2
          },
          {
            "hash": "c89aaee99dc5d21fdbe3ce8fc97fbb944d0265fe",
            "messageTitle": "Fix url for images.",
            "messageBody": "",
            "insertions": 7,
            "deletions": 7
          },
          {
            "hash": "b5d3511a6ad0b39a3219f2fb1413f6e2f61c6323",
            "messageTitle": "Update achiveBaseName to \u0027restaurant\u0027 and archive version to \u00272.0.\u0027",
            "messageBody": "",
            "insertions": 2,
            "deletions": 2
          },
          {
            "hash": "e5dd685e5dcdbf35c2cb1658e0a2a5efecdb8994",
            "messageTitle": "Update to build folder.",
            "messageBody": "",
            "insertions": 187,
            "deletions": 0
          },
          {
            "hash": "51bd87f08089336ad0ffe71872500a541389f23e",
            "messageTitle": "Update download link for restaurant-2.0.jar file.",
            "messageBody": "",
            "insertions": 1,
            "deletions": 1
          }
        ]
      }
    ],
    "gmuthu17": [
      {
        "insertions": 127,
        "deletions": 0,
        "date": "2020-03-09",
        "commitResults": [
          {
            "hash": "71c40341c00e864bf1bf110e031c9beb5f6ce0c3",
            "messageTitle": "mvp of menu with add and delete",
            "messageBody": "",
            "insertions": 127,
            "deletions": 0
          }
        ]
      },
      {
        "insertions": 137,
        "deletions": 116,
        "date": "2020-03-10",
        "commitResults": [
          {
            "hash": "02f24f285b450235eb7f5fb5e5d10a9456725262",
            "messageTitle": "mvp of menu with style fixed",
            "messageBody": "",
            "insertions": 50,
            "deletions": 7
          },
          {
            "hash": "1263e64ee84757d23bd8143f158e12e3bbafcb29",
            "messageTitle": "mvp menu with periods and style fixed",
            "messageBody": "",
            "insertions": 11,
            "deletions": 12
          },
          {
            "hash": "1d2eb44e45f2822d7fc5fb75d4b9a8805192cdd0",
            "messageTitle": "mvp menu v4",
            "messageBody": "",
            "insertions": 5,
            "deletions": 3
          },
          {
            "hash": "df54969b8f49b186ec293bf0b53aa95ceb0d1e31",
            "messageTitle": "mvp menu v5 no seedu",
            "messageBody": "",
            "insertions": 0,
            "deletions": 33
          },
          {
            "hash": "3c0077e86d7749ab689229755d7574e9003dacd4",
            "messageTitle": "merged code cleaned up, new packages",
            "messageBody": "",
            "insertions": 71,
            "deletions": 61
          }
        ]
      },
      {
        "insertions": 152,
        "deletions": 71,
        "date": "2020-03-12",
        "commitResults": [
          {
            "hash": "0cc12736c70eefbecfb802a6ebf5ccd9cab96f83",
            "messageTitle": "stock and menu working",
            "messageBody": "",
            "insertions": 52,
            "deletions": 47
          },
          {
            "hash": "033bd1bc4896c87302db2247d642f0421822b341",
            "messageTitle": "Menu Stock and Writer working",
            "messageBody": "",
            "insertions": 13,
            "deletions": 3
          },
          {
            "hash": "0ae8e0708512461f1f7207e3bafc810c8229b3b5",
            "messageTitle": "rough v1.0 with everything working",
            "messageBody": "",
            "insertions": 21,
            "deletions": 3
          },
          {
            "hash": "5123e5b413c56e703667d21fcfec7563955e76d0",
            "messageTitle": "user guide updated for rough v1.0",
            "messageBody": "",
            "insertions": 66,
            "deletions": 18
          }
        ]
      },
      {
        "insertions": 673,
        "deletions": 166,
        "date": "2020-03-26",
        "commitResults": [
          {
            "hash": "16b5690225c441cab55dae334c7c28c9ebe79e32",
            "messageTitle": "saving work on profit class",
            "messageBody": "",
            "insertions": 238,
            "deletions": 89
          },
          {
            "hash": "07796bdbd79263d1263d7df7b0c2b0d5b9d4afa8",
            "messageTitle": "first complete version of new methods - still need to test",
            "messageBody": "",
            "insertions": 60,
            "deletions": 16
          },
          {
            "hash": "3b875bf375d966380790649bb5ff9ac4d141f04d",
            "messageTitle": "Add, delete, search, and profit dish tested",
            "messageBody": "",
            "insertions": 291,
            "deletions": 32
          },
          {
            "hash": "8f8cb09de4818995a73254c59fb419460a4becdb",
            "messageTitle": "fixed style errors for dish search and profit",
            "messageBody": "",
            "insertions": 20,
            "deletions": 24
          },
          {
            "hash": "4e2a4132ac3c2ebaf3268a861372c7f99899d2ca",
            "messageTitle": "fixed style and import dish search and profit v2",
            "messageBody": "",
            "insertions": 13,
            "deletions": 3
          },
          {
            "hash": "0d6b080c011413906a62a5e8fa8d53521af7ded9",
            "messageTitle": "search dish and profit passing all tests",
            "messageBody": "",
            "insertions": 51,
            "deletions": 2
          }
        ]
      },
      {
        "insertions": 33,
        "deletions": 14,
        "date": "2020-03-29",
        "commitResults": [
          {
            "hash": "e53c833a62b58a6fb1a42063e8de6f6eb9e24432",
            "messageTitle": "tweaked search dish and updated ug",
            "messageBody": "",
            "insertions": 32,
            "deletions": 13
          },
          {
            "hash": "d1afbcba00d407368e6400a1d522988f9c6b8560",
            "messageTitle": "fixed search dish javadoc",
            "messageBody": "",
            "insertions": 1,
            "deletions": 1
          }
        ]
      },
      {
        "insertions": 59,
        "deletions": 4,
        "date": "2020-03-30",
        "commitResults": [
          {
            "hash": "988adfdc327042ba1400741fd8ce963df5592d76",
            "messageTitle": "latest updates to DG and fixed list dish",
            "messageBody": "",
            "insertions": 55,
            "deletions": 1
          },
          {
            "hash": "e750c969ea41ee772c6d3b76a4d0bf74252f7b90",
            "messageTitle": "fixed style issue w/ long line",
            "messageBody": "",
            "insertions": 2,
            "deletions": 1
          },
          {
            "hash": "d9ad7908126ccee88795afe680b8555bbed64e82",
            "messageTitle": "fixed k/ in dg",
            "messageBody": "",
            "insertions": 2,
            "deletions": 2
          }
        ]
      },
      {
        "insertions": 162,
        "deletions": 38,
        "date": "2020-04-06",
        "commitResults": [
          {
            "hash": "6dcfb23ac4e83a23ad62667b9e35d85e6298d21b",
            "messageTitle": "major progress in fixing add and delete error handling",
            "messageBody": "",
            "insertions": 139,
            "deletions": 25
          },
          {
            "hash": "bc354bf1d88e554ee3d6ffed5098cd24bca7faae",
            "messageTitle": "monday night error handling done",
            "messageBody": "",
            "insertions": 15,
            "deletions": 6
          },
          {
            "hash": "8a2c45089704e21c3908da76223903e9ffbe6e2d",
            "messageTitle": "fixing style errors",
            "messageBody": "",
            "insertions": 7,
            "deletions": 6
          },
          {
            "hash": "61cfbace6dfb83c36a452ea0a3fb44fdad8ce45f",
            "messageTitle": "updated tests to reflect changes",
            "messageBody": "",
            "insertions": 1,
            "deletions": 1
          }
        ]
      }
    ],
    "nguan1": [
      {
        "insertions": 2,
        "deletions": 1,
        "date": "2020-03-03",
        "commitResults": [
          {
            "hash": "be294d8afcd70721b73558b82d82551f2404feec",
            "messageTitle": "commit 1",
            "messageBody": "",
            "insertions": 2,
            "deletions": 1
          }
        ]
      },
      {
        "insertions": 155,
        "deletions": 14,
        "date": "2020-03-10",
        "commitResults": [
          {
            "hash": "8a2265975d2982f2967d57dcc2494b74c7427056",
            "messageTitle": "report writer 1",
            "messageBody": "",
            "insertions": 62,
            "deletions": 0
          },
          {
            "hash": "3accee8eab80e38d91a37c2b1c82fbb8f446aae4",
            "messageTitle": "command parser 1",
            "messageBody": "",
            "insertions": 53,
            "deletions": 0
          },
          {
            "hash": "609922fa7e5a4ee64412f7ec09c4d8f59c70cc65",
            "messageTitle": "changes to command parser. Removed reservation number from addReservationCommand Constructor",
            "messageBody": "",
            "insertions": 25,
            "deletions": 9
          },
          {
            "hash": "7f05556332fc5cdb04fc503d296d287d803a7e41",
            "messageTitle": "updates to the main, reportwriter and commandparser",
            "messageBody": "",
            "insertions": 15,
            "deletions": 5
          }
        ]
      },
      {
        "insertions": 41,
        "deletions": 11,
        "date": "2020-03-11",
        "commitResults": [
          {
            "hash": "263cb89b70e3f70d180c2505d3d7824260dac926",
            "messageTitle": "added quit command",
            "messageBody": "",
            "insertions": 14,
            "deletions": 6
          },
          {
            "hash": "f2bc3662a883d378f812eb99beb75402e84f46c8",
            "messageTitle": "fixed report writer when writing dishes. added a output when a command is successfully executed",
            "messageBody": "",
            "insertions": 27,
            "deletions": 5
          }
        ]
      },
      {
        "insertions": 65,
        "deletions": 124,
        "date": "2020-03-12",
        "commitResults": [
          {
            "hash": "00e00b1d2da1d9041e44968198b5199ac0994ff9",
            "messageTitle": "update",
            "messageBody": "",
            "insertions": 64,
            "deletions": 69
          },
          {
            "hash": "d7648722a1ed53a41d5412430b69fa746157ff98",
            "messageTitle": "removed unused commands",
            "messageBody": "",
            "insertions": 0,
            "deletions": 54
          },
          {
            "hash": "9684e8f6a6863f1fc2ca2634ec7e697308a38893",
            "messageTitle": "fixed list reservation",
            "messageBody": "",
            "insertions": 1,
            "deletions": 1
          }
        ]
      },
      {
        "insertions": 0,
        "deletions": 20,
        "date": "2020-03-13",
        "commitResults": [
          {
            "hash": "e9cb1eaf0443ad3fe90f01cb5c0590d0cb5d2f80",
            "messageTitle": "removed exitcommand",
            "messageBody": "",
            "insertions": 0,
            "deletions": 20
          }
        ]
      },
      {
        "insertions": 3,
        "deletions": 3,
        "date": "2020-03-16",
        "commitResults": [
          {
            "hash": "c4e2596f29ad71bed79c3753df5681a9154a9cd0",
            "messageTitle": "updated list menu and ingredient",
            "messageBody": "Reflects current implementation now,\r\nAlso added example for add reservation",
            "tags": [
              "v1.0"
            ],
            "insertions": 3,
            "deletions": 3
          }
        ]
      },
      {
        "insertions": 137,
        "deletions": 38,
        "date": "2020-03-24",
        "commitResults": [
          {
            "hash": "20bc0a9062be8ee24ebef5df598849583a2ab83c",
            "messageTitle": "added help command and sales class. both are still in progress",
            "messageBody": "",
            "insertions": 81,
            "deletions": 0
          },
          {
            "hash": "57b0097ea2557840dbe0234e3bcd3fb57ee5c5b2",
            "messageTitle": "updates to user guide, main, command parser",
            "messageBody": "",
            "insertions": 56,
            "deletions": 38
          }
        ]
      },
      {
        "insertions": 284,
        "deletions": 74,
        "date": "2020-03-27",
        "commitResults": [
          {
            "hash": "6072f8e985e078adae22fb8c11d42f8a1c571838",
            "messageTitle": "updates in developer guide",
            "messageBody": "",
            "insertions": 11,
            "deletions": 0
          },
          {
            "hash": "0198da52e4d951d11b3abbb03849e4f3e3c5dbad",
            "messageTitle": "Completed Sales Class and Tests",
            "messageBody": "",
            "insertions": 227,
            "deletions": 40
          },
          {
            "hash": "01da02efd3bd01847ded519708b0d3ebca17a456",
            "messageTitle": "Style Checks Fixed",
            "messageBody": "",
            "insertions": 29,
            "deletions": 17
          },
          {
            "hash": "6b6e4c962250dba32a0f6a7180d17cc509d1d152",
            "messageTitle": "fixed style checks for Sales Test",
            "messageBody": "",
            "insertions": 17,
            "deletions": 17
          }
        ]
      },
      {
        "insertions": 44,
        "deletions": 8,
        "date": "2020-03-30",
        "commitResults": [
          {
            "hash": "0d823415a3204cc5d7ba646a2d22cd6d185e36dc",
            "messageTitle": "updates in dg and ug",
            "messageBody": "",
            "insertions": 15,
            "deletions": 2
          },
          {
            "hash": "21ca9376462ab93cb416cf1d37abc17b4ab0336b",
            "messageTitle": "updates to the runtest.bat",
            "messageBody": "",
            "insertions": 15,
            "deletions": 6
          },
          {
            "hash": "3855ce3bbfe5655aebe01723d31394087fb335a3",
            "messageTitle": "updates to user guide",
            "messageBody": "",
            "insertions": 14,
            "deletions": 0
          }
        ]
      }
    ],
    "SibingWu": [
      {
        "insertions": 487,
        "deletions": 0,
        "date": "2020-03-09",
        "commitResults": [
          {
            "hash": "9ee8f832cd8953f342f02ef0d4294d6eb7642ed3",
            "messageTitle": "Construct the basic structure for \"add reservation\", \"mark reservation\", \"void reservation\", \"list reservations\", \"list served reservations\", \"list unserved reservations\".",
            "messageBody": "",
            "insertions": 487,
            "deletions": 0
          }
        ]
      },
      {
        "insertions": 65,
        "deletions": 46,
        "date": "2020-03-10",
        "commitResults": [
          {
            "hash": "95041bc43ca1f0ff2589fad81e7a31d8002559b9",
            "messageTitle": "Make some minor change on Style",
            "messageBody": "",
            "insertions": 65,
            "deletions": 46
          }
        ]
      },
      {
        "insertions": 85,
        "deletions": 75,
        "date": "2020-03-12",
        "commitResults": [
          {
            "hash": "88366a8c954cd165960e22d06c851306c200bd01",
            "messageTitle": "Update user guide",
            "messageBody": "",
            "insertions": 38,
            "deletions": 3
          },
          {
            "hash": "f1173d919e72b068b34d3ba0cb82e9e5239e7931",
            "messageTitle": "fix bugs for reservation-related commands",
            "messageBody": "",
            "insertions": 19,
            "deletions": 28
          },
          {
            "hash": "0a6f734cafa3421e6dbfc071719f0b9afec0ae85",
            "messageTitle": "fix bug on list reservation",
            "messageBody": "",
            "insertions": 1,
            "deletions": 18
          },
          {
            "hash": "dbffca4cadd34ed0c017b701621eedac5a7cea51",
            "messageTitle": "fix bug on reservation listing",
            "messageBody": "",
            "insertions": 6,
            "deletions": 5
          },
          {
            "hash": "1de710519e9dd7b2ed9c2965deba10ce3cfbcc96",
            "messageTitle": "minor change on format",
            "messageBody": "",
            "insertions": 21,
            "deletions": 21
          }
        ]
      },
      {
        "insertions": 588,
        "deletions": 149,
        "date": "2020-03-15",
        "commitResults": [
          {
            "hash": "e97b6290f16ac8cfa858682235659e1dcc7cf485",
            "messageTitle": "add exception handling for \"InputMissingException\" and \"DelimiterMissingException\" for reservation-related commands",
            "messageBody": "",
            "insertions": 252,
            "deletions": 70
          },
          {
            "hash": "70478e8b15bae9d6b42b28cbba5cfab2b18ad382",
            "messageTitle": "add JUnitest for \"AddReservationCommand\", \"VoidReservationCommand\", \"Reservation\", and \"ReservationList\"",
            "messageBody": "",
            "insertions": 311,
            "deletions": 10
          },
          {
            "hash": "c1f9f8ed606f06583edc9d2f36eada5ef9a71a3b",
            "messageTitle": "fix checkstyle",
            "messageBody": "",
            "insertions": 14,
            "deletions": 5
          },
          {
            "hash": "689ae025b42af28568dc2a5bb823a6798106eec3",
            "messageTitle": "fix checkstyle for Java CI / build (ubuntu-latest)",
            "messageBody": "",
            "insertions": 11,
            "deletions": 64
          }
        ]
      },
      {
        "insertions": 708,
        "deletions": 144,
        "date": "2020-03-28",
        "commitResults": [
          {
            "hash": "47187f4672322e366a553bfaa54416193b4eb164",
            "messageTitle": "add functionality \"search reservation\"; update command parser accordingly for all newly added reservation-related command; update user guide",
            "messageBody": "",
            "insertions": 261,
            "deletions": 87
          },
          {
            "hash": "4f0ddb028de62ef9d69f62693058e96621c4ab5e",
            "messageTitle": "fix check style",
            "messageBody": "",
            "insertions": 43,
            "deletions": 13
          },
          {
            "hash": "1f6587a145f5e8baebf6cf5c17cd3fda04674a9d",
            "messageTitle": "fix CI test",
            "messageBody": "",
            "insertions": 9,
            "deletions": 4
          },
          {
            "hash": "d99f2ba5308390ff81695e483f872bf1bd5670b5",
            "messageTitle": "add assertions",
            "messageBody": "",
            "insertions": 32,
            "deletions": 4
          },
          {
            "hash": "6057d060bbd191319e3e2d54ccaf61b923707b09",
            "messageTitle": "add all possible JunitTest for reservation-related commands to achieve highest possible coverage",
            "messageBody": "",
            "insertions": 304,
            "deletions": 25
          },
          {
            "hash": "528ca2a469f42c5de47066acc4e561b6a23a933a",
            "messageTitle": "update input.txt; update \"mark reservation\" so that cannot mark a invalid reservation as served",
            "messageBody": "",
            "insertions": 59,
            "deletions": 11
          }
        ]
      },
      {
        "insertions": 101,
        "deletions": 12,
        "date": "2020-03-29",
        "commitResults": [
          {
            "hash": "da8d7d370a2d5103ff03a42bcd92b8dd036e4873",
            "messageTitle": "modify docs slightly",
            "messageBody": "",
            "insertions": 8,
            "deletions": 2
          },
          {
            "hash": "8a40faf74a83f4d980e36ec42548f59f7a9e7a0c",
            "messageTitle": "Enable assertions in build.gradle",
            "messageBody": "",
            "insertions": 11,
            "deletions": 0
          },
          {
            "hash": "d2da617ab423ba4c217b70484e4c2156a48596a3",
            "messageTitle": "update more test cases for input.txt; fix a bug \"index out of boundary\" for search reservation",
            "messageBody": "",
            "insertions": 28,
            "deletions": 6
          },
          {
            "hash": "0b3c268eea075ee2429cbc559de878ee9940d83e",
            "messageTitle": "update most part of the \"Search Reservation\" functionality for Development Guide",
            "messageBody": "",
            "insertions": 53,
            "deletions": 3
          },
          {
            "hash": "f708aa9421f6b0447f74d133b9972cbb7c3b8463",
            "messageTitle": "fix checkstyle check",
            "messageBody": "",
            "insertions": 1,
            "deletions": 1
          }
        ]
      },
      {
        "insertions": 114,
        "deletions": 92,
        "date": "2020-03-30",
        "commitResults": [
          {
            "hash": "015edf884313f3261b16571e0a403c5931c0482e",
            "messageTitle": "add alternatives, cons, pros to DG",
            "messageBody": "",
            "insertions": 63,
            "deletions": 49
          },
          {
            "hash": "ce4b15969c356cd1ddfc3276b209f71d92598623",
            "messageTitle": "DG update",
            "messageBody": "",
            "insertions": 9,
            "deletions": 9
          },
          {
            "hash": "7d0758dbf8ac8e8647e1b59ce6286123116cffca",
            "messageTitle": "About Us update",
            "messageBody": "",
            "insertions": 1,
            "deletions": 1
          },
          {
            "hash": "e51f00066102bd3eb25b3f951900dc1f34605afa",
            "messageTitle": "update on DG format and class diagram for search reservation",
            "messageBody": "",
            "insertions": 12,
            "deletions": 12
          },
          {
            "hash": "57aee0c84d56fcb8241d2dc84cb006f1b1814aa5",
            "messageTitle": "minor change on UG format",
            "messageBody": "",
            "insertions": 7,
            "deletions": 0
          },
          {
            "hash": "fe3d7c63f951d174635ec4ebbb7f5c044773ced1",
            "messageTitle": "minor change in format of UG",
            "messageBody": "",
            "insertions": 8,
            "deletions": 0
          },
          {
            "hash": "8873539bd3e1f9e8b31a239a6fe5f880d3594514",
            "messageTitle": "minor change in UG format",
            "messageBody": "",
            "insertions": 7,
            "deletions": 7
          },
          {
            "hash": "01ab2a35ea6d7357941cf9eec28911d8e91a9487",
            "messageTitle": "move all images into the file \"docs/images\"; delete \"the reason for current choice\" for search reservation command; widen the space inside sequence diagram for search reservation; add \"return control\" line for sequence diagram for search reservation",
            "messageBody": "",
            "insertions": 7,
            "deletions": 14
          }
        ]
      },
      {
        "insertions": 276,
        "deletions": 165,
        "date": "2020-04-05",
        "commitResults": [
          {
            "hash": "ca636dde3efe649e13db86498c37e6c367733647",
            "messageTitle": "fix reservation-related bugs raised during PE dry run: #105, #108, #112, #117, #120, #121, #122, #124",
            "messageBody": "",
            "insertions": 146,
            "deletions": 128
          },
          {
            "hash": "454372e77736ba15e84eaf5782895ee4c4da21a0",
            "messageTitle": "add more reservation-related tests in Junit Test and text-ui-test",
            "messageBody": "",
            "insertions": 99,
            "deletions": 22
          },
          {
            "hash": "0f0134ea72e9216288aeccba8bb20f60b84f5f43",
            "messageTitle": "fix the DG reservation-related DG flaws for issue #140",
            "messageBody": "",
            "insertions": 31,
            "deletions": 15
          }
        ]
      },
      {
        "insertions": 181,
        "deletions": 5,
        "date": "2020-04-06",
        "commitResults": [
          {
            "hash": "50a5ec7f889aec9bdef9983b6e64e81f249dd75b",
            "messageTitle": "Add Logging to reservation-related section to resolve #142",
            "messageBody": "",
            "insertions": 164,
            "deletions": 5
          },
          {
            "hash": "0ba6602223a052a239939bb24e56651e59f68829",
            "messageTitle": "Change the Locale of logger to UK",
            "messageBody": "",
            "insertions": 17,
            "deletions": 0
          }
        ]
      }
    ]
  },
  "authorFinalContributionMap": {
    "JosephLimWeiJie": 3237,
    "gmuthu17": 952,
    "nguan1": 387,
    "SibingWu": 2032
  },
  "authorFileTypeContributionMap": {
    "JosephLimWeiJie": {
      "docs": 154,
      "functional-code": 1164,
      "test-code": 1667,
      "other": 252
    },
    "gmuthu17": {
      "docs": 93,
      "functional-code": 525,
      "test-code": 329,
      "other": 5
    },
    "nguan1": {
      "docs": 55,
      "functional-code": 194,
      "test-code": 134,
      "other": 4
    },
    "SibingWu": {
      "docs": 157,
      "functional-code": 1230,
      "test-code": 609,
      "other": 36
    }
  },
  "authorContributionVariance": {
    "JosephLimWeiJie": 142423.47,
    "gmuthu17": 21540.707,
    "nguan1": 5421.19,
    "SibingWu": 41496.434
  },
  "authorDisplayNameMap": {
    "JosephLimWeiJie": "CS2113-T14-4 LIM .. JIE",
    "gmuthu17": "CS2113-T14-4 MUTH..PPAN",
    "nguan1": "CS2113-T14-4 GUAN..NING",
    "SibingWu": "CS2113-T14-4 WU S..BING"
  }
}
