{
  "authorDailyContributionsMap": {
    "JosephLimWeiJie": [
      {
        "insertions": 1,
        "deletions": 0,
        "date": "2020-03-03",
        "commitResults": [
          {
            "hash": "4e44251ae53dd751a08b20bec9a1d45dcab22014",
            "messageTitle": "Add hello.",
            "messageBody": "",
            "insertions": 1,
            "deletions": 0
          }
        ]
      },
      {
        "insertions": 1073,
        "deletions": 336,
        "date": "2020-03-10",
        "commitResults": [
          {
            "hash": "1d56bbece561b2eb0a423697521e2e9826bb14c1",
            "messageTitle": "Add Command classes.",
            "messageBody": "",
            "insertions": 199,
            "deletions": 0
          },
          {
            "hash": "f2eb86c17b023fceb121dbd2e3028c3eb0760502",
            "messageTitle": "Add ingredient package.",
            "messageBody": "",
            "insertions": 65,
            "deletions": 0
          },
          {
            "hash": "3b7a3a827d22cb672aa712a209dbf816902e4eb6",
            "messageTitle": "Add Ui class.",
            "messageBody": "",
            "insertions": 37,
            "deletions": 0
          },
          {
            "hash": "68864b9e7adc86f5101a6e6070b45a16f7e0008a",
            "messageTitle": "Add Stock class.",
            "messageBody": "",
            "insertions": 128,
            "deletions": 0
          },
          {
            "hash": "6038e78a2aceb72bc5d3e150818b8690c87f94f6",
            "messageTitle": "Add Parser class.",
            "messageBody": "",
            "insertions": 270,
            "deletions": 0
          },
          {
            "hash": "36a4777431380ac27a293207d0d5cb6f02391b83",
            "messageTitle": "Add Pair class.",
            "messageBody": "",
            "insertions": 23,
            "deletions": 0
          },
          {
            "hash": "10256a8968bbd11bbc29c03b1165f17fa6a04cf8",
            "messageTitle": "Add Main class.",
            "messageBody": "",
            "insertions": 68,
            "deletions": 0
          },
          {
            "hash": "0992f89e7de62672a023b8fa879ba1f8dd1ccb45",
            "messageTitle": "Add respective test classes for JUnit testing.",
            "messageBody": "",
            "insertions": 82,
            "deletions": 0
          },
          {
            "hash": "b2c6b5111409c71e179e26b15b498ddc7bf206b7",
            "messageTitle": "Update test inputs.",
            "messageBody": "",
            "insertions": 7,
            "deletions": 1
          },
          {
            "hash": "f45fb453aba5529ebe5532b8616463f323120c4c",
            "messageTitle": "Fix checkstyle.",
            "messageBody": "",
            "insertions": 39,
            "deletions": 42
          },
          {
            "hash": "26e0ee023f4d5d397bf5aa1904825c52fca75e94",
            "messageTitle": "Allow StockCommand to directly be executed without a Parser class.",
            "messageBody": "",
            "insertions": 0,
            "deletions": 0
          },
          {
            "hash": "14d41cfbd213c3ab85d82de1bc48ef5cbd1b4227",
            "messageTitle": "Removed Parser.java",
            "messageBody": "",
            "insertions": 0,
            "deletions": 255
          },
          {
            "hash": "d985142441f5db746fa72358adc0b8c234987a1f",
            "messageTitle": "Rename class name and support parsing internally.",
            "messageBody": "",
            "insertions": 151,
            "deletions": 34
          },
          {
            "hash": "b76ccd49cbd0b1d0b2e91acdb93436a7795a2591",
            "messageTitle": "Fix stock command issue to directly execute it.",
            "messageBody": "",
            "insertions": 1,
            "deletions": 1
          },
          {
            "hash": "607dfdb0f277af0caf9a38d1556724c624c97049",
            "messageTitle": "Fix stock command issue to allow direct execution.",
            "messageBody": "",
            "insertions": 3,
            "deletions": 3
          }
        ]
      },
      {
        "insertions": 253,
        "deletions": 92,
        "date": "2020-03-12",
        "commitResults": [
          {
            "hash": "7a020cd1368a8d65faa1f5b37469a6fbab4cef7b",
            "messageTitle": "Edit Main and ExitCommand",
            "messageBody": "",
            "insertions": 5,
            "deletions": 5
          },
          {
            "hash": "11f863b84bc269e9339fc5c602059a4e86776e78",
            "messageTitle": "Fix index errors.",
            "messageBody": "",
            "insertions": 9,
            "deletions": 6
          },
          {
            "hash": "35ba5ba29d9cd58b5df7c12aa7fce8ca8ea6a5d2",
            "messageTitle": "Edit class path name to \u0027MAIN\u0027.",
            "messageBody": "",
            "insertions": 1,
            "deletions": 1
          },
          {
            "hash": "ee39e6c9f508a5dd62c05816fe9e8d43fe9a3de0",
            "messageTitle": "Fix add/delete commands to handle flexible cases.",
            "messageBody": "",
            "insertions": 126,
            "deletions": 35
          },
          {
            "hash": "8556315da760b775414da3375dd62b54ea040f71",
            "messageTitle": "Add InvalidStockCommandException class.",
            "messageBody": "",
            "insertions": 8,
            "deletions": 0
          },
          {
            "hash": "cb8e8be1d488b2ddf4cbc517a72d711215bba391",
            "messageTitle": "Fix loop index errors in execute().",
            "messageBody": "",
            "insertions": 1,
            "deletions": 1
          },
          {
            "hash": "5af4d098555db603fb1dea742cd9fa66e1e8e194",
            "messageTitle": "Moved MenuTest into menu package.",
            "messageBody": "",
            "insertions": 1,
            "deletions": 0
          },
          {
            "hash": "01e2288a7dc14193770436026259f2795b1ba196",
            "messageTitle": "Extend printBorder line.",
            "messageBody": "",
            "insertions": 4,
            "deletions": 2
          },
          {
            "hash": "36a6922fda5059d4e3dda893559e856465a30085",
            "messageTitle": "Remove println from parseIngredientQuantity().",
            "messageBody": "",
            "insertions": 0,
            "deletions": 1
          },
          {
            "hash": "75392e3bc5accf7409f89d4119028f45b55ba24b",
            "messageTitle": "Handle more test cases.",
            "messageBody": "",
            "insertions": 1,
            "deletions": 1
          },
          {
            "hash": "0cfd537ca657347a1ac5c4a9370f479ba1bf55c6",
            "messageTitle": "Handle more test cases.",
            "messageBody": "",
            "insertions": 49,
            "deletions": 32
          },
          {
            "hash": "d7e1d1b3f7c32a4394b6b57984cf14a2409954fc",
            "messageTitle": "Add more possible inputs from the user.",
            "messageBody": "",
            "insertions": 24,
            "deletions": 4
          },
          {
            "hash": "3bc6b4596b9532dde3e62095346d324f5010bf5d",
            "messageTitle": "Add try-catch block for AddStockCommand and DeleteStockCommand.",
            "messageBody": "",
            "insertions": 24,
            "deletions": 4
          }
        ]
      },
      {
        "insertions": 1595,
        "deletions": 223,
        "date": "2020-03-13",
        "commitResults": [
          {
            "hash": "431cca6137ff5212efe3bbd44c1011187b4b5387",
            "messageTitle": "Fix checkstyle issues.",
            "messageBody": "",
            "insertions": 122,
            "deletions": 68
          },
          {
            "hash": "e8ab9df1417ac46caace0325b833ca20c0d39c89",
            "messageTitle": "Update inputs to handle more test cases.",
            "messageBody": "",
            "insertions": 12,
            "deletions": 0
          },
          {
            "hash": "88374884977007b7847e360d573132b658e0f0f1",
            "messageTitle": "Add more test cases.",
            "messageBody": "",
            "insertions": 1083,
            "deletions": 33
          },
          {
            "hash": "072938efa0a68f62287f7bed50561aee65bbea10",
            "messageTitle": "Add handling of more exceptions and fix checkstyle issues.",
            "messageBody": "",
            "insertions": 123,
            "deletions": 36
          },
          {
            "hash": "308d480d29f339b354533ab27893a74b45dc5b5a",
            "messageTitle": "Add more test cases.",
            "messageBody": "",
            "insertions": 122,
            "deletions": 0
          },
          {
            "hash": "b1a8898d21b38916f36bdf543867456bd51544a8",
            "messageTitle": "Fix import assertTrue statement.",
            "messageBody": "",
            "insertions": 1,
            "deletions": 1
          },
          {
            "hash": "41dfe229855a5ad882bf2d0b191b0c4587ccb775",
            "messageTitle": "Fix checkstyle issues.",
            "messageBody": "",
            "insertions": 49,
            "deletions": 44
          },
          {
            "hash": "844c2e4fe9a759db991729fd6a93f11db131a3dc",
            "messageTitle": "Fix checkstyle issues.",
            "messageBody": "",
            "insertions": 8,
            "deletions": 8
          },
          {
            "hash": "1dc378b09db554623632a570a52131cf137e017c",
            "messageTitle": "Fix checkstyle issues.",
            "messageBody": "",
            "insertions": 1,
            "deletions": 1
          },
          {
            "hash": "29a9cc59e9ad9a6925421fef23165282d5aa26a8",
            "messageTitle": "Replace \"\\n\" with System.lineSeperator().",
            "messageBody": "",
            "insertions": 67,
            "deletions": 30
          },
          {
            "hash": "908cae88a860d264a01972f0533633e80593b2b9",
            "messageTitle": "Replace \"\\n\" with System.lineSeperator().",
            "messageBody": "",
            "insertions": 7,
            "deletions": 2
          }
        ]
      },
      {
        "insertions": 55,
        "deletions": 47,
        "date": "2020-03-15",
        "commitResults": [
          {
            "hash": "4bd5b34b3fe474c555d237f6cbc881ed84552270",
            "messageTitle": "Fix inner loop issue.",
            "messageBody": "",
            "insertions": 2,
            "deletions": 2
          },
          {
            "hash": "78908a2be7dd64a900ef5f4541a8ea25b636fa51",
            "messageTitle": "Remove square brackets for stock components.",
            "messageBody": "",
            "insertions": 6,
            "deletions": 6
          },
          {
            "hash": "8eb37eb68a7076dcc2ef8613ba8a3ee9ac37b94c",
            "messageTitle": "Fix indexing for line 30.",
            "messageBody": "",
            "insertions": 1,
            "deletions": 1
          },
          {
            "hash": "885031036345058c1b58548c70ca56cf79889d2e",
            "messageTitle": "Remove redundant import statement",
            "messageBody": "",
            "insertions": 0,
            "deletions": 2
          },
          {
            "hash": "ff7aa95ee05b0c10c9e09d007fe1939e036b4bb0",
            "messageTitle": "Match 1-to-1 comparison with Prof\u0027s repo.",
            "messageBody": "",
            "insertions": 46,
            "deletions": 0
          },
          {
            "hash": "a68727f4869bc340b9bb12a07655594dfae7e98e",
            "messageTitle": "Remove .gradle and build folder",
            "messageBody": "",
            "insertions": 0,
            "deletions": 36
          }
        ]
      }
    ],
    "gmuthu17": [
      {
        "insertions": 127,
        "deletions": 0,
        "date": "2020-03-09",
        "commitResults": [
          {
            "hash": "71c40341c00e864bf1bf110e031c9beb5f6ce0c3",
            "messageTitle": "mvp of menu with add and delete",
            "messageBody": "",
            "insertions": 127,
            "deletions": 0
          }
        ]
      },
      {
        "insertions": 137,
        "deletions": 116,
        "date": "2020-03-10",
        "commitResults": [
          {
            "hash": "02f24f285b450235eb7f5fb5e5d10a9456725262",
            "messageTitle": "mvp of menu with style fixed",
            "messageBody": "",
            "insertions": 50,
            "deletions": 7
          },
          {
            "hash": "1263e64ee84757d23bd8143f158e12e3bbafcb29",
            "messageTitle": "mvp menu with periods and style fixed",
            "messageBody": "",
            "insertions": 11,
            "deletions": 12
          },
          {
            "hash": "1d2eb44e45f2822d7fc5fb75d4b9a8805192cdd0",
            "messageTitle": "mvp menu v4",
            "messageBody": "",
            "insertions": 5,
            "deletions": 3
          },
          {
            "hash": "df54969b8f49b186ec293bf0b53aa95ceb0d1e31",
            "messageTitle": "mvp menu v5 no seedu",
            "messageBody": "",
            "insertions": 0,
            "deletions": 33
          },
          {
            "hash": "3c0077e86d7749ab689229755d7574e9003dacd4",
            "messageTitle": "merged code cleaned up, new packages",
            "messageBody": "",
            "insertions": 71,
            "deletions": 61
          }
        ]
      },
      {
        "insertions": 152,
        "deletions": 71,
        "date": "2020-03-12",
        "commitResults": [
          {
            "hash": "0cc12736c70eefbecfb802a6ebf5ccd9cab96f83",
            "messageTitle": "stock and menu working",
            "messageBody": "",
            "insertions": 52,
            "deletions": 47
          },
          {
            "hash": "033bd1bc4896c87302db2247d642f0421822b341",
            "messageTitle": "Menu Stock and Writer working",
            "messageBody": "",
            "insertions": 13,
            "deletions": 3
          },
          {
            "hash": "0ae8e0708512461f1f7207e3bafc810c8229b3b5",
            "messageTitle": "rough v1.0 with everything working",
            "messageBody": "",
            "insertions": 21,
            "deletions": 3
          },
          {
            "hash": "5123e5b413c56e703667d21fcfec7563955e76d0",
            "messageTitle": "user guide updated for rough v1.0",
            "messageBody": "",
            "insertions": 66,
            "deletions": 18
          }
        ]
      }
    ],
    "nguan1": [
      {
        "insertions": 2,
        "deletions": 1,
        "date": "2020-03-03",
        "commitResults": [
          {
            "hash": "be294d8afcd70721b73558b82d82551f2404feec",
            "messageTitle": "commit 1",
            "messageBody": "",
            "insertions": 2,
            "deletions": 1
          }
        ]
      },
      {
        "insertions": 155,
        "deletions": 14,
        "date": "2020-03-10",
        "commitResults": [
          {
            "hash": "8a2265975d2982f2967d57dcc2494b74c7427056",
            "messageTitle": "report writer 1",
            "messageBody": "",
            "insertions": 62,
            "deletions": 0
          },
          {
            "hash": "3accee8eab80e38d91a37c2b1c82fbb8f446aae4",
            "messageTitle": "command parser 1",
            "messageBody": "",
            "insertions": 53,
            "deletions": 0
          },
          {
            "hash": "609922fa7e5a4ee64412f7ec09c4d8f59c70cc65",
            "messageTitle": "changes to command parser. Removed reservation number from addReservationCommand Constructor",
            "messageBody": "",
            "insertions": 25,
            "deletions": 9
          },
          {
            "hash": "7f05556332fc5cdb04fc503d296d287d803a7e41",
            "messageTitle": "updates to the main, reportwriter and commandparser",
            "messageBody": "",
            "insertions": 15,
            "deletions": 5
          }
        ]
      },
      {
        "insertions": 41,
        "deletions": 11,
        "date": "2020-03-11",
        "commitResults": [
          {
            "hash": "263cb89b70e3f70d180c2505d3d7824260dac926",
            "messageTitle": "added quit command",
            "messageBody": "",
            "insertions": 14,
            "deletions": 6
          },
          {
            "hash": "f2bc3662a883d378f812eb99beb75402e84f46c8",
            "messageTitle": "fixed report writer when writing dishes. added a output when a command is successfully executed",
            "messageBody": "",
            "insertions": 27,
            "deletions": 5
          }
        ]
      },
      {
        "insertions": 64,
        "deletions": 69,
        "date": "2020-03-12",
        "commitResults": [
          {
            "hash": "00e00b1d2da1d9041e44968198b5199ac0994ff9",
            "messageTitle": "update",
            "messageBody": "",
            "insertions": 64,
            "deletions": 69
          }
        ]
      }
    ],
    "SibingWu": [
      {
        "insertions": 487,
        "deletions": 0,
        "date": "2020-03-09",
        "commitResults": [
          {
            "hash": "9ee8f832cd8953f342f02ef0d4294d6eb7642ed3",
            "messageTitle": "Construct the basic structure for \"add reservation\", \"mark reservation\", \"void reservation\", \"list reservations\", \"list served reservations\", \"list unserved reservations\".",
            "messageBody": "",
            "insertions": 487,
            "deletions": 0
          }
        ]
      },
      {
        "insertions": 65,
        "deletions": 46,
        "date": "2020-03-10",
        "commitResults": [
          {
            "hash": "95041bc43ca1f0ff2589fad81e7a31d8002559b9",
            "messageTitle": "Make some minor change on Style",
            "messageBody": "",
            "insertions": 65,
            "deletions": 46
          }
        ]
      },
      {
        "insertions": 64,
        "deletions": 54,
        "date": "2020-03-12",
        "commitResults": [
          {
            "hash": "88366a8c954cd165960e22d06c851306c200bd01",
            "messageTitle": "Update user guide",
            "messageBody": "",
            "insertions": 38,
            "deletions": 3
          },
          {
            "hash": "f1173d919e72b068b34d3ba0cb82e9e5239e7931",
            "messageTitle": "fix bugs for reservation-related commands",
            "messageBody": "",
            "insertions": 19,
            "deletions": 28
          },
          {
            "hash": "0a6f734cafa3421e6dbfc071719f0b9afec0ae85",
            "messageTitle": "fix bug on list reservation",
            "messageBody": "",
            "insertions": 1,
            "deletions": 18
          },
          {
            "hash": "dbffca4cadd34ed0c017b701621eedac5a7cea51",
            "messageTitle": "fix bug on reservation listing",
            "messageBody": "",
            "insertions": 6,
            "deletions": 5
          }
        ]
      }
    ]
  },
  "authorFinalContributionMap": {
    "JosephLimWeiJie": 2265,
    "gmuthu17": 303,
    "nguan1": 164,
    "SibingWu": 461
  },
  "authorFileTypeContributionMap": {
    "JosephLimWeiJie": {
      "java": 2207,
      "md": 8,
      "fxml": 0,
      "sh": 0,
      "bat": 0,
      "gradle": 11,
      "txt": 39
    },
    "gmuthu17": {
      "java": 240,
      "md": 57,
      "fxml": 0,
      "sh": 0,
      "bat": 0,
      "gradle": 0,
      "txt": 6
    },
    "nguan1": {
      "java": 160,
      "md": 4,
      "fxml": 0,
      "sh": 0,
      "bat": 0,
      "gradle": 0,
      "txt": 0
    },
    "SibingWu": {
      "java": 461,
      "md": 0,
      "fxml": 0,
      "sh": 0,
      "bat": 0,
      "gradle": 0,
      "txt": 0
    }
  },
  "authorContributionVariance": {
    "JosephLimWeiJie": 301297.34,
    "gmuthu17": 7041.76,
    "nguan1": 2697.7603,
    "SibingWu": 15282.462
  },
  "authorDisplayNameMap": {
    "JosephLimWeiJie": "CS2113-T14-4 LIM .. JIE",
    "gmuthu17": "CS2113-T14-4 MUTH..PPAN",
    "nguan1": "CS2113-T14-4 GUAN..NING",
    "SibingWu": "CS2113-T14-4 WU S..BING"
  }
}
