{
  "authorDailyContributionsMap": {
    "JustinnT": [
      {
        "insertions": 1,
        "deletions": 1,
        "date": "2020-03-03",
        "commitResults": [
          {
            "hash": "f42de747eda76de8685a4d8d15c3541caa26859a",
            "messageTitle": "added name",
            "messageBody": "",
            "insertions": 1,
            "deletions": 1
          }
        ]
      },
      {
        "insertions": 74,
        "deletions": 10,
        "date": "2020-03-05",
        "commitResults": [
          {
            "hash": "dc927b0a4483080ef8ca4e1c129e8e331f16638b",
            "messageTitle": "Added ui",
            "messageBody": "",
            "insertions": 74,
            "deletions": 10
          }
        ]
      },
      {
        "insertions": 83,
        "deletions": 0,
        "date": "2020-03-06",
        "commitResults": [
          {
            "hash": "01960d68647447fa8ff1b05046970782def0d2df",
            "messageTitle": "added enums constants for commands and patient",
            "messageBody": "",
            "insertions": 45,
            "deletions": 0
          },
          {
            "hash": "64637360b437df4db9357d0306c55befcd12e2be",
            "messageTitle": "Started to develop parser",
            "messageBody": "",
            "insertions": 38,
            "deletions": 0
          }
        ]
      },
      {
        "insertions": 244,
        "deletions": 73,
        "date": "2020-03-07",
        "commitResults": [
          {
            "hash": "bbf47072b66f92ee61fb0da7b01b737a4ccb6075",
            "messageTitle": "Updated main to reflect changes and tasks to do.",
            "messageBody": "",
            "insertions": 8,
            "deletions": 9
          },
          {
            "hash": "99605601a98f38b2b98bcb771b885148f422baf7",
            "messageTitle": "delete enums not in use",
            "messageBody": "",
            "insertions": 0,
            "deletions": 45
          },
          {
            "hash": "e6c068ccd257b48816210eba802c52ac8bf51ec9",
            "messageTitle": "implement parser",
            "messageBody": "",
            "insertions": 5,
            "deletions": 0
          },
          {
            "hash": "2901c58f108b93cee4f10176a5189c7586a34a9d",
            "messageTitle": "implement parser",
            "messageBody": "",
            "insertions": 215,
            "deletions": 19
          },
          {
            "hash": "a8d5dce8e12a91311eaceb37d64668e4a81766b6",
            "messageTitle": "added comments for exceptions",
            "messageBody": "",
            "insertions": 16,
            "deletions": 0
          }
        ]
      },
      {
        "insertions": 71,
        "deletions": 36,
        "date": "2020-03-09",
        "commitResults": [
          {
            "hash": "76f0e343271d64f7f9bfa34edee7aaef75eaf938",
            "messageTitle": "add phone number in patientfieldskeys",
            "messageBody": "",
            "insertions": 5,
            "deletions": 2
          },
          {
            "hash": "09168bd76d6c6b14c54f4c4571b6434f2ffe59a8",
            "messageTitle": "Adjusting after PR merging",
            "messageBody": "",
            "insertions": 65,
            "deletions": 34
          },
          {
            "hash": "485cc8296fb227210f0855acf85c48e815f368b5",
            "messageTitle": "fixed startup bug",
            "messageBody": "",
            "insertions": 1,
            "deletions": 0
          }
        ]
      },
      {
        "insertions": 14,
        "deletions": 5,
        "date": "2020-03-10",
        "commitResults": [
          {
            "hash": "55e9c0c3e9e3d2d712825979822deef4f05c311a",
            "messageTitle": "Updated parser",
            "messageBody": "",
            "insertions": 14,
            "deletions": 5
          }
        ]
      },
      {
        "insertions": 3,
        "deletions": 8,
        "date": "2020-03-14",
        "commitResults": [
          {
            "hash": "a8a8d0d758e4351683a40d1e828062e87e983c5a",
            "messageTitle": "Resolve merge conflict",
            "messageBody": "",
            "insertions": 0,
            "deletions": 7
          },
          {
            "hash": "d4e7075049d16f708a669c48cd99735e2c195970",
            "messageTitle": "Removed extra line",
            "messageBody": "",
            "insertions": 0,
            "deletions": 1
          },
          {
            "hash": "35d6b077f87c8d721b7e7c0311ef1764a01edef0",
            "messageTitle": "Override getLocalizedMessage for assertions",
            "messageBody": "",
            "insertions": 3,
            "deletions": 0
          }
        ]
      },
      {
        "insertions": 954,
        "deletions": 577,
        "date": "2020-03-15",
        "commitResults": [
          {
            "hash": "3693cc98cfe06c6ce7f6a0a283861d2bfe87f2ce",
            "messageTitle": "Change methods accessibility to protected",
            "messageBody": "",
            "insertions": 19,
            "deletions": 19
          },
          {
            "hash": "00a87db1146bfa430b3e92f4c2e6931dbf8644c7",
            "messageTitle": "Add junit",
            "messageBody": "",
            "insertions": 133,
            "deletions": 2
          },
          {
            "hash": "c87fb9c5999e059a54f2d9805d06dab4cb2d3551",
            "messageTitle": "Changed to private class and refractor code",
            "messageBody": "",
            "insertions": 33,
            "deletions": 33
          },
          {
            "hash": "28667137ffb867cb4d351a75ebeda1cf7d6fd288",
            "messageTitle": "added more test cases",
            "messageBody": "",
            "insertions": 102,
            "deletions": 11
          },
          {
            "hash": "975ca5ef42e156be0ebad85c9fd37e31b95e512e",
            "messageTitle": "Added support for ByeCommand",
            "messageBody": "",
            "insertions": 13,
            "deletions": 0
          },
          {
            "hash": "a6b6a676e566077928085ccb2621817d8a260656",
            "messageTitle": "Added skeleton code for ByeCommand",
            "messageBody": "",
            "insertions": 2,
            "deletions": 1
          },
          {
            "hash": "659ee8fb8c09feebc9ee27d07e90e7baf4d84fb6",
            "messageTitle": "Revert \"Added support for ByeCommand\"",
            "messageBody": "This reverts commit 975ca5ef42e156be0ebad85c9fd37e31b95e512e.\n",
            "insertions": 0,
            "deletions": 13
          },
          {
            "hash": "a4734126972ff3cb83136b38f9287c75c8016b84",
            "messageTitle": "Added skeleton code for ByeCommand",
            "messageBody": "",
            "insertions": 13,
            "deletions": 0
          },
          {
            "hash": "ff4ee89b75780a18f498b5b7a702e1beeecb6c09",
            "messageTitle": "Refractor class name so it Capitalize on first alphabet",
            "messageBody": "",
            "insertions": 6,
            "deletions": 8
          },
          {
            "hash": "0f95bb645b1ce63c31cae251ba33449d516a7d15",
            "messageTitle": "Updated skeleton code for ByeCommand",
            "messageBody": "",
            "insertions": 1,
            "deletions": 0
          },
          {
            "hash": "5941f81931315d0df9bda729b20cdbe199371b9e",
            "messageTitle": "Updated method names to reflect the changes in Class names",
            "messageBody": "",
            "insertions": 59,
            "deletions": 71
          },
          {
            "hash": "18e9f2ba9bc030304e56c17010dc6401d965b8b6",
            "messageTitle": "Refractor class names",
            "messageBody": "",
            "insertions": 255,
            "deletions": 262
          },
          {
            "hash": "adc0f31655f95297e40b88521e3b582c9f86e1da",
            "messageTitle": "created skeleton code for appointment commands",
            "messageBody": "",
            "insertions": 29,
            "deletions": 0
          },
          {
            "hash": "d829109d648c92d90fb4a7d77479e5e1ea884dc7",
            "messageTitle": "remove unused bye command (exit command replaces this)",
            "messageBody": "",
            "insertions": 0,
            "deletions": 14
          },
          {
            "hash": "34a1c14b19fb30147eccca8397de0e3a02adc11d",
            "messageTitle": "update imports",
            "messageBody": "",
            "insertions": 20,
            "deletions": 6
          },
          {
            "hash": "8d930488c76bca01cb12f0b903281d3524e54ab2",
            "messageTitle": "seperated indexnumber into patient and appointment specific number",
            "messageBody": "",
            "insertions": 4,
            "deletions": 2
          },
          {
            "hash": "2d07b21b602137949c56be224fa167be3fd0f144",
            "messageTitle": "refractor code and comments",
            "messageBody": "",
            "insertions": 8,
            "deletions": 10
          },
          {
            "hash": "2341563b72f776be47935f985c535163ae457a8a",
            "messageTitle": "Added catch for more exceptions",
            "messageBody": "",
            "insertions": 4,
            "deletions": 2
          },
          {
            "hash": "8f3777c9fe3783b3c0b1fc8c22aad42e1719baf2",
            "messageTitle": "Updated placeholder code for Add/ListAppointmentCommands",
            "messageBody": "",
            "insertions": 7,
            "deletions": 0
          },
          {
            "hash": "8cf3c7dc1948e73252ad87f38b8cbbc77a85da6b",
            "messageTitle": "Included @override tag for more clarity",
            "messageBody": "",
            "insertions": 1,
            "deletions": 0
          },
          {
            "hash": "eb861698feacebe8ff4d9e0c3fba71df80984af8",
            "messageTitle": "Created more custom Exceptions handling methods",
            "messageBody": "",
            "insertions": 21,
            "deletions": 3
          },
          {
            "hash": "3e2dfb6597a89a216609933a906df15589e73213",
            "messageTitle": "Removed unused custom wordCommandFormat exception.",
            "messageBody": "",
            "insertions": 0,
            "deletions": 4
          },
          {
            "hash": "5d4d534f17b5abbd420667608fd854f9c7cd9674",
            "messageTitle": "Created new enum that reflects the values that an Appointment Object can hold",
            "messageBody": "",
            "insertions": 28,
            "deletions": 0
          },
          {
            "hash": "953e580b4df276800c30b1ee42b4b4d3262231df",
            "messageTitle": "Created new custom exceptions to throw",
            "messageBody": "",
            "insertions": 32,
            "deletions": 0
          },
          {
            "hash": "68ca717b28c3ce5a1b5da0ea37dd026b34b4ef8d",
            "messageTitle": "Change return value of getLocalizedMessage to better reflect why the exception was thrown",
            "messageBody": "",
            "insertions": 1,
            "deletions": 1
          },
          {
            "hash": "5dff69a7719bf68811633b18f13a891493d21116",
            "messageTitle": "Created new method for printing custom exception printing",
            "messageBody": "",
            "insertions": 4,
            "deletions": 0
          },
          {
            "hash": "c84b47c785dfbbe5acbd6069320c1eff4991db74",
            "messageTitle": "Updated test cases",
            "messageBody": "",
            "insertions": 6,
            "deletions": 6
          },
          {
            "hash": "80e557619690051cd63907c85c62dc43050450a5",
            "messageTitle": "added support for appointment commands",
            "messageBody": "",
            "insertions": 106,
            "deletions": 41
          },
          {
            "hash": "a04a76cc5f09db4a1107c28445c9c09ccc157d56",
            "messageTitle": "Catch more exceptions",
            "messageBody": "",
            "insertions": 4,
            "deletions": 3
          },
          {
            "hash": "f622c02d5b62b82306923be404ad207a97c7d1c8",
            "messageTitle": "Removed unused greetings",
            "messageBody": "",
            "insertions": 0,
            "deletions": 52
          },
          {
            "hash": "f7a6ad5d0e40c934af62c7034ec09145cc393bde",
            "messageTitle": "Extracted reading from user out from ui.",
            "messageBody": "",
            "insertions": 2,
            "deletions": 1
          },
          {
            "hash": "bf8696fca56c869a45f718bbd406bf2c0745398b",
            "messageTitle": "Added custom error message",
            "messageBody": "",
            "insertions": 3,
            "deletions": 3
          },
          {
            "hash": "2b476a97b1400e446716556e6d8f5c3d40583eb8",
            "messageTitle": "Added custom error",
            "messageBody": "",
            "insertions": 14,
            "deletions": 0
          },
          {
            "hash": "0bbe250333d25050e0ac1d237ccdff488904f9c6",
            "messageTitle": "Test for all unknown commands",
            "messageBody": "",
            "insertions": 10,
            "deletions": 1
          },
          {
            "hash": "403e35eb4e22919da45886af45f72b4f5b9a84f4",
            "messageTitle": "Updated test case",
            "messageBody": "",
            "insertions": 2,
            "deletions": 1
          },
          {
            "hash": "13aa5dae186b0830c355ced02c7c767e041a15d0",
            "messageTitle": "Added in catch for custom error handling",
            "messageBody": "",
            "insertions": 7,
            "deletions": 3
          },
          {
            "hash": "71c9f77668988c742ffae6a09b549813c111f3cc",
            "messageTitle": "Changed test case",
            "messageBody": "",
            "insertions": 5,
            "deletions": 4
          }
        ]
      },
      {
        "insertions": 556,
        "deletions": 531,
        "date": "2020-03-16",
        "commitResults": [
          {
            "hash": "202a01ed0f7cafce9aa755f441b3b6b8fc6e8898",
            "messageTitle": "Changed file name to better reflect the exception",
            "messageBody": "",
            "insertions": 2,
            "deletions": 2
          },
          {
            "hash": "d4539746cd11a36f3113b0f47d2e3504c9070dab",
            "messageTitle": "Refractor to follow javadoc checkstyle",
            "messageBody": "",
            "insertions": 1,
            "deletions": 1
          },
          {
            "hash": "9797ebb0976459cc5781713409cc843a340e8f13",
            "messageTitle": "Edited test cases",
            "messageBody": "",
            "insertions": 16,
            "deletions": 2
          },
          {
            "hash": "c54214fd19c99e35c76479d7bcf41fb96c4c14f9",
            "messageTitle": "Refractor to follow javadoc checkstyle",
            "messageBody": "",
            "insertions": 64,
            "deletions": 51
          },
          {
            "hash": "8f890d505c4195cf691d725107dc94213eed3dbc",
            "messageTitle": "fixing weird bug",
            "messageBody": "",
            "insertions": 0,
            "deletions": 12
          },
          {
            "hash": "4e0a74edef7a2b1fe9b792e976088622f8b1acba",
            "messageTitle": "Re-added exception",
            "messageBody": "",
            "insertions": 8,
            "deletions": 0
          },
          {
            "hash": "3838b960525c6632aac5157935b25e98f543e4c4",
            "messageTitle": "finished first wave of javadoc checkstyle",
            "messageBody": "",
            "insertions": 13,
            "deletions": 31
          },
          {
            "hash": "cf02952cf3145997fb006c9c6ac80d7bb9956bb2",
            "messageTitle": "second wave of javadoc checkstyle",
            "messageBody": "",
            "insertions": 140,
            "deletions": 145
          },
          {
            "hash": "118142f1fed872e2f4eea4964efff2d4fb0ed9eb",
            "messageTitle": "delete extra class",
            "messageBody": "",
            "insertions": 0,
            "deletions": 4
          },
          {
            "hash": "0e5135cbc6fe4ed70d1f0e6c1b049f097cc99ccf",
            "messageTitle": "Wave 2 of javadoc",
            "messageBody": "",
            "insertions": 113,
            "deletions": 40
          },
          {
            "hash": "54d3e5f740ba5aa49a61282db2b87eb8bccc6dcf",
            "messageTitle": "Commented out failed test case to be fixed (under listAppointmentCommandTest line31 \u0026 48)",
            "messageBody": "",
            "insertions": 2,
            "deletions": 7
          },
          {
            "hash": "297b14063b242dc53f963f20aeb5b47aa4fda99f",
            "messageTitle": "Commented out not working test case to be fixed (Sorry T_T)",
            "messageBody": "",
            "insertions": 16,
            "deletions": 0
          },
          {
            "hash": "b76277a82a2d032cc6f0b53b3ef690ec0f67dae9",
            "messageTitle": "Refractor code",
            "messageBody": "",
            "insertions": 137,
            "deletions": 210
          },
          {
            "hash": "03e9badf7b8c33fd1d2bacb3f38317a0e0e42f02",
            "messageTitle": "Refractor code",
            "messageBody": "",
            "insertions": 0,
            "deletions": 4
          },
          {
            "hash": "235208ba17b1d10794ce306b8ba683403625b435",
            "messageTitle": "Added custom printed methods (1)",
            "messageBody": "",
            "insertions": 44,
            "deletions": 22
          }
        ]
      }
    ],
    "Yukilite": [
      {
        "insertions": 1,
        "deletions": 1,
        "date": "2020-03-03",
        "commitResults": [
          {
            "hash": "a44ed0a37bbfd079e81323d4d9e866ecc9c627a2",
            "messageTitle": "Edited name and details",
            "messageBody": "",
            "insertions": 1,
            "deletions": 1
          }
        ]
      },
      {
        "insertions": 1,
        "deletions": 1,
        "date": "2020-03-05",
        "commitResults": [
          {
            "hash": "d906b4b66bfd514f5ecdaa5d029e2c5e8927c441",
            "messageTitle": "Commit Justin\u0027s name",
            "messageBody": "",
            "insertions": 1,
            "deletions": 1
          }
        ]
      },
      {
        "insertions": 130,
        "deletions": 9,
        "date": "2020-03-07",
        "commitResults": [
          {
            "hash": "4dd4065f93338dd2c8eee1ae8af2ba1f5667795d",
            "messageTitle": "First commit to Patient \u0026 Appointment class",
            "messageBody": "",
            "insertions": 83,
            "deletions": 4
          },
          {
            "hash": "d5dc502deaba74e685196402c03d53cea8b66b93",
            "messageTitle": "Added Patient age",
            "messageBody": "",
            "insertions": 12,
            "deletions": 5
          },
          {
            "hash": "dd5538cf3d6037f2ee9dd147e061e826bc2d2735",
            "messageTitle": "Added AppointmentTest and PatientTest",
            "messageBody": "",
            "insertions": 35,
            "deletions": 0
          }
        ]
      },
      {
        "insertions": 69,
        "deletions": 7,
        "date": "2020-03-10",
        "commitResults": [
          {
            "hash": "148ea4a462c315910af332c2abeb07fad1922f96",
            "messageTitle": "Added new jUnit tests and comments to classes",
            "messageBody": "",
            "insertions": 69,
            "deletions": 7
          }
        ]
      },
      {
        "insertions": 97,
        "deletions": 90,
        "date": "2020-03-14",
        "commitResults": [
          {
            "hash": "ec4dc0acc035401d7ac3f4d6f1ae0694198c947c",
            "messageTitle": "Solved gradle issues: line 27, 29, 31.",
            "messageBody": "",
            "insertions": 3,
            "deletions": 3
          },
          {
            "hash": "35f1b10054614a39abd25a0f995852715a6d96bf",
            "messageTitle": "Fixed: First wave of Gradle Errors",
            "messageBody": "",
            "insertions": 94,
            "deletions": 87
          }
        ]
      },
      {
        "insertions": 94,
        "deletions": 331,
        "date": "2020-03-15",
        "commitResults": [
          {
            "hash": "5f74212169bfd6e7485bf20e6fc1bb57685c95f4",
            "messageTitle": "Second wave of Gradle fixing",
            "messageBody": "",
            "insertions": 11,
            "deletions": 5
          },
          {
            "hash": "0155f7526effc801f4f3d96518d6a3b5d84b14cf",
            "messageTitle": "More changes to fix gradle issues",
            "messageBody": "",
            "insertions": 7,
            "deletions": 6
          },
          {
            "hash": "afa0bacea12bfd754d9ccf10d19478813b133386",
            "messageTitle": "more comments added",
            "messageBody": "",
            "insertions": 16,
            "deletions": 11
          },
          {
            "hash": "ec68115ae77a6b812b697757adaebee6ba8f9c67",
            "messageTitle": "more comments",
            "messageBody": "",
            "insertions": 28,
            "deletions": 2
          },
          {
            "hash": "ddaf6aad6c98c0e112b27e936408a8695d25dbfd",
            "messageTitle": "why isn\u0027t this ending~",
            "messageBody": "",
            "insertions": 12,
            "deletions": 4
          },
          {
            "hash": "abf9be3bc5061d56efa0ebcba6f095c1e1b8ed01",
            "messageTitle": "edits",
            "messageBody": "",
            "insertions": 8,
            "deletions": 7
          },
          {
            "hash": "98e166ac68f6306df40aeff2676161654206a72d",
            "messageTitle": "Last few commits",
            "messageBody": "",
            "insertions": 3,
            "deletions": 3
          },
          {
            "hash": "5bc7a3511935f40a843442788fbfec32a85f1111",
            "messageTitle": "solved parser: Forbidden summary fragment error",
            "messageBody": "",
            "insertions": 2,
            "deletions": 3
          },
          {
            "hash": "4ffa905f4430b793306768a86b72fda169b58984",
            "messageTitle": "Team\u0027s updated version",
            "messageBody": "",
            "insertions": 7,
            "deletions": 284
          },
          {
            "hash": "b80a2853f2b06fd3e7e1fd21c8612c9266eb6c58",
            "messageTitle": "got it working",
            "messageBody": "",
            "insertions": 0,
            "deletions": 6
          }
        ]
      },
      {
        "insertions": 61,
        "deletions": 48,
        "date": "2020-03-16",
        "commitResults": [
          {
            "hash": "323758f61fff0cbc104efd9c2518ff46598fd01a",
            "messageTitle": "changes. remaining to be completed by justin",
            "messageBody": "",
            "insertions": 33,
            "deletions": 32
          },
          {
            "hash": "dc02ee3cec912f9750c5203c58cc693f1705ba8e",
            "messageTitle": "Edited first half of tests - gradle",
            "messageBody": "",
            "insertions": 28,
            "deletions": 16
          }
        ]
      }
    ],
    "brandoncjh": [
      {
        "insertions": 1,
        "deletions": 1,
        "date": "2020-03-03",
        "commitResults": [
          {
            "hash": "2eae11ea9ba32e0905691e3e80ff467e1e24842d",
            "messageTitle": "updated AboutUs.md",
            "messageBody": "",
            "insertions": 1,
            "deletions": 1
          }
        ]
      },
      {
        "insertions": 205,
        "deletions": 1,
        "date": "2020-03-06",
        "commitResults": [
          {
            "hash": "871bc7ed4190c9ab12051e1e3261bfcbf10b8623",
            "messageTitle": "Rough draft for Storage component, PatientList and AppointmentList",
            "messageBody": "",
            "insertions": 205,
            "deletions": 1
          }
        ]
      },
      {
        "insertions": 42,
        "deletions": 34,
        "date": "2020-03-07",
        "commitResults": [
          {
            "hash": "6d8cc63ef7414b5edcf8bdb8c33e375d5330d8f7",
            "messageTitle": "Draft 2 for Storage, PatientList and AppointmentList: changed internal Lists to static and adjusted contexts in which they are used",
            "messageBody": "",
            "insertions": 42,
            "deletions": 34
          }
        ]
      },
      {
        "insertions": 110,
        "deletions": 18,
        "date": "2020-03-14",
        "commitResults": [
          {
            "hash": "0b834c6bfe06e2b9649def2998be8282e8b84084",
            "messageTitle": "Added junit tests and remove methods for PatientList and AppointmentList",
            "messageBody": "",
            "insertions": 94,
            "deletions": 2
          },
          {
            "hash": "0a30ca598291700d5b799281aab5d9be5d7075b1",
            "messageTitle": "fix minor typo",
            "messageBody": "",
            "insertions": 2,
            "deletions": 2
          },
          {
            "hash": "39ba7b2cbb7644a877b0db45116416385cc3ebc7",
            "messageTitle": "standardise index",
            "messageBody": "",
            "insertions": 14,
            "deletions": 14
          }
        ]
      },
      {
        "insertions": 18,
        "deletions": 2,
        "date": "2020-03-15",
        "commitResults": [
          {
            "hash": "3d1b49cbcb80683b433aadcf3577bc02b17afaf7",
            "messageTitle": "fixed loadup bug",
            "messageBody": "",
            "insertions": 18,
            "deletions": 2
          }
        ]
      }
    ],
    "thanhduc2000": [
      {
        "insertions": 5,
        "deletions": 5,
        "date": "2020-03-03",
        "commitResults": [
          {
            "hash": "da4f4b7c7fb34855d94621cf07f8a83f7235df95",
            "messageTitle": "Update our team\u0027s contact",
            "messageBody": "",
            "insertions": 5,
            "deletions": 5
          }
        ]
      },
      {
        "insertions": 72,
        "deletions": 5,
        "date": "2020-03-05",
        "commitResults": [
          {
            "hash": "7eadf2f7343becf668d40b403213cd7f6fa003f1",
            "messageTitle": "Add template classes to tP",
            "messageBody": "",
            "insertions": 67,
            "deletions": 0
          },
          {
            "hash": "5e0d8dcfd04209a70b761011af30b89be91e1e72",
            "messageTitle": "Make Command class to abstract",
            "messageBody": "",
            "insertions": 5,
            "deletions": 5
          }
        ]
      },
      {
        "insertions": 289,
        "deletions": 0,
        "date": "2020-03-08",
        "commitResults": [
          {
            "hash": "de1b011a46a264ac466b05ff086b4be350ac194e",
            "messageTitle": "Draft v0.1 of update, delete, and help command class. Also add some setter function in Patient class for convenience",
            "messageBody": "",
            "insertions": 289,
            "deletions": 0
          }
        ]
      },
      {
        "insertions": 0,
        "deletions": 5,
        "date": "2020-03-09",
        "commitResults": [
          {
            "hash": "912cc439ddd547268f198d9247452ed51cbd4869",
            "messageTitle": "Some more minor changes",
            "messageBody": "",
            "insertions": 0,
            "deletions": 5
          }
        ]
      },
      {
        "insertions": 154,
        "deletions": 25,
        "date": "2020-03-10",
        "commitResults": [
          {
            "hash": "3e0a34d63ae28eabf9698dceb6d9bad2a025af57",
            "messageTitle": "Add JUnit test to my implemented classes",
            "messageBody": "",
            "insertions": 154,
            "deletions": 25
          }
        ]
      },
      {
        "insertions": 4,
        "deletions": 4,
        "date": "2020-03-11",
        "commitResults": [
          {
            "hash": "dfec7025f3c99a34b06d2c57b832d5e03108286c",
            "messageTitle": "Change to the right format of adding command",
            "messageBody": "",
            "insertions": 4,
            "deletions": 4
          }
        ]
      },
      {
        "insertions": 562,
        "deletions": 101,
        "date": "2020-03-14",
        "commitResults": [
          {
            "hash": "a927ebf43bc88c4360d4e56698959d7e9203c49a",
            "messageTitle": "Added methods for Appointment (updating and deleting), rename old classes",
            "messageBody": "",
            "insertions": 205,
            "deletions": 29
          },
          {
            "hash": "4c08b7d675f91dd4f41969fde335ccc9d31e1a9b",
            "messageTitle": "Fix bugs in UpdateAppointmentCommand",
            "messageBody": "",
            "insertions": 110,
            "deletions": 9
          },
          {
            "hash": "440e8e2f88dcaa40b8ace07ee6b71c45b14f75cb",
            "messageTitle": "Add error handling to the classes",
            "messageBody": "",
            "insertions": 14,
            "deletions": 0
          },
          {
            "hash": "d4665ea72f95e2253bbde42295373cd87507be47",
            "messageTitle": "Add error handling to classes",
            "messageBody": "",
            "insertions": 230,
            "deletions": 60
          },
          {
            "hash": "ec5f9244c422b53df4207d00b73260c95c8fd2b5",
            "messageTitle": "Minor code fix",
            "messageBody": "",
            "insertions": 3,
            "deletions": 3
          }
        ]
      },
      {
        "insertions": 290,
        "deletions": 39,
        "date": "2020-03-15",
        "commitResults": [
          {
            "hash": "a73bbc112641daf12d9b11da949f2d0a3584059f",
            "messageTitle": "Add user guide and some command\u0027s usage",
            "messageBody": "",
            "insertions": 290,
            "deletions": 39
          }
        ]
      }
    ],
    "andy-aw-why": [
      {
        "insertions": 1,
        "deletions": 1,
        "date": "2020-03-03",
        "commitResults": [
          {
            "hash": "8aedbe403568abdee97f369ba7ce054e343cb18e",
            "messageTitle": "Updated read me",
            "messageBody": "",
            "insertions": 1,
            "deletions": 1
          }
        ]
      },
      {
        "insertions": 85,
        "deletions": 0,
        "date": "2020-03-07",
        "commitResults": [
          {
            "hash": "33eebe1c44b8ee0a6a2ebc0d90560b684abba1c3",
            "messageTitle": "Added draft for addcommand and listcommand.",
            "messageBody": "",
            "insertions": 82,
            "deletions": 0
          },
          {
            "hash": "75ef420e9731d6477df9607f443e35589a90a8a5",
            "messageTitle": "Changed a little bit of the AddCommand class",
            "messageBody": "",
            "insertions": 3,
            "deletions": 0
          }
        ]
      },
      {
        "insertions": 269,
        "deletions": 8,
        "date": "2020-03-09",
        "commitResults": [
          {
            "hash": "481cdf5d04b9d34eef50f720ce6d52276fb87a5e",
            "messageTitle": "changed contactNumber to phone",
            "messageBody": "",
            "insertions": 1,
            "deletions": 1
          },
          {
            "hash": "d0b5c0ee2b078187204ed88ee2f1acc3cf281e88",
            "messageTitle": "Added some junit test",
            "messageBody": "",
            "insertions": 268,
            "deletions": 7
          }
        ]
      },
      {
        "insertions": 779,
        "deletions": 569,
        "date": "2020-03-12",
        "commitResults": [
          {
            "hash": "8562af92a540d5f7f86e0defe511705319ee04bb",
            "messageTitle": "Fixed Junit by having stubs. Also renamed the old command classes and added the new add patient classes",
            "messageBody": "",
            "insertions": 779,
            "deletions": 569
          }
        ]
      },
      {
        "insertions": 10,
        "deletions": 0,
        "date": "2020-03-15",
        "commitResults": [
          {
            "hash": "d498b2d8d21e739f17e8b02638824377d7ea5dc2",
            "messageTitle": "Updated messages",
            "messageBody": "",
            "insertions": 10,
            "deletions": 0
          }
        ]
      },
      {
        "insertions": 88,
        "deletions": 25,
        "date": "2020-03-16",
        "commitResults": [
          {
            "hash": "e79fc2f91f1552f8a0b19588b8146d4a950f3a67",
            "messageTitle": "Logger and Assert add",
            "messageBody": "",
            "insertions": 87,
            "deletions": 25
          },
          {
            "hash": "d7f1281309a0447b5d233a8f24ff3ffcd93f6ab6",
            "messageTitle": "empty space check clear",
            "messageBody": "",
            "insertions": 1,
            "deletions": 0
          }
        ]
      }
    ]
  },
  "authorFinalContributionMap": {
    "JustinnT": 1064,
    "Yukilite": 251,
    "brandoncjh": 261,
    "thanhduc2000": 1246,
    "andy-aw-why": 741
  },
  "authorFileTypeContributionMap": {
    "JustinnT": {
      "java": 1053,
      "md": 1,
      "fxml": 0,
      "sh": 0,
      "bat": 0,
      "gradle": 0,
      "txt": 10
    },
    "Yukilite": {
      "java": 248,
      "md": 3,
      "fxml": 0,
      "sh": 0,
      "bat": 0,
      "gradle": 0,
      "txt": 0
    },
    "brandoncjh": {
      "java": 260,
      "md": 1,
      "fxml": 0,
      "sh": 0,
      "bat": 0,
      "gradle": 0,
      "txt": 0
    },
    "thanhduc2000": {
      "java": 982,
      "md": 264,
      "fxml": 0,
      "sh": 0,
      "bat": 0,
      "gradle": 0,
      "txt": 0
    },
    "andy-aw-why": {
      "java": 740,
      "md": 1,
      "fxml": 0,
      "sh": 0,
      "bat": 0,
      "gradle": 0,
      "txt": 0
    }
  },
  "authorContributionVariance": {
    "JustinnT": 187212.12,
    "Yukilite": 12334.6875,
    "brandoncjh": 3333.5,
    "thanhduc2000": 32336.875,
    "andy-aw-why": 106467.47
  },
  "authorDisplayNameMap": {
    "JustinnT": "CS2113T-T13-3 TAN ..STIN",
    "Yukilite": "CS2113T-T13-3 GOH ..NTHA",
    "brandoncjh": "CS2113T-T13-3 CHON..NDON",
    "thanhduc2000": "CS2113T-T13-3 NGUY.. DUC",
    "andy-aw-why": "CS2113T-T13-3 ANDY..YANG"
  }
}
