{
  "authorDailyContributionsMap": {
    "JustinnT": [
      {
        "insertions": 1,
        "deletions": 1,
        "date": "2020-03-03",
        "commitResults": [
          {
            "hash": "f42de747eda76de8685a4d8d15c3541caa26859a",
            "messageTitle": "added name",
            "messageBody": "",
            "insertions": 1,
            "deletions": 1
          }
        ]
      },
      {
        "insertions": 74,
        "deletions": 10,
        "date": "2020-03-05",
        "commitResults": [
          {
            "hash": "dc927b0a4483080ef8ca4e1c129e8e331f16638b",
            "messageTitle": "Added ui",
            "messageBody": "",
            "insertions": 74,
            "deletions": 10
          }
        ]
      },
      {
        "insertions": 83,
        "deletions": 0,
        "date": "2020-03-06",
        "commitResults": [
          {
            "hash": "01960d68647447fa8ff1b05046970782def0d2df",
            "messageTitle": "added enums constants for commands and patient",
            "messageBody": "",
            "insertions": 45,
            "deletions": 0
          },
          {
            "hash": "64637360b437df4db9357d0306c55befcd12e2be",
            "messageTitle": "Started to develop parser",
            "messageBody": "",
            "insertions": 38,
            "deletions": 0
          }
        ]
      },
      {
        "insertions": 244,
        "deletions": 73,
        "date": "2020-03-07",
        "commitResults": [
          {
            "hash": "bbf47072b66f92ee61fb0da7b01b737a4ccb6075",
            "messageTitle": "Updated main to reflect changes and tasks to do.",
            "messageBody": "",
            "insertions": 8,
            "deletions": 9
          },
          {
            "hash": "99605601a98f38b2b98bcb771b885148f422baf7",
            "messageTitle": "delete enums not in use",
            "messageBody": "",
            "insertions": 0,
            "deletions": 45
          },
          {
            "hash": "e6c068ccd257b48816210eba802c52ac8bf51ec9",
            "messageTitle": "implement parser",
            "messageBody": "",
            "insertions": 5,
            "deletions": 0
          },
          {
            "hash": "2901c58f108b93cee4f10176a5189c7586a34a9d",
            "messageTitle": "implement parser",
            "messageBody": "",
            "insertions": 215,
            "deletions": 19
          },
          {
            "hash": "a8d5dce8e12a91311eaceb37d64668e4a81766b6",
            "messageTitle": "added comments for exceptions",
            "messageBody": "",
            "insertions": 16,
            "deletions": 0
          }
        ]
      },
      {
        "insertions": 71,
        "deletions": 36,
        "date": "2020-03-09",
        "commitResults": [
          {
            "hash": "76f0e343271d64f7f9bfa34edee7aaef75eaf938",
            "messageTitle": "add phone number in patientfieldskeys",
            "messageBody": "",
            "insertions": 5,
            "deletions": 2
          },
          {
            "hash": "09168bd76d6c6b14c54f4c4571b6434f2ffe59a8",
            "messageTitle": "Adjusting after PR merging",
            "messageBody": "",
            "insertions": 65,
            "deletions": 34
          },
          {
            "hash": "485cc8296fb227210f0855acf85c48e815f368b5",
            "messageTitle": "fixed startup bug",
            "messageBody": "",
            "insertions": 1,
            "deletions": 0
          }
        ]
      },
      {
        "insertions": 14,
        "deletions": 5,
        "date": "2020-03-10",
        "commitResults": [
          {
            "hash": "55e9c0c3e9e3d2d712825979822deef4f05c311a",
            "messageTitle": "Updated parser",
            "messageBody": "",
            "insertions": 14,
            "deletions": 5
          }
        ]
      },
      {
        "insertions": 3,
        "deletions": 8,
        "date": "2020-03-14",
        "commitResults": [
          {
            "hash": "a8a8d0d758e4351683a40d1e828062e87e983c5a",
            "messageTitle": "Resolve merge conflict",
            "messageBody": "",
            "insertions": 0,
            "deletions": 7
          },
          {
            "hash": "d4e7075049d16f708a669c48cd99735e2c195970",
            "messageTitle": "Removed extra line",
            "messageBody": "",
            "insertions": 0,
            "deletions": 1
          },
          {
            "hash": "35d6b077f87c8d721b7e7c0311ef1764a01edef0",
            "messageTitle": "Override getLocalizedMessage for assertions",
            "messageBody": "",
            "insertions": 3,
            "deletions": 0
          }
        ]
      },
      {
        "insertions": 954,
        "deletions": 577,
        "date": "2020-03-15",
        "commitResults": [
          {
            "hash": "3693cc98cfe06c6ce7f6a0a283861d2bfe87f2ce",
            "messageTitle": "Change methods accessibility to protected",
            "messageBody": "",
            "insertions": 19,
            "deletions": 19
          },
          {
            "hash": "00a87db1146bfa430b3e92f4c2e6931dbf8644c7",
            "messageTitle": "Add junit",
            "messageBody": "",
            "insertions": 133,
            "deletions": 2
          },
          {
            "hash": "c87fb9c5999e059a54f2d9805d06dab4cb2d3551",
            "messageTitle": "Changed to private class and refractor code",
            "messageBody": "",
            "insertions": 33,
            "deletions": 33
          },
          {
            "hash": "28667137ffb867cb4d351a75ebeda1cf7d6fd288",
            "messageTitle": "added more test cases",
            "messageBody": "",
            "insertions": 102,
            "deletions": 11
          },
          {
            "hash": "975ca5ef42e156be0ebad85c9fd37e31b95e512e",
            "messageTitle": "Added support for ByeCommand",
            "messageBody": "",
            "insertions": 13,
            "deletions": 0
          },
          {
            "hash": "a6b6a676e566077928085ccb2621817d8a260656",
            "messageTitle": "Added skeleton code for ByeCommand",
            "messageBody": "",
            "insertions": 2,
            "deletions": 1
          },
          {
            "hash": "659ee8fb8c09feebc9ee27d07e90e7baf4d84fb6",
            "messageTitle": "Revert \"Added support for ByeCommand\"",
            "messageBody": "This reverts commit 975ca5ef42e156be0ebad85c9fd37e31b95e512e.\n",
            "insertions": 0,
            "deletions": 13
          },
          {
            "hash": "a4734126972ff3cb83136b38f9287c75c8016b84",
            "messageTitle": "Added skeleton code for ByeCommand",
            "messageBody": "",
            "insertions": 13,
            "deletions": 0
          },
          {
            "hash": "ff4ee89b75780a18f498b5b7a702e1beeecb6c09",
            "messageTitle": "Refractor class name so it Capitalize on first alphabet",
            "messageBody": "",
            "insertions": 6,
            "deletions": 8
          },
          {
            "hash": "0f95bb645b1ce63c31cae251ba33449d516a7d15",
            "messageTitle": "Updated skeleton code for ByeCommand",
            "messageBody": "",
            "insertions": 1,
            "deletions": 0
          },
          {
            "hash": "5941f81931315d0df9bda729b20cdbe199371b9e",
            "messageTitle": "Updated method names to reflect the changes in Class names",
            "messageBody": "",
            "insertions": 59,
            "deletions": 71
          },
          {
            "hash": "18e9f2ba9bc030304e56c17010dc6401d965b8b6",
            "messageTitle": "Refractor class names",
            "messageBody": "",
            "insertions": 255,
            "deletions": 262
          },
          {
            "hash": "adc0f31655f95297e40b88521e3b582c9f86e1da",
            "messageTitle": "created skeleton code for appointment commands",
            "messageBody": "",
            "insertions": 29,
            "deletions": 0
          },
          {
            "hash": "d829109d648c92d90fb4a7d77479e5e1ea884dc7",
            "messageTitle": "remove unused bye command (exit command replaces this)",
            "messageBody": "",
            "insertions": 0,
            "deletions": 14
          },
          {
            "hash": "34a1c14b19fb30147eccca8397de0e3a02adc11d",
            "messageTitle": "update imports",
            "messageBody": "",
            "insertions": 20,
            "deletions": 6
          },
          {
            "hash": "8d930488c76bca01cb12f0b903281d3524e54ab2",
            "messageTitle": "seperated indexnumber into patient and appointment specific number",
            "messageBody": "",
            "insertions": 4,
            "deletions": 2
          },
          {
            "hash": "2d07b21b602137949c56be224fa167be3fd0f144",
            "messageTitle": "refractor code and comments",
            "messageBody": "",
            "insertions": 8,
            "deletions": 10
          },
          {
            "hash": "2341563b72f776be47935f985c535163ae457a8a",
            "messageTitle": "Added catch for more exceptions",
            "messageBody": "",
            "insertions": 4,
            "deletions": 2
          },
          {
            "hash": "8f3777c9fe3783b3c0b1fc8c22aad42e1719baf2",
            "messageTitle": "Updated placeholder code for Add/ListAppointmentCommands",
            "messageBody": "",
            "insertions": 7,
            "deletions": 0
          },
          {
            "hash": "8cf3c7dc1948e73252ad87f38b8cbbc77a85da6b",
            "messageTitle": "Included @override tag for more clarity",
            "messageBody": "",
            "insertions": 1,
            "deletions": 0
          },
          {
            "hash": "eb861698feacebe8ff4d9e0c3fba71df80984af8",
            "messageTitle": "Created more custom Exceptions handling methods",
            "messageBody": "",
            "insertions": 21,
            "deletions": 3
          },
          {
            "hash": "3e2dfb6597a89a216609933a906df15589e73213",
            "messageTitle": "Removed unused custom wordCommandFormat exception.",
            "messageBody": "",
            "insertions": 0,
            "deletions": 4
          },
          {
            "hash": "5d4d534f17b5abbd420667608fd854f9c7cd9674",
            "messageTitle": "Created new enum that reflects the values that an Appointment Object can hold",
            "messageBody": "",
            "insertions": 28,
            "deletions": 0
          },
          {
            "hash": "953e580b4df276800c30b1ee42b4b4d3262231df",
            "messageTitle": "Created new custom exceptions to throw",
            "messageBody": "",
            "insertions": 32,
            "deletions": 0
          },
          {
            "hash": "68ca717b28c3ce5a1b5da0ea37dd026b34b4ef8d",
            "messageTitle": "Change return value of getLocalizedMessage to better reflect why the exception was thrown",
            "messageBody": "",
            "insertions": 1,
            "deletions": 1
          },
          {
            "hash": "5dff69a7719bf68811633b18f13a891493d21116",
            "messageTitle": "Created new method for printing custom exception printing",
            "messageBody": "",
            "insertions": 4,
            "deletions": 0
          },
          {
            "hash": "c84b47c785dfbbe5acbd6069320c1eff4991db74",
            "messageTitle": "Updated test cases",
            "messageBody": "",
            "insertions": 6,
            "deletions": 6
          },
          {
            "hash": "80e557619690051cd63907c85c62dc43050450a5",
            "messageTitle": "added support for appointment commands",
            "messageBody": "",
            "insertions": 106,
            "deletions": 41
          },
          {
            "hash": "a04a76cc5f09db4a1107c28445c9c09ccc157d56",
            "messageTitle": "Catch more exceptions",
            "messageBody": "",
            "insertions": 4,
            "deletions": 3
          },
          {
            "hash": "f622c02d5b62b82306923be404ad207a97c7d1c8",
            "messageTitle": "Removed unused greetings",
            "messageBody": "",
            "insertions": 0,
            "deletions": 52
          },
          {
            "hash": "f7a6ad5d0e40c934af62c7034ec09145cc393bde",
            "messageTitle": "Extracted reading from user out from ui.",
            "messageBody": "",
            "insertions": 2,
            "deletions": 1
          },
          {
            "hash": "bf8696fca56c869a45f718bbd406bf2c0745398b",
            "messageTitle": "Added custom error message",
            "messageBody": "",
            "insertions": 3,
            "deletions": 3
          },
          {
            "hash": "2b476a97b1400e446716556e6d8f5c3d40583eb8",
            "messageTitle": "Added custom error",
            "messageBody": "",
            "insertions": 14,
            "deletions": 0
          },
          {
            "hash": "0bbe250333d25050e0ac1d237ccdff488904f9c6",
            "messageTitle": "Test for all unknown commands",
            "messageBody": "",
            "insertions": 10,
            "deletions": 1
          },
          {
            "hash": "403e35eb4e22919da45886af45f72b4f5b9a84f4",
            "messageTitle": "Updated test case",
            "messageBody": "",
            "insertions": 2,
            "deletions": 1
          },
          {
            "hash": "13aa5dae186b0830c355ced02c7c767e041a15d0",
            "messageTitle": "Added in catch for custom error handling",
            "messageBody": "",
            "insertions": 7,
            "deletions": 3
          },
          {
            "hash": "71c9f77668988c742ffae6a09b549813c111f3cc",
            "messageTitle": "Changed test case",
            "messageBody": "",
            "insertions": 5,
            "deletions": 4
          }
        ]
      },
      {
        "insertions": 800,
        "deletions": 880,
        "date": "2020-03-16",
        "commitResults": [
          {
            "hash": "202a01ed0f7cafce9aa755f441b3b6b8fc6e8898",
            "messageTitle": "Changed file name to better reflect the exception",
            "messageBody": "",
            "insertions": 2,
            "deletions": 2
          },
          {
            "hash": "d4539746cd11a36f3113b0f47d2e3504c9070dab",
            "messageTitle": "Refractor to follow javadoc checkstyle",
            "messageBody": "",
            "insertions": 1,
            "deletions": 1
          },
          {
            "hash": "9797ebb0976459cc5781713409cc843a340e8f13",
            "messageTitle": "Edited test cases",
            "messageBody": "",
            "insertions": 16,
            "deletions": 2
          },
          {
            "hash": "c54214fd19c99e35c76479d7bcf41fb96c4c14f9",
            "messageTitle": "Refractor to follow javadoc checkstyle",
            "messageBody": "",
            "insertions": 64,
            "deletions": 51
          },
          {
            "hash": "8f890d505c4195cf691d725107dc94213eed3dbc",
            "messageTitle": "fixing weird bug",
            "messageBody": "",
            "insertions": 0,
            "deletions": 12
          },
          {
            "hash": "4e0a74edef7a2b1fe9b792e976088622f8b1acba",
            "messageTitle": "Re-added exception",
            "messageBody": "",
            "insertions": 8,
            "deletions": 0
          },
          {
            "hash": "3838b960525c6632aac5157935b25e98f543e4c4",
            "messageTitle": "finished first wave of javadoc checkstyle",
            "messageBody": "",
            "insertions": 13,
            "deletions": 31
          },
          {
            "hash": "cf02952cf3145997fb006c9c6ac80d7bb9956bb2",
            "messageTitle": "second wave of javadoc checkstyle",
            "messageBody": "",
            "insertions": 140,
            "deletions": 145
          },
          {
            "hash": "118142f1fed872e2f4eea4964efff2d4fb0ed9eb",
            "messageTitle": "delete extra class",
            "messageBody": "",
            "insertions": 0,
            "deletions": 4
          },
          {
            "hash": "0e5135cbc6fe4ed70d1f0e6c1b049f097cc99ccf",
            "messageTitle": "Wave 2 of javadoc",
            "messageBody": "",
            "insertions": 113,
            "deletions": 40
          },
          {
            "hash": "54d3e5f740ba5aa49a61282db2b87eb8bccc6dcf",
            "messageTitle": "Commented out failed test case to be fixed (under listAppointmentCommandTest line31 \u0026 48)",
            "messageBody": "",
            "insertions": 2,
            "deletions": 7
          },
          {
            "hash": "297b14063b242dc53f963f20aeb5b47aa4fda99f",
            "messageTitle": "Commented out not working test case to be fixed (Sorry T_T)",
            "messageBody": "",
            "insertions": 16,
            "deletions": 0
          },
          {
            "hash": "b76277a82a2d032cc6f0b53b3ef690ec0f67dae9",
            "messageTitle": "Refractor code",
            "messageBody": "",
            "insertions": 137,
            "deletions": 210
          },
          {
            "hash": "03e9badf7b8c33fd1d2bacb3f38317a0e0e42f02",
            "messageTitle": "Refractor code",
            "messageBody": "",
            "insertions": 0,
            "deletions": 4
          },
          {
            "hash": "235208ba17b1d10794ce306b8ba683403625b435",
            "messageTitle": "Added custom printed methods (1)",
            "messageBody": "",
            "insertions": 44,
            "deletions": 22
          },
          {
            "hash": "de0880a73b21796d8212dbb944f050ac048bfc24",
            "messageTitle": "Remove classes that are not in use",
            "messageBody": "",
            "insertions": 0,
            "deletions": 163
          },
          {
            "hash": "198cbf04ebc0e19d3ada1f54d204aea170213eec",
            "messageTitle": "added custom print messages in Ui",
            "messageBody": "",
            "insertions": 67,
            "deletions": 37
          },
          {
            "hash": "4bd6835df335b03cd26705bd417b5e85d12322eb",
            "messageTitle": "Added javadoc to comply with gradle standard",
            "messageBody": "",
            "insertions": 4,
            "deletions": 1
          },
          {
            "hash": "f46919ed6c24c6dcf5f2d13fbbfc8249ec58d06f",
            "messageTitle": "Removed unused exception",
            "messageBody": "",
            "insertions": 0,
            "deletions": 4
          },
          {
            "hash": "3ab6b18d8679a395835a0dd00f60d9405a6f0c4c",
            "messageTitle": "removed logger (for now) as the output is printing to console",
            "messageBody": "",
            "insertions": 5,
            "deletions": 38
          },
          {
            "hash": "874845ea9a9d58e4158d524beff3875586615fa7",
            "messageTitle": "Shifted noFieldCommandException from individual commands to parser",
            "messageBody": "",
            "insertions": 65,
            "deletions": 82
          },
          {
            "hash": "64ee0d289013cb8cf0445d988affdbbd99d06382",
            "messageTitle": "Added welcome message",
            "messageBody": "",
            "insertions": 52,
            "deletions": 4
          },
          {
            "hash": "ecb6fc806cd107ae811f71bc4c8dc4a704603763",
            "messageTitle": "Customized NoFieldCOmmandException to be able to print localized message",
            "messageBody": "",
            "insertions": 10,
            "deletions": 0
          },
          {
            "hash": "ad987c1ef213159f54ed7be771643d226934c732",
            "messageTitle": "Shifted print statements into Ui",
            "messageBody": "",
            "insertions": 5,
            "deletions": 5
          },
          {
            "hash": "6baffc2faa8856e0775730c3ac7be8bf279c8fe8",
            "messageTitle": "Change returned String to correct spelling mistake",
            "messageBody": "",
            "insertions": 2,
            "deletions": 2
          },
          {
            "hash": "d481015c5001844ee7fc6a8b5e4a26a148f6a0d1",
            "messageTitle": "Included pictures for UG",
            "messageBody": "",
            "insertions": 26,
            "deletions": 6
          },
          {
            "hash": "9299873065296eba1b29fb254ded6646af149d8e",
            "messageTitle": "updated ug",
            "messageBody": "",
            "insertions": 1,
            "deletions": 0
          },
          {
            "hash": "6487c2d5b7736d6f3d7dd0ef26387e86729ec66d",
            "messageTitle": "Update UserGuide.md",
            "messageBody": "",
            "insertions": 3,
            "deletions": 3
          },
          {
            "hash": "c2b098a7dd0795fd6b8908403cb41512de2b0cfd",
            "messageTitle": "Update UserGuide.md",
            "messageBody": "",
            "insertions": 4,
            "deletions": 4
          }
        ]
      },
      {
        "insertions": 439,
        "deletions": 114,
        "date": "2020-03-22",
        "commitResults": [
          {
            "hash": "28a53cff846b0fdfe2f317cce8d8f7e5b3602089",
            "messageTitle": "in preparation for v2.0",
            "messageBody": "",
            "insertions": 30,
            "deletions": 1
          },
          {
            "hash": "250d643d55ba289605cd40efb8d766020ca9dfc8",
            "messageTitle": "Edited test case for new logic",
            "messageBody": "",
            "insertions": 14,
            "deletions": 6
          },
          {
            "hash": "8a129ef5c2965440e68b8f211689e1d06436b4f9",
            "messageTitle": "Changed the parsing logic so that each command uses their own methods instead of sharing a single method. This should fix bug #2.",
            "messageBody": "",
            "insertions": 200,
            "deletions": 68
          },
          {
            "hash": "b59f16a837e126c6f5c9c0e3ed3b68b1ad3a8c8c",
            "messageTitle": "Added new exceptions to support new parsing logic",
            "messageBody": "",
            "insertions": 112,
            "deletions": 24
          },
          {
            "hash": "b764347595f87ea46dca9bb33147b2c467c53123",
            "messageTitle": "Removed unused exception",
            "messageBody": "",
            "insertions": 1,
            "deletions": 1
          },
          {
            "hash": "ae16502290a1cfa4a8d41f48a9ed85284ad7f1b2",
            "messageTitle": "DG skeleton",
            "messageBody": "",
            "insertions": 82,
            "deletions": 14
          }
        ]
      },
      {
        "insertions": 346,
        "deletions": 50,
        "date": "2020-03-29",
        "commitResults": [
          {
            "hash": "e3a3d625860a79ade151f405b7d7f7b530bdabc8",
            "messageTitle": "Updated DG",
            "messageBody": "",
            "insertions": 137,
            "deletions": 2
          },
          {
            "hash": "3865a3d72d5a8b57fefdcd8455609f53eaa510ab",
            "messageTitle": "Update TOC",
            "messageBody": "",
            "insertions": 12,
            "deletions": 4
          },
          {
            "hash": "99c81787cb646b8dc85238b37dea1bd9904ae167",
            "messageTitle": "Fixing images not showing on website (third time\u0027s the charm)",
            "messageBody": "",
            "insertions": 4,
            "deletions": 4
          },
          {
            "hash": "469626063d07539b4ed9377e68a5ec616ea13f8e",
            "messageTitle": "Remove extra whitespaces",
            "messageBody": "",
            "insertions": 0,
            "deletions": 1
          },
          {
            "hash": "c8cb41f423eabf4b7fe0bfdbb17b6477f88d8b0d",
            "messageTitle": "Created 2 methods to convert it back to the old format (the inverse of Sam\u0027s method)",
            "messageBody": "",
            "insertions": 28,
            "deletions": 0
          },
          {
            "hash": "017ecdf4508ab766090e2cf7a019652f001bd23e",
            "messageTitle": "Call the 2 new methods in TimeConverter to convert the new format back into the old format",
            "messageBody": "",
            "insertions": 8,
            "deletions": 1
          },
          {
            "hash": "8fad5689f5cd902d424ad21a2205b4ef07c4eb86",
            "messageTitle": "Included support for finda and findp methods",
            "messageBody": "",
            "insertions": 24,
            "deletions": 3
          },
          {
            "hash": "6321e752dd6f9104039f533decdf0f42a375e7f2",
            "messageTitle": "Fix current index not incrementing.",
            "messageBody": "",
            "insertions": 4,
            "deletions": 3
          },
          {
            "hash": "a125731c4d3045c3af6ed5ad0aebfcf852e7fc8a",
            "messageTitle": "Added white space for ease of reading",
            "messageBody": "",
            "insertions": 1,
            "deletions": 0
          },
          {
            "hash": "407a78942b332e57a122496bd21ba3301db0f0b8",
            "messageTitle": "Remove unused imports",
            "messageBody": "",
            "insertions": 0,
            "deletions": 2
          },
          {
            "hash": "73f4bc58c5c15652e730a4fff93909f1514426a2",
            "messageTitle": "Removed debug print statement",
            "messageBody": "",
            "insertions": 0,
            "deletions": 1
          },
          {
            "hash": "a2484c10a682a18c55b10f8e8745b5cff1ea27c1",
            "messageTitle": "Included unique ID for each patient",
            "messageBody": "",
            "insertions": 6,
            "deletions": 0
          },
          {
            "hash": "e84e27cf86e3a7b4f6bbbc736963b56dc1e19a2a",
            "messageTitle": "created 4 skeleton classes for new commands",
            "messageBody": "",
            "insertions": 61,
            "deletions": 0
          },
          {
            "hash": "9841b7e8fdf7f16f57f9b3109a1125760cae2b30",
            "messageTitle": "Implemented 4 new commands in parser",
            "messageBody": "",
            "insertions": 20,
            "deletions": 0
          },
          {
            "hash": "b5c5e695a835c7e810550e4a6ff198de19a30d3a",
            "messageTitle": "added new enum",
            "messageBody": "",
            "insertions": 4,
            "deletions": 1
          },
          {
            "hash": "e2991bf22e084c0df2b834466183b2582746af95",
            "messageTitle": "added new custom exception to catch empty pid values",
            "messageBody": "",
            "insertions": 8,
            "deletions": 0
          },
          {
            "hash": "2c6a044b07a070c8a61187da1297dde5dd0b1a67",
            "messageTitle": "catch empty pid values",
            "messageBody": "",
            "insertions": 7,
            "deletions": 0
          },
          {
            "hash": "8f86258e1235b65f8c3f583e2cecdba44ef5a5b7",
            "messageTitle": "added exceptions",
            "messageBody": "",
            "insertions": 13,
            "deletions": 7
          },
          {
            "hash": "d88add859011de381dbcdbe52991d5ac3d00e225",
            "messageTitle": "added javadoc comments",
            "messageBody": "",
            "insertions": 7,
            "deletions": 0
          },
          {
            "hash": "dcbbc8125919b22ec0a841d9746122db14d049ad",
            "messageTitle": "fixed exceeding line longer than 120 characters",
            "messageBody": "",
            "insertions": 2,
            "deletions": 2
          },
          {
            "hash": "c4353c04b78d9fdecce94f340ec24d7d14be1534",
            "messageTitle": "remove save command",
            "messageBody": "",
            "insertions": 0,
            "deletions": 19
          }
        ]
      },
      {
        "insertions": 209,
        "deletions": 59,
        "date": "2020-03-30",
        "commitResults": [
          {
            "hash": "949ab4775d60bfdce3970038e7c88c37318ecbc7",
            "messageTitle": "updated UG for v2.0, new commands findp, finda, clearall, clearp, cleara, as well as updated some outcomes due to date/time restrictions",
            "messageBody": "",
            "insertions": 131,
            "deletions": 45
          },
          {
            "hash": "921a4b2bda3d61b898541d4f8842690894c1dacf",
            "messageTitle": "changed to v2.0",
            "messageBody": "",
            "insertions": 1,
            "deletions": 1
          },
          {
            "hash": "d5b17c9074060c9f041408147e7f7db77dec069c",
            "messageTitle": "Updated section 5 - command summary - of UG",
            "messageBody": "",
            "insertions": 6,
            "deletions": 1
          },
          {
            "hash": "2ba897ae99cb7b3c2aeb4a5c18b6600837138149",
            "messageTitle": "updated TOC for UG",
            "messageBody": "",
            "insertions": 1,
            "deletions": 0
          },
          {
            "hash": "e901ca6032e8e7b98e783c08540de944000ae2b6",
            "messageTitle": "Updated DG",
            "messageBody": "",
            "insertions": 61,
            "deletions": 7
          },
          {
            "hash": "169ba6306720046f114a0e12c41190a4ab1f349c",
            "messageTitle": "updated user guide",
            "messageBody": "",
            "insertions": 1,
            "deletions": 0
          },
          {
            "hash": "c48fbd8124098951e4643c5e23fbda811c7d6acf",
            "messageTitle": "ignore patientid file",
            "messageBody": "",
            "insertions": 0,
            "deletions": 1
          },
          {
            "hash": "65e810c37a197508ce2a63a9bbaa78879a86f31c",
            "messageTitle": "fix to ignore age when age is negative number",
            "messageBody": "",
            "insertions": 5,
            "deletions": 3
          },
          {
            "hash": "a6649f2d6b166936ad39038c6b7f76455f3c40cf",
            "messageTitle": "added print message for negative age in editp",
            "messageBody": "",
            "insertions": 3,
            "deletions": 0
          },
          {
            "hash": "4084a5922c886439c2e46cf682b5938a03e07274",
            "messageTitle": "Fix extra whitespace in bullet point under adda",
            "messageBody": "",
            "insertions": 0,
            "deletions": 1
          }
        ]
      }
    ],
    "Yukilite": [
      {
        "insertions": 1,
        "deletions": 1,
        "date": "2020-03-03",
        "commitResults": [
          {
            "hash": "a44ed0a37bbfd079e81323d4d9e866ecc9c627a2",
            "messageTitle": "Edited name and details",
            "messageBody": "",
            "insertions": 1,
            "deletions": 1
          }
        ]
      },
      {
        "insertions": 1,
        "deletions": 1,
        "date": "2020-03-05",
        "commitResults": [
          {
            "hash": "d906b4b66bfd514f5ecdaa5d029e2c5e8927c441",
            "messageTitle": "Commit Justin\u0027s name",
            "messageBody": "",
            "insertions": 1,
            "deletions": 1
          }
        ]
      },
      {
        "insertions": 130,
        "deletions": 9,
        "date": "2020-03-07",
        "commitResults": [
          {
            "hash": "4dd4065f93338dd2c8eee1ae8af2ba1f5667795d",
            "messageTitle": "First commit to Patient \u0026 Appointment class",
            "messageBody": "",
            "insertions": 83,
            "deletions": 4
          },
          {
            "hash": "d5dc502deaba74e685196402c03d53cea8b66b93",
            "messageTitle": "Added Patient age",
            "messageBody": "",
            "insertions": 12,
            "deletions": 5
          },
          {
            "hash": "dd5538cf3d6037f2ee9dd147e061e826bc2d2735",
            "messageTitle": "Added AppointmentTest and PatientTest",
            "messageBody": "",
            "insertions": 35,
            "deletions": 0
          }
        ]
      },
      {
        "insertions": 69,
        "deletions": 7,
        "date": "2020-03-10",
        "commitResults": [
          {
            "hash": "148ea4a462c315910af332c2abeb07fad1922f96",
            "messageTitle": "Added new jUnit tests and comments to classes",
            "messageBody": "",
            "insertions": 69,
            "deletions": 7
          }
        ]
      },
      {
        "insertions": 97,
        "deletions": 90,
        "date": "2020-03-14",
        "commitResults": [
          {
            "hash": "ec4dc0acc035401d7ac3f4d6f1ae0694198c947c",
            "messageTitle": "Solved gradle issues: line 27, 29, 31.",
            "messageBody": "",
            "insertions": 3,
            "deletions": 3
          },
          {
            "hash": "35f1b10054614a39abd25a0f995852715a6d96bf",
            "messageTitle": "Fixed: First wave of Gradle Errors",
            "messageBody": "",
            "insertions": 94,
            "deletions": 87
          }
        ]
      },
      {
        "insertions": 94,
        "deletions": 331,
        "date": "2020-03-15",
        "commitResults": [
          {
            "hash": "5f74212169bfd6e7485bf20e6fc1bb57685c95f4",
            "messageTitle": "Second wave of Gradle fixing",
            "messageBody": "",
            "insertions": 11,
            "deletions": 5
          },
          {
            "hash": "0155f7526effc801f4f3d96518d6a3b5d84b14cf",
            "messageTitle": "More changes to fix gradle issues",
            "messageBody": "",
            "insertions": 7,
            "deletions": 6
          },
          {
            "hash": "afa0bacea12bfd754d9ccf10d19478813b133386",
            "messageTitle": "more comments added",
            "messageBody": "",
            "insertions": 16,
            "deletions": 11
          },
          {
            "hash": "ec68115ae77a6b812b697757adaebee6ba8f9c67",
            "messageTitle": "more comments",
            "messageBody": "",
            "insertions": 28,
            "deletions": 2
          },
          {
            "hash": "ddaf6aad6c98c0e112b27e936408a8695d25dbfd",
            "messageTitle": "why isn\u0027t this ending~",
            "messageBody": "",
            "insertions": 12,
            "deletions": 4
          },
          {
            "hash": "abf9be3bc5061d56efa0ebcba6f095c1e1b8ed01",
            "messageTitle": "edits",
            "messageBody": "",
            "insertions": 8,
            "deletions": 7
          },
          {
            "hash": "98e166ac68f6306df40aeff2676161654206a72d",
            "messageTitle": "Last few commits",
            "messageBody": "",
            "insertions": 3,
            "deletions": 3
          },
          {
            "hash": "5bc7a3511935f40a843442788fbfec32a85f1111",
            "messageTitle": "solved parser: Forbidden summary fragment error",
            "messageBody": "",
            "insertions": 2,
            "deletions": 3
          },
          {
            "hash": "4ffa905f4430b793306768a86b72fda169b58984",
            "messageTitle": "Team\u0027s updated version",
            "messageBody": "",
            "insertions": 7,
            "deletions": 284
          },
          {
            "hash": "b80a2853f2b06fd3e7e1fd21c8612c9266eb6c58",
            "messageTitle": "got it working",
            "messageBody": "",
            "insertions": 0,
            "deletions": 6
          }
        ]
      },
      {
        "insertions": 170,
        "deletions": 137,
        "date": "2020-03-16",
        "commitResults": [
          {
            "hash": "323758f61fff0cbc104efd9c2518ff46598fd01a",
            "messageTitle": "changes. remaining to be completed by justin",
            "messageBody": "",
            "insertions": 33,
            "deletions": 32
          },
          {
            "hash": "dc02ee3cec912f9750c5203c58cc693f1705ba8e",
            "messageTitle": "Edited first half of tests - gradle",
            "messageBody": "",
            "insertions": 28,
            "deletions": 16
          },
          {
            "hash": "b94df87f8665c1f02362e42a53ab1fe58dbcd9f6",
            "messageTitle": "Update UserGuide.md",
            "messageBody": "Made some changes to FAQ",
            "insertions": 7,
            "deletions": 2
          },
          {
            "hash": "c66e5393a570b045f77bac1ffea96172faefffb9",
            "messageTitle": "Update UserGuide.md",
            "messageBody": "test",
            "insertions": 2,
            "deletions": 0
          },
          {
            "hash": "262ab6fff005f8a89761462939f73b7ac21facce",
            "messageTitle": "Update UserGuide.md",
            "messageBody": "last change",
            "insertions": 4,
            "deletions": 3
          },
          {
            "hash": "6269fd2d57f090b36f13df189eabfd74272e92e3",
            "messageTitle": "Edited first section into a table (testing)",
            "messageBody": "",
            "insertions": 5,
            "deletions": 16
          },
          {
            "hash": "07ada39a0a4a3bd185864e5c07e50fb8a14aefa3",
            "messageTitle": "More edits to user guide readability",
            "messageBody": "",
            "insertions": 26,
            "deletions": 30
          },
          {
            "hash": "6dbbe30f70c9a73ae6952f0d685985c44c2c9bea",
            "messageTitle": "Good enough changes (doc)",
            "messageBody": "",
            "insertions": 65,
            "deletions": 38
          }
        ]
      },
      {
        "insertions": 221,
        "deletions": 71,
        "date": "2020-03-29",
        "commitResults": [
          {
            "hash": "2a672dbacbe70494ad496df43950327641402f7a",
            "messageTitle": "Added new class TImeConverter to format date \u0026 time when adding and editing appointments. Need to change ParseException to custom message",
            "messageBody": "",
            "insertions": 56,
            "deletions": 16
          },
          {
            "hash": "90c2714837d804ae626042ecb2b49cd1af337439",
            "messageTitle": "Added Javadoc for TimeConverter class and added exceptions",
            "messageBody": "",
            "insertions": 24,
            "deletions": 0
          },
          {
            "hash": "f3a8a96b43451e006682e43046172a9ff6a8b899",
            "messageTitle": "created a junit test for timeConverter",
            "messageBody": "",
            "insertions": 5,
            "deletions": 0
          },
          {
            "hash": "7debc8beccdb37963f4fa6568d6efca9df46aab5",
            "messageTitle": "Added Junit Test for timeConverter and changed the values for other junit tests to pass",
            "messageBody": "",
            "insertions": 60,
            "deletions": 30
          },
          {
            "hash": "23d9ebaecd9dc447faa17d54361bba34e878fd87",
            "messageTitle": "Fixed bug in junit",
            "messageBody": "",
            "insertions": 3,
            "deletions": 0
          },
          {
            "hash": "8b5646490a91ea72e9396ff436ec06945d935afe",
            "messageTitle": "Commits to fix gradle bugs.",
            "messageBody": "",
            "insertions": 9,
            "deletions": 2
          },
          {
            "hash": "3e39b1f7b39516f377c11740a347bcf1dc9ace73",
            "messageTitle": "Missed out one bug",
            "messageBody": "",
            "insertions": 2,
            "deletions": 2
          },
          {
            "hash": "3193e13533c95040e73ca5d1ea26331ac5e1c2a3",
            "messageTitle": "Edited Junit tests to pass gradle checks",
            "messageBody": "",
            "insertions": 4,
            "deletions": 4
          },
          {
            "hash": "cfebf469b06078068c2b5a832966bbe37de88ef0",
            "messageTitle": "Added one more module (Converter) to DG. -\u003e Edited your bullet numbering to improve flow of DG - To add SD in a few minutes",
            "messageBody": "",
            "insertions": 58,
            "deletions": 17
          }
        ]
      },
      {
        "insertions": 28,
        "deletions": 15,
        "date": "2020-03-30",
        "commitResults": [
          {
            "hash": "0c154b4ba7fa3c25e70162800c710b69198feeb1",
            "messageTitle": "Added first SD for patient",
            "messageBody": "",
            "insertions": 14,
            "deletions": 5
          },
          {
            "hash": "df7b3b5003dc59b6c7753b8086dcc0d13c46aa14",
            "messageTitle": "Added SD for both Converter and Record modules",
            "messageBody": "",
            "insertions": 14,
            "deletions": 10
          }
        ]
      }
    ],
    "brandoncjh": [
      {
        "insertions": 1,
        "deletions": 1,
        "date": "2020-03-03",
        "commitResults": [
          {
            "hash": "2eae11ea9ba32e0905691e3e80ff467e1e24842d",
            "messageTitle": "updated AboutUs.md",
            "messageBody": "",
            "insertions": 1,
            "deletions": 1
          }
        ]
      },
      {
        "insertions": 205,
        "deletions": 1,
        "date": "2020-03-06",
        "commitResults": [
          {
            "hash": "871bc7ed4190c9ab12051e1e3261bfcbf10b8623",
            "messageTitle": "Rough draft for Storage component, PatientList and AppointmentList",
            "messageBody": "",
            "insertions": 205,
            "deletions": 1
          }
        ]
      },
      {
        "insertions": 42,
        "deletions": 34,
        "date": "2020-03-07",
        "commitResults": [
          {
            "hash": "6d8cc63ef7414b5edcf8bdb8c33e375d5330d8f7",
            "messageTitle": "Draft 2 for Storage, PatientList and AppointmentList: changed internal Lists to static and adjusted contexts in which they are used",
            "messageBody": "",
            "insertions": 42,
            "deletions": 34
          }
        ]
      },
      {
        "insertions": 110,
        "deletions": 18,
        "date": "2020-03-14",
        "commitResults": [
          {
            "hash": "0b834c6bfe06e2b9649def2998be8282e8b84084",
            "messageTitle": "Added junit tests and remove methods for PatientList and AppointmentList",
            "messageBody": "",
            "insertions": 94,
            "deletions": 2
          },
          {
            "hash": "0a30ca598291700d5b799281aab5d9be5d7075b1",
            "messageTitle": "fix minor typo",
            "messageBody": "",
            "insertions": 2,
            "deletions": 2
          },
          {
            "hash": "39ba7b2cbb7644a877b0db45116416385cc3ebc7",
            "messageTitle": "standardise index",
            "messageBody": "",
            "insertions": 14,
            "deletions": 14
          }
        ]
      },
      {
        "insertions": 18,
        "deletions": 2,
        "date": "2020-03-15",
        "commitResults": [
          {
            "hash": "3d1b49cbcb80683b433aadcf3577bc02b17afaf7",
            "messageTitle": "fixed loadup bug",
            "messageBody": "",
            "insertions": 18,
            "deletions": 2
          }
        ]
      },
      {
        "insertions": 168,
        "deletions": 173,
        "date": "2020-03-16",
        "commitResults": [
          {
            "hash": "a2207e4bacc6b95ed12e4f881b64cc4374cb3737",
            "messageTitle": "Updated UserGuide.md",
            "messageBody": "",
            "insertions": 148,
            "deletions": 154
          },
          {
            "hash": "0da0e56b6a88a1e7c8ff988162be160d9947f8dc",
            "messageTitle": "Update UserGuide.md",
            "messageBody": "",
            "insertions": 17,
            "deletions": 16
          },
          {
            "hash": "608da5c347ab9bc6b8d4db908a87c6dc9b5d8363",
            "messageTitle": "Updated build.gradle, UI and EXPECTED.txt",
            "messageBody": "",
            "insertions": 3,
            "deletions": 3
          }
        ]
      },
      {
        "insertions": 12,
        "deletions": 5,
        "date": "2020-03-24",
        "commitResults": [
          {
            "hash": "a284b9ef184c16af7b3a7b6327c685125758d706",
            "messageTitle": "added assertion to fix storage corruption bug",
            "messageBody": "",
            "insertions": 5,
            "deletions": 4
          },
          {
            "hash": "ec56d550080d6130210b88cf3f3cc0aa0f467e15",
            "messageTitle": "use assertions to fix storage corruption bug: slightly editing",
            "messageBody": "",
            "insertions": 7,
            "deletions": 1
          }
        ]
      },
      {
        "insertions": 204,
        "deletions": 0,
        "date": "2020-03-29",
        "commitResults": [
          {
            "hash": "c4ef85a7df44e7f48e9427a99748ee870183606b",
            "messageTitle": "Added FindAppointmentCommand and FindPatientCommand functionalities",
            "messageBody": "",
            "insertions": 184,
            "deletions": 0
          },
          {
            "hash": "b26c63c59ae4418287f60faad1e425800abaa261",
            "messageTitle": "add Storage writeup for DG",
            "messageBody": "",
            "insertions": 20,
            "deletions": 0
          }
        ]
      },
      {
        "insertions": 18,
        "deletions": 6,
        "date": "2020-03-30",
        "commitResults": [
          {
            "hash": "c3eeff16662278319cefd5605c9f3e2db960a909",
            "messageTitle": "updated DG storage section",
            "messageBody": "",
            "insertions": 18,
            "deletions": 6
          }
        ]
      },
      {
        "insertions": 1,
        "deletions": 1,
        "date": "2020-03-31",
        "commitResults": [
          {
            "hash": "a0a7dda356cb8c75321d237abcf9398bc3da9d10",
            "messageTitle": "fixed display error for diagram",
            "messageBody": "",
            "insertions": 1,
            "deletions": 1
          }
        ]
      }
    ],
    "thanhduc2000": [
      {
        "insertions": 5,
        "deletions": 5,
        "date": "2020-03-03",
        "commitResults": [
          {
            "hash": "da4f4b7c7fb34855d94621cf07f8a83f7235df95",
            "messageTitle": "Update our team\u0027s contact",
            "messageBody": "",
            "insertions": 5,
            "deletions": 5
          }
        ]
      },
      {
        "insertions": 72,
        "deletions": 5,
        "date": "2020-03-05",
        "commitResults": [
          {
            "hash": "7eadf2f7343becf668d40b403213cd7f6fa003f1",
            "messageTitle": "Add template classes to tP",
            "messageBody": "",
            "insertions": 67,
            "deletions": 0
          },
          {
            "hash": "5e0d8dcfd04209a70b761011af30b89be91e1e72",
            "messageTitle": "Make Command class to abstract",
            "messageBody": "",
            "insertions": 5,
            "deletions": 5
          }
        ]
      },
      {
        "insertions": 289,
        "deletions": 0,
        "date": "2020-03-08",
        "commitResults": [
          {
            "hash": "de1b011a46a264ac466b05ff086b4be350ac194e",
            "messageTitle": "Draft v0.1 of update, delete, and help command class. Also add some setter function in Patient class for convenience",
            "messageBody": "",
            "insertions": 289,
            "deletions": 0
          }
        ]
      },
      {
        "insertions": 0,
        "deletions": 5,
        "date": "2020-03-09",
        "commitResults": [
          {
            "hash": "912cc439ddd547268f198d9247452ed51cbd4869",
            "messageTitle": "Some more minor changes",
            "messageBody": "",
            "insertions": 0,
            "deletions": 5
          }
        ]
      },
      {
        "insertions": 154,
        "deletions": 25,
        "date": "2020-03-10",
        "commitResults": [
          {
            "hash": "3e0a34d63ae28eabf9698dceb6d9bad2a025af57",
            "messageTitle": "Add JUnit test to my implemented classes",
            "messageBody": "",
            "insertions": 154,
            "deletions": 25
          }
        ]
      },
      {
        "insertions": 4,
        "deletions": 4,
        "date": "2020-03-11",
        "commitResults": [
          {
            "hash": "dfec7025f3c99a34b06d2c57b832d5e03108286c",
            "messageTitle": "Change to the right format of adding command",
            "messageBody": "",
            "insertions": 4,
            "deletions": 4
          }
        ]
      },
      {
        "insertions": 562,
        "deletions": 101,
        "date": "2020-03-14",
        "commitResults": [
          {
            "hash": "a927ebf43bc88c4360d4e56698959d7e9203c49a",
            "messageTitle": "Added methods for Appointment (updating and deleting), rename old classes",
            "messageBody": "",
            "insertions": 205,
            "deletions": 29
          },
          {
            "hash": "4c08b7d675f91dd4f41969fde335ccc9d31e1a9b",
            "messageTitle": "Fix bugs in UpdateAppointmentCommand",
            "messageBody": "",
            "insertions": 110,
            "deletions": 9
          },
          {
            "hash": "440e8e2f88dcaa40b8ace07ee6b71c45b14f75cb",
            "messageTitle": "Add error handling to the classes",
            "messageBody": "",
            "insertions": 14,
            "deletions": 0
          },
          {
            "hash": "d4665ea72f95e2253bbde42295373cd87507be47",
            "messageTitle": "Add error handling to classes",
            "messageBody": "",
            "insertions": 230,
            "deletions": 60
          },
          {
            "hash": "ec5f9244c422b53df4207d00b73260c95c8fd2b5",
            "messageTitle": "Minor code fix",
            "messageBody": "",
            "insertions": 3,
            "deletions": 3
          }
        ]
      },
      {
        "insertions": 290,
        "deletions": 39,
        "date": "2020-03-15",
        "commitResults": [
          {
            "hash": "a73bbc112641daf12d9b11da949f2d0a3584059f",
            "messageTitle": "Add user guide and some command\u0027s usage",
            "messageBody": "",
            "insertions": 290,
            "deletions": 39
          }
        ]
      },
      {
        "insertions": 32,
        "deletions": 54,
        "date": "2020-03-16",
        "commitResults": [
          {
            "hash": "40ac3c9e4c982266a7490c8839c6a8c9a6634b47",
            "messageTitle": "Uncomment stuffs",
            "messageBody": "",
            "insertions": 9,
            "deletions": 13
          },
          {
            "hash": "8dae4fd8339d54f886ed26e546823a35e6f27224",
            "messageTitle": "Adjustment to delete test",
            "messageBody": "",
            "insertions": 23,
            "deletions": 41
          }
        ]
      },
      {
        "insertions": 22,
        "deletions": 6,
        "date": "2020-03-24",
        "commitResults": [
          {
            "hash": "2c9fe6673d26367c9a15d353af79a04d1547d527",
            "messageTitle": "Fix assertions in edit appointment and patient",
            "messageBody": "",
            "insertions": 17,
            "deletions": 6
          },
          {
            "hash": "6d8534b6822c53a3c343104d03fa006200fc8173",
            "messageTitle": "Modify code so that -1 does not appear when listing",
            "messageBody": "",
            "insertions": 5,
            "deletions": 0
          }
        ]
      },
      {
        "insertions": 290,
        "deletions": 50,
        "date": "2020-03-30",
        "commitResults": [
          {
            "hash": "2ee7b027b963d5f03ddc11cb10b056f2236af466",
            "messageTitle": "Create 3 new Clear classes and some minor fixing",
            "messageBody": "",
            "insertions": 238,
            "deletions": 25
          },
          {
            "hash": "09717e4bea0a8c28b43683f8a4a125856d2d2f70",
            "messageTitle": "Fix checkStyle for the new classes",
            "messageBody": "",
            "insertions": 21,
            "deletions": 21
          },
          {
            "hash": "776a3342f3a482d73fd6064930477b35e0d119a8",
            "messageTitle": "DG update",
            "messageBody": "",
            "insertions": 28,
            "deletions": 1
          },
          {
            "hash": "b0b84d016e4b56596bac403a32bd3fce2799913f",
            "messageTitle": "Fix asssumption in age",
            "messageBody": "",
            "insertions": 1,
            "deletions": 1
          },
          {
            "hash": "42d461a3d4aa5fe43239265890903e4ff55e1896",
            "messageTitle": "Fix invalid age",
            "messageBody": "",
            "insertions": 2,
            "deletions": 2
          }
        ]
      }
    ],
    "andy-aw-why": [
      {
        "insertions": 1,
        "deletions": 1,
        "date": "2020-03-03",
        "commitResults": [
          {
            "hash": "8aedbe403568abdee97f369ba7ce054e343cb18e",
            "messageTitle": "Updated read me",
            "messageBody": "",
            "insertions": 1,
            "deletions": 1
          }
        ]
      },
      {
        "insertions": 85,
        "deletions": 0,
        "date": "2020-03-07",
        "commitResults": [
          {
            "hash": "33eebe1c44b8ee0a6a2ebc0d90560b684abba1c3",
            "messageTitle": "Added draft for addcommand and listcommand.",
            "messageBody": "",
            "insertions": 82,
            "deletions": 0
          },
          {
            "hash": "75ef420e9731d6477df9607f443e35589a90a8a5",
            "messageTitle": "Changed a little bit of the AddCommand class",
            "messageBody": "",
            "insertions": 3,
            "deletions": 0
          }
        ]
      },
      {
        "insertions": 269,
        "deletions": 8,
        "date": "2020-03-09",
        "commitResults": [
          {
            "hash": "481cdf5d04b9d34eef50f720ce6d52276fb87a5e",
            "messageTitle": "changed contactNumber to phone",
            "messageBody": "",
            "insertions": 1,
            "deletions": 1
          },
          {
            "hash": "d0b5c0ee2b078187204ed88ee2f1acc3cf281e88",
            "messageTitle": "Added some junit test",
            "messageBody": "",
            "insertions": 268,
            "deletions": 7
          }
        ]
      },
      {
        "insertions": 779,
        "deletions": 569,
        "date": "2020-03-12",
        "commitResults": [
          {
            "hash": "8562af92a540d5f7f86e0defe511705319ee04bb",
            "messageTitle": "Fixed Junit by having stubs. Also renamed the old command classes and added the new add patient classes",
            "messageBody": "",
            "insertions": 779,
            "deletions": 569
          }
        ]
      },
      {
        "insertions": 10,
        "deletions": 0,
        "date": "2020-03-15",
        "commitResults": [
          {
            "hash": "d498b2d8d21e739f17e8b02638824377d7ea5dc2",
            "messageTitle": "Updated messages",
            "messageBody": "",
            "insertions": 10,
            "deletions": 0
          }
        ]
      },
      {
        "insertions": 88,
        "deletions": 25,
        "date": "2020-03-16",
        "commitResults": [
          {
            "hash": "e79fc2f91f1552f8a0b19588b8146d4a950f3a67",
            "messageTitle": "Logger and Assert add",
            "messageBody": "",
            "insertions": 87,
            "deletions": 25
          },
          {
            "hash": "d7f1281309a0447b5d233a8f24ff3ffcd93f6ab6",
            "messageTitle": "empty space check clear",
            "messageBody": "",
            "insertions": 1,
            "deletions": 0
          }
        ]
      },
      {
        "insertions": 459,
        "deletions": 110,
        "date": "2020-03-23",
        "commitResults": [
          {
            "hash": "0f73da4fffbe86bc34bdfd1088093d9158f8e834",
            "messageTitle": "developer guide draft",
            "messageBody": "",
            "insertions": 136,
            "deletions": 14
          },
          {
            "hash": "4c9306f5a61f258c5a1f9fb21a93642bd22d770d",
            "messageTitle": "Added class diagram 1",
            "messageBody": "",
            "insertions": 31,
            "deletions": 15
          },
          {
            "hash": "3b078d8a77fdbf6ccd1a55ebae741c985639e9cd",
            "messageTitle": "Updated a little of user guide",
            "messageBody": "",
            "insertions": 54,
            "deletions": 36
          },
          {
            "hash": "ca080f62a27d8c73304753ab1aec70b161d007ac",
            "messageTitle": "Even more updates to developer guide",
            "messageBody": "",
            "insertions": 58,
            "deletions": 42
          },
          {
            "hash": "f4c73ffc0c4e641b2aaae1157507b7df299dcc6b",
            "messageTitle": "Update with my name",
            "messageBody": "",
            "insertions": 11,
            "deletions": 1
          },
          {
            "hash": "cd89a98997a6d142f62161003a9c4410430faf60",
            "messageTitle": "Added the full stop",
            "messageBody": "",
            "insertions": 2,
            "deletions": 2
          },
          {
            "hash": "429d7e6019b3dc436decad6370fe4275f40233fa",
            "messageTitle": "No idea why this wasn\u0027t committed",
            "messageBody": "",
            "insertions": 167,
            "deletions": 0
          }
        ]
      },
      {
        "insertions": 57,
        "deletions": 200,
        "date": "2020-03-24",
        "commitResults": [
          {
            "hash": "cf37ccbc0a4959118f56bd0572444d02096b411c",
            "messageTitle": "Nevemind deleted the extra things",
            "messageBody": "",
            "insertions": 0,
            "deletions": 167
          },
          {
            "hash": "ebf8b2404e71b056eadaed3f623862e27b546438",
            "messageTitle": "Updated the test cases such that it inherits from the actual classes that is tested instead",
            "messageBody": "",
            "insertions": 57,
            "deletions": 33
          }
        ]
      },
      {
        "insertions": 34,
        "deletions": 14,
        "date": "2020-03-26",
        "commitResults": [
          {
            "hash": "b7259216b537a32f47426327e704c0da6768a81f",
            "messageTitle": "Fixes for readme",
            "messageBody": "",
            "insertions": 5,
            "deletions": 2
          },
          {
            "hash": "4089464c83274ddb6515180906d93b66412d1a63",
            "messageTitle": "Fast fix",
            "messageBody": "",
            "insertions": 1,
            "deletions": 1
          },
          {
            "hash": "b63bb1150e5cfe68436a1aec26a2c059f08e4483",
            "messageTitle": "Update DeveloperGuide.md",
            "messageBody": "",
            "insertions": 1,
            "deletions": 1
          },
          {
            "hash": "24d681625638d296a90b61b3017bcb856d12f545",
            "messageTitle": "Try again",
            "messageBody": "",
            "insertions": 13,
            "deletions": 2
          },
          {
            "hash": "939877662547234faae053f3bd6089fa2b2a6812",
            "messageTitle": "try again zzz",
            "messageBody": "",
            "insertions": 3,
            "deletions": 0
          },
          {
            "hash": "31c85112bc8856eb9e4d43aed2c749b26de97772",
            "messageTitle": "My thing can\u0027t run gradlew build for some reason, thus need keep commtting",
            "messageBody": "",
            "insertions": 5,
            "deletions": 0
          },
          {
            "hash": "f777e9a25675ece6b5e9cd49421b72e13ec17e05",
            "messageTitle": "no message",
            "messageBody": "",
            "insertions": 0,
            "deletions": 6
          },
          {
            "hash": "39dabba07218f971d03279a0a2981a65a7b91cb2",
            "messageTitle": "no message",
            "messageBody": "",
            "insertions": 4,
            "deletions": 0
          },
          {
            "hash": "2d8b57d3f49bf9adc695640c768d5da2cbe74f31",
            "messageTitle": "Update AddAppointmentCommandStub.java",
            "messageBody": "",
            "insertions": 2,
            "deletions": 2
          }
        ]
      },
      {
        "insertions": 498,
        "deletions": 185,
        "date": "2020-03-29",
        "commitResults": [
          {
            "hash": "4825deef0739ba8947ab3f9dc6c61f5d21d8bf64",
            "messageTitle": "Quick fixes to the user guide and the developer guide",
            "messageBody": "",
            "insertions": 136,
            "deletions": 28
          },
          {
            "hash": "469fa4cfa84c75e1feb224a737299d9283e9c3b4",
            "messageTitle": "Quick fixes",
            "messageBody": "",
            "insertions": 2,
            "deletions": 2
          },
          {
            "hash": "90000452b1a45895f95aed25cd3ec34696357c18",
            "messageTitle": "Update DeveloperGuide.md",
            "messageBody": "",
            "insertions": 12,
            "deletions": 12
          },
          {
            "hash": "71712ebe03ecec08b034d862baac7042487bdb18",
            "messageTitle": "Update DeveloperGuide.md",
            "messageBody": "",
            "insertions": 8,
            "deletions": 8
          },
          {
            "hash": "29d2e1975667cd0081f3fffd3ef26959906c725d",
            "messageTitle": "Patient id things. now to appointments",
            "messageBody": "",
            "insertions": 294,
            "deletions": 112
          },
          {
            "hash": "684c4005a4f0e30cd774a29520363606d22ddc90",
            "messageTitle": "First check",
            "messageBody": "",
            "insertions": 42,
            "deletions": 20
          },
          {
            "hash": "79c6034016e68c99bdfbe7105a6c94fc772347f6",
            "messageTitle": "Should be ok already. Added patient id to patients and appointments",
            "messageBody": "",
            "insertions": 3,
            "deletions": 2
          },
          {
            "hash": "b69cb76934de6b1b53667b0f3e2ed2b61e0807ce",
            "messageTitle": "Oh yeah almost forgot about this",
            "messageBody": "",
            "insertions": 1,
            "deletions": 1
          }
        ]
      },
      {
        "insertions": 27,
        "deletions": 8,
        "date": "2020-03-30",
        "commitResults": [
          {
            "hash": "4eacc826d674747ee03816374699a68458d0ef35",
            "messageTitle": "Minor changes",
            "messageBody": "",
            "insertions": 4,
            "deletions": 3
          },
          {
            "hash": "3613e6dcbed1b39e914d3d22818a53f2e0769f45",
            "messageTitle": "Slight update to the developer guide",
            "messageBody": "",
            "insertions": 23,
            "deletions": 5
          }
        ]
      },
      {
        "insertions": 76,
        "deletions": 47,
        "date": "2020-04-01",
        "commitResults": [
          {
            "hash": "5f07eefcae95d1a9decd0ad533606a624993a14f",
            "messageTitle": "Fixes for issue #82 to #90",
            "messageBody": "",
            "insertions": 55,
            "deletions": 27
          },
          {
            "hash": "fcaf1e41664c00bbb29d43428c8ee58ece73c758",
            "messageTitle": "Continuing fixes",
            "messageBody": "",
            "insertions": 17,
            "deletions": 17
          },
          {
            "hash": "c341701a35295e92fe91cdf495531e0035755f69",
            "messageTitle": "Quick fix",
            "messageBody": "",
            "insertions": 4,
            "deletions": 3
          }
        ]
      },
      {
        "insertions": 17,
        "deletions": 17,
        "date": "2020-04-02",
        "commitResults": [
          {
            "hash": "94f29f8ae55ac3f041028c782868ba5ad1bd63c2",
            "messageTitle": "arrow fix",
            "messageBody": "",
            "insertions": 17,
            "deletions": 17
          }
        ]
      }
    ]
  },
  "authorFinalContributionMap": {
    "JustinnT": 1908,
    "Yukilite": 454,
    "brandoncjh": 557,
    "thanhduc2000": 1208,
    "andy-aw-why": 1397
  },
  "authorFileTypeContributionMap": {
    "JustinnT": {
      "java": 1541,
      "md": 357,
      "fxml": 0,
      "sh": 0,
      "bat": 0,
      "gradle": 0,
      "txt": 10
    },
    "Yukilite": {
      "java": 318,
      "md": 136,
      "fxml": 0,
      "sh": 0,
      "bat": 0,
      "gradle": 0,
      "txt": 0
    },
    "brandoncjh": {
      "java": 425,
      "md": 130,
      "fxml": 0,
      "sh": 0,
      "bat": 0,
      "gradle": 2,
      "txt": 0
    },
    "thanhduc2000": {
      "java": 1108,
      "md": 99,
      "fxml": 0,
      "sh": 0,
      "bat": 0,
      "gradle": 1,
      "txt": 0
    },
    "andy-aw-why": {
      "java": 1098,
      "md": 299,
      "fxml": 0,
      "sh": 0,
      "bat": 0,
      "gradle": 0,
      "txt": 0
    }
  },
  "authorContributionVariance": {
    "JustinnT": 153153.62,
    "Yukilite": 10797.324,
    "brandoncjh": 5825.4175,
    "thanhduc2000": 20313.781,
    "andy-aw-why": 72751.49
  },
  "authorDisplayNameMap": {
    "JustinnT": "CS2113T-T13-3 TAN ..STIN",
    "Yukilite": "CS2113T-T13-3 GOH ..NTHA",
    "brandoncjh": "CS2113T-T13-3 CHON..NDON",
    "thanhduc2000": "CS2113T-T13-3 NGUY.. DUC",
    "andy-aw-why": "CS2113T-T13-3 ANDY..YANG"
  }
}
