{
  "authorDailyContributionsMap": {
    "JustinnT": [
      {
        "insertions": 1,
        "deletions": 1,
        "date": "2020-03-03",
        "commitResults": [
          {
            "hash": "f42de747eda76de8685a4d8d15c3541caa26859a",
            "messageTitle": "added name",
            "messageBody": "",
            "insertions": 1,
            "deletions": 1
          }
        ]
      }
    ],
    "Yukilite": [
      {
        "insertions": 1,
        "deletions": 1,
        "date": "2020-03-03",
        "commitResults": [
          {
            "hash": "a44ed0a37bbfd079e81323d4d9e866ecc9c627a2",
            "messageTitle": "Edited name and details",
            "messageBody": "",
            "insertions": 1,
            "deletions": 1
          }
        ]
      },
      {
        "insertions": 1,
        "deletions": 1,
        "date": "2020-03-05",
        "commitResults": [
          {
            "hash": "d906b4b66bfd514f5ecdaa5d029e2c5e8927c441",
            "messageTitle": "Commit Justin\u0027s name",
            "messageBody": "",
            "insertions": 1,
            "deletions": 1
          }
        ]
      }
    ],
    "brandoncjh": [
      {
        "insertions": 1,
        "deletions": 1,
        "date": "2020-03-03",
        "commitResults": [
          {
            "hash": "2eae11ea9ba32e0905691e3e80ff467e1e24842d",
            "messageTitle": "updated AboutUs.md",
            "messageBody": "",
            "insertions": 1,
            "deletions": 1
          }
        ]
      }
    ],
    "thanhduc2000": [
      {
        "insertions": 5,
        "deletions": 5,
        "date": "2020-03-03",
        "commitResults": [
          {
            "hash": "da4f4b7c7fb34855d94621cf07f8a83f7235df95",
            "messageTitle": "Update our team\u0027s contact",
            "messageBody": "",
            "insertions": 5,
            "deletions": 5
          }
        ]
      },
      {
        "insertions": 72,
        "deletions": 5,
        "date": "2020-03-05",
        "commitResults": [
          {
            "hash": "7eadf2f7343becf668d40b403213cd7f6fa003f1",
            "messageTitle": "Add template classes to tP",
            "messageBody": "",
            "insertions": 67,
            "deletions": 0
          },
          {
            "hash": "5e0d8dcfd04209a70b761011af30b89be91e1e72",
            "messageTitle": "Make Command class to abstract",
            "messageBody": "",
            "insertions": 5,
            "deletions": 5
          }
        ]
      }
    ],
    "andy-aw-why": [
      {
        "insertions": 1,
        "deletions": 1,
        "date": "2020-03-03",
        "commitResults": [
          {
            "hash": "8aedbe403568abdee97f369ba7ce054e343cb18e",
            "messageTitle": "Updated read me",
            "messageBody": "",
            "insertions": 1,
            "deletions": 1
          }
        ]
      }
    ]
  },
  "authorFinalContributionMap": {
    "JustinnT": 1,
    "Yukilite": 3,
    "brandoncjh": 1,
    "thanhduc2000": 68,
    "andy-aw-why": 1
  },
  "authorFileTypeContributionMap": {
    "JustinnT": {
      "java": 0,
      "md": 1,
      "fxml": 0,
      "sh": 0,
      "bat": 0,
      "gradle": 0,
      "txt": 0
    },
    "Yukilite": {
      "java": 0,
      "md": 3,
      "fxml": 0,
      "sh": 0,
      "bat": 0,
      "gradle": 0,
      "txt": 0
    },
    "brandoncjh": {
      "java": 0,
      "md": 1,
      "fxml": 0,
      "sh": 0,
      "bat": 0,
      "gradle": 0,
      "txt": 0
    },
    "thanhduc2000": {
      "java": 67,
      "md": 1,
      "fxml": 0,
      "sh": 0,
      "bat": 0,
      "gradle": 0,
      "txt": 0
    },
    "andy-aw-why": {
      "java": 0,
      "md": 1,
      "fxml": 0,
      "sh": 0,
      "bat": 0,
      "gradle": 0,
      "txt": 0
    }
  },
  "authorContributionVariance": {
    "JustinnT": 0.64000005,
    "Yukilite": 0.96000016,
    "brandoncjh": 0.64000005,
    "thanhduc2000": 903.0399,
    "andy-aw-why": 0.64000005
  },
  "authorDisplayNameMap": {
    "JustinnT": "CS2113T-T13-3 TAN ..STIN",
    "Yukilite": "CS2113T-T13-3 GOH ..NTHA",
    "brandoncjh": "CS2113T-T13-3 CHON..NDON",
    "thanhduc2000": "CS2113T-T13-3 NGUY.. DUC",
    "andy-aw-why": "CS2113T-T13-3 ANDY..YANG"
  }
}
