{
  "authorDailyContributionsMap": {
    "zi-hui": [
      {
        "insertions": 1,
        "deletions": 1,
        "date": "2020-03-02",
        "commitResults": [
          {
            "hash": "aca89207b9ad1033d18909d054037648aef62886",
            "messageTitle": "adding name to AboutUs.md",
            "messageBody": "",
            "insertions": 1,
            "deletions": 1
          }
        ]
      },
      {
        "insertions": 184,
        "deletions": 23,
        "date": "2020-03-07",
        "commitResults": [
          {
            "hash": "a7e2a27673070a111ff1aa709b4569cf3056f528",
            "messageTitle": "add storage function for ingredients",
            "messageBody": "",
            "insertions": 132,
            "deletions": 1
          },
          {
            "hash": "0e8f88199a2c76e6f7a617d4852c429f0ef07b3d",
            "messageTitle": "Minor edits to pass checkstyle",
            "messageBody": "",
            "insertions": 52,
            "deletions": 22
          }
        ]
      },
      {
        "insertions": 55,
        "deletions": 39,
        "date": "2020-03-08",
        "commitResults": [
          {
            "hash": "41fdfc38617c5cd559174614cfebfdb2016162ec",
            "messageTitle": "minor changes to Storage",
            "messageBody": "",
            "insertions": 55,
            "deletions": 39
          }
        ]
      },
      {
        "insertions": 182,
        "deletions": 25,
        "date": "2020-03-09",
        "commitResults": [
          {
            "hash": "853306109baf830dad31c5e520cf84b9ed393992",
            "messageTitle": "Changes to Storage function, edits made to Main, all commands classes and Storage class",
            "messageBody": "",
            "insertions": 182,
            "deletions": 25
          }
        ]
      },
      {
        "insertions": 77,
        "deletions": 33,
        "date": "2020-03-10",
        "commitResults": [
          {
            "hash": "ea0b0af182782876f9fa7edd49e4800adf389c5d",
            "messageTitle": "Implementation of storage functions for ingredients and chores.",
            "messageBody": "",
            "insertions": 77,
            "deletions": 33
          }
        ]
      },
      {
        "insertions": 382,
        "deletions": 68,
        "date": "2020-03-14",
        "commitResults": [
          {
            "hash": "ebee3f8ff4de63ab9e4de8c6821e84b01e8e704d",
            "messageTitle": "Changes made to Recipe.java and Storage.java to implement recipe storage",
            "messageBody": "",
            "insertions": 146,
            "deletions": 20
          },
          {
            "hash": "91f183384cf97a4c9fbc62ee097b7b470c5d0989",
            "messageTitle": "Implemented Storage function for recipes and added some JUnit Tests",
            "messageBody": "",
            "insertions": 135,
            "deletions": 31
          },
          {
            "hash": "f0fb025ff8b06195ea4c0f8a1cf48c1d6d93481d",
            "messageTitle": "Resolving Merge Conflicts",
            "messageBody": "",
            "insertions": 100,
            "deletions": 16
          },
          {
            "hash": "e0daf2d3bd0b09da1917cf396a27b12ab3048315",
            "messageTitle": "Fixed bug found in Recipe class",
            "messageBody": "",
            "insertions": 1,
            "deletions": 1
          }
        ]
      },
      {
        "insertions": 110,
        "deletions": 29,
        "date": "2020-03-15",
        "commitResults": [
          {
            "hash": "8fb90734829116f7856bcaa59bf35327ab0c7a29",
            "messageTitle": "Storage function for delete commands",
            "messageBody": "",
            "insertions": 10,
            "deletions": 4
          },
          {
            "hash": "e90771ee7b5842a2aa45a7c1a4f2d828ef3b30e1",
            "messageTitle": "-",
            "messageBody": "",
            "insertions": 14,
            "deletions": 1
          },
          {
            "hash": "1473761c5e783f27e884c6df85e1105e0b669fd4",
            "messageTitle": "Storage for Delete commands",
            "messageBody": "",
            "insertions": 2,
            "deletions": 0
          },
          {
            "hash": "0ea31e47a2a46134909e2ca502801f16921ff325",
            "messageTitle": "pass runtest.bat test",
            "messageBody": "",
            "insertions": 1,
            "deletions": 5
          },
          {
            "hash": "e47cdd431ad85ca4dce0888a4db14cf35809f220",
            "messageTitle": "debugging",
            "messageBody": "",
            "insertions": 3,
            "deletions": 3
          },
          {
            "hash": "97f2920401778a4760e602590b36f42283d64a43",
            "messageTitle": "debugging",
            "messageBody": "",
            "insertions": 3,
            "deletions": 4
          },
          {
            "hash": "e6f4a7a0fadb167aa4933c44a34ef4e469abbe65",
            "messageTitle": "debugging",
            "messageBody": "",
            "insertions": 0,
            "deletions": 1
          },
          {
            "hash": "d619e87b01adab1aed32d73573f39f411bf8ef94",
            "messageTitle": "update input.txt",
            "messageBody": "",
            "insertions": 4,
            "deletions": 2
          },
          {
            "hash": "3c2befdee5d50439d6a3133fd039c28f1ee79e8a",
            "messageTitle": "storage",
            "messageBody": "",
            "insertions": 71,
            "deletions": 2
          },
          {
            "hash": "00fcab147c36096162c6ee771fed9d81bd27905d",
            "messageTitle": "Update EXPECTED.txt",
            "messageBody": "",
            "insertions": 0,
            "deletions": 1
          },
          {
            "hash": "9deb3b05ee783a491503dbc0437e210214bf5260",
            "messageTitle": "update input,actual,expected.txt",
            "messageBody": "",
            "insertions": 2,
            "deletions": 6
          }
        ]
      },
      {
        "insertions": 1,
        "deletions": 0,
        "date": "2020-03-16",
        "commitResults": [
          {
            "hash": "2483e94dec7b809b592a320fd2fdc6da2f85381c",
            "messageTitle": "files",
            "messageBody": "",
            "insertions": 1,
            "deletions": 0
          }
        ]
      },
      {
        "insertions": 3,
        "deletions": 141,
        "date": "2020-03-19",
        "commitResults": [
          {
            "hash": "dd2fca25b514d685188e63fd6fe5fb35b7b888ca",
            "messageTitle": "Removed redudant codes in all command classes and main for executeStorage",
            "messageBody": "",
            "insertions": 3,
            "deletions": 141
          }
        ]
      }
    ],
    "yantingsanity": [
      {
        "insertions": 2,
        "deletions": 1,
        "date": "2020-03-02",
        "commitResults": [
          {
            "hash": "3c39eb6c2ccbae98d3d98df9459a9102f90ea7c4",
            "messageTitle": "edited in AboutUs page",
            "messageBody": "",
            "insertions": 2,
            "deletions": 1
          }
        ]
      },
      {
        "insertions": 229,
        "deletions": 0,
        "date": "2020-03-03",
        "commitResults": [
          {
            "hash": "8cbdfb20f34d2d326cdb4179c03f5eca8dcbce28",
            "messageTitle": "Added base skeleton",
            "messageBody": "",
            "insertions": 229,
            "deletions": 0
          }
        ]
      },
      {
        "insertions": 225,
        "deletions": 49,
        "date": "2020-03-07",
        "commitResults": [
          {
            "hash": "e36efaeef387828eb46f31c00e45508dbb823c3a",
            "messageTitle": "Added in the deletion of recipe and ingredients",
            "messageBody": "",
            "insertions": 201,
            "deletions": 34
          },
          {
            "hash": "80ae8f93470fe010df98a6c22bce1351c81df3a9",
            "messageTitle": "made some style changes",
            "messageBody": "",
            "insertions": 12,
            "deletions": 12
          },
          {
            "hash": "2857781bd47d55d18c32a7c6546384b133219994",
            "messageTitle": "made some style changes",
            "messageBody": "",
            "insertions": 12,
            "deletions": 3
          }
        ]
      },
      {
        "insertions": 9,
        "deletions": 9,
        "date": "2020-03-08",
        "commitResults": [
          {
            "hash": "3847bfe8818976a569418d309630ef93d82e5130",
            "messageTitle": "fixed delete bug",
            "messageBody": "",
            "insertions": 8,
            "deletions": 5
          },
          {
            "hash": "b2113c6a92cc2a1b43226c22d11e4de98cfcf149",
            "messageTitle": "fixed styling error",
            "messageBody": "",
            "insertions": 1,
            "deletions": 4
          }
        ]
      },
      {
        "insertions": 507,
        "deletions": 198,
        "date": "2020-03-12",
        "commitResults": [
          {
            "hash": "5cca65640d186c67f7b6b9ca1ca1434ce169a852",
            "messageTitle": "Refactor Delete Recipe and Ingredient",
            "messageBody": "",
            "insertions": 282,
            "deletions": 48
          },
          {
            "hash": "d8bef93b76921248748b77128e6c53b5ce326cd0",
            "messageTitle": "edited input.text to put in the latest test cases",
            "messageBody": "",
            "insertions": 31,
            "deletions": 26
          },
          {
            "hash": "1aa9ee92c1930deb642f95ea129781b59711696b",
            "messageTitle": "Added JUnit tests for Delete Ingredient and Recipe",
            "messageBody": "",
            "insertions": 134,
            "deletions": 3
          },
          {
            "hash": "245ceecc6c4cc69cc5c3a4b4ba440c09aa723f0d",
            "messageTitle": "Edited some merging issues for DeleteRecipe and DeleteIngredient commands",
            "messageBody": "",
            "insertions": 46,
            "deletions": 113
          },
          {
            "hash": "ec037b1fd20704b94fbd72bba1d6beea7f8d51ea",
            "messageTitle": "style changes",
            "messageBody": "",
            "insertions": 14,
            "deletions": 8
          }
        ]
      },
      {
        "insertions": 62,
        "deletions": 25,
        "date": "2020-03-14",
        "commitResults": [
          {
            "hash": "2e1a2b7f847c407f4ac0a92c847422bde665872e",
            "messageTitle": "made some modifications to Delete Recipe and Delete Ingredient",
            "messageBody": "",
            "insertions": 25,
            "deletions": 9
          },
          {
            "hash": "c59bffda5001aa21dbae403ce4f00028822cc9ab",
            "messageTitle": "Added logging for deletion of ingredients and recipes",
            "messageBody": "",
            "insertions": 10,
            "deletions": 0
          },
          {
            "hash": "fa633dafd00a17d5bcea2b6608dd0b0e0daca237",
            "messageTitle": "Added logging for deletion of ingredients and recipes",
            "messageBody": "",
            "insertions": 4,
            "deletions": 12
          },
          {
            "hash": "6e5ae430778e2f8bc56dc5127d8fe5cf905bae0f",
            "messageTitle": "added java assertions",
            "messageBody": "",
            "insertions": 7,
            "deletions": 0
          },
          {
            "hash": "e7896c40d53d463bcbd00f49b3c4dce1db4b1f2b",
            "messageTitle": "style changes",
            "messageBody": "",
            "insertions": 15,
            "deletions": 3
          },
          {
            "hash": "46fb3b65a0fc0a84bf8a52f13967c4b58611fe9b",
            "messageTitle": "fixed assertion bugs",
            "messageBody": "",
            "insertions": 1,
            "deletions": 1
          }
        ]
      },
      {
        "insertions": 5,
        "deletions": 1,
        "date": "2020-03-15",
        "commitResults": [
          {
            "hash": "d0b7213b736ebca5b0e273508ad92274ee664a0b",
            "messageTitle": "Added some input.txt",
            "messageBody": "",
            "insertions": 5,
            "deletions": 1
          }
        ]
      },
      {
        "insertions": 6,
        "deletions": 5,
        "date": "2020-03-16",
        "commitResults": [
          {
            "hash": "7b7b78e5ec3f18288b3a6cf129dcc7f01ef416e0",
            "messageTitle": "edited input.txt and removed some redundant codes",
            "messageBody": "",
            "insertions": 6,
            "deletions": 5
          }
        ]
      },
      {
        "insertions": 189,
        "deletions": 69,
        "date": "2020-03-20",
        "commitResults": [
          {
            "hash": "7c4fa31f9f5443257d121fdfb3fc0a3457d678cf",
            "messageTitle": "fixed quantity bug",
            "messageBody": "",
            "insertions": 7,
            "deletions": 5
          },
          {
            "hash": "09fffca26d0180f2bd323f452b0826f3203c75b0",
            "messageTitle": "fixed assertion errors for deletion",
            "messageBody": "",
            "insertions": 7,
            "deletions": 8
          },
          {
            "hash": "eab0c9630eb717771878acbe36eef91f6c9cfabc",
            "messageTitle": "styling issues",
            "messageBody": "",
            "insertions": 1,
            "deletions": 1
          },
          {
            "hash": "d2b955b3ad8319213b13cf1ddaa9bfa454a80f73",
            "messageTitle": "fixed assertion errors",
            "messageBody": "",
            "insertions": 4,
            "deletions": 2
          },
          {
            "hash": "34e77d241d0379f177d1950f9f35734cfaa2975e",
            "messageTitle": "deletion of recipe by index added:",
            "messageBody": "",
            "insertions": 60,
            "deletions": 27
          },
          {
            "hash": "d9a39a12b693307bf70b29dc04d32363b03b1efd",
            "messageTitle": "deletion of ingredients by index added",
            "messageBody": "",
            "insertions": 106,
            "deletions": 23
          },
          {
            "hash": "96164d76669d691b21f5bb1d1d93f529f2806c0c",
            "messageTitle": "style changes",
            "messageBody": "",
            "insertions": 4,
            "deletions": 3
          }
        ]
      },
      {
        "insertions": 2,
        "deletions": 25,
        "date": "2020-03-21",
        "commitResults": [
          {
            "hash": "65f64125b0105514a9372172ef9904b4a0468f96",
            "messageTitle": "merge conflicts",
            "messageBody": "",
            "insertions": 0,
            "deletions": 10
          },
          {
            "hash": "8d769ec87274d1485cf3303775ed757664d01036",
            "messageTitle": "remove contents in output files:",
            "messageBody": "",
            "insertions": 0,
            "deletions": 2
          },
          {
            "hash": "595fd3ac65706448082489afc7bb87ce5eea7d66",
            "messageTitle": "merge conflicts:",
            "messageBody": "",
            "insertions": 2,
            "deletions": 13
          }
        ]
      },
      {
        "insertions": 33,
        "deletions": 4,
        "date": "2020-03-23",
        "commitResults": [
          {
            "hash": "48e3e4b406b86d42b0f022d9cef8549f897c7fea",
            "messageTitle": "Added in User Guide for Deletion of ingredients and recipes",
            "messageBody": "",
            "insertions": 33,
            "deletions": 4
          }
        ]
      }
    ],
    "jinfayap": [
      {
        "insertions": 1,
        "deletions": 1,
        "date": "2020-03-02",
        "commitResults": [
          {
            "hash": "4a7a3627fd9de8538729d167f7c19053bad8996f",
            "messageTitle": "Add AboutMe Info",
            "messageBody": "",
            "insertions": 1,
            "deletions": 1
          }
        ]
      },
      {
        "insertions": 484,
        "deletions": 212,
        "date": "2020-03-03",
        "commitResults": [
          {
            "hash": "68ef1cea670e26a729c0163274c63e05d2d5f51d",
            "messageTitle": "Add Skeleton Program",
            "messageBody": "",
            "insertions": 484,
            "deletions": 211
          },
          {
            "hash": "1a1b8a3835b2614c32bd96f4173c53a6e65c6804",
            "messageTitle": "Empty TextUiTesting",
            "messageBody": "",
            "insertions": 0,
            "deletions": 1
          }
        ]
      },
      {
        "insertions": 218,
        "deletions": 17,
        "date": "2020-03-06",
        "commitResults": [
          {
            "hash": "68c6de50a723de447a12e494eda77206201d2c8a",
            "messageTitle": "Update mainClassName",
            "messageBody": "",
            "insertions": 3,
            "deletions": 3
          },
          {
            "hash": "bf61b0fc8d6e53eaafa5a453c18212d09f94993e",
            "messageTitle": "Update Recipe TextUiTesting",
            "messageBody": "",
            "insertions": 2,
            "deletions": 0
          },
          {
            "hash": "beddb6eee31ff58ed8a8d4ff6e76dc560c975d19",
            "messageTitle": "Add Ingredient word",
            "messageBody": "",
            "insertions": 14,
            "deletions": 0
          },
          {
            "hash": "5e7935d161f3e697fef6e5d0988fb90420fa3615",
            "messageTitle": "Fix spelling error",
            "messageBody": "",
            "insertions": 1,
            "deletions": 1
          },
          {
            "hash": "99efba4f276c07d1abdd523fac008ded3f2d95bd",
            "messageTitle": "Update Add inventory TextuiTesting",
            "messageBody": "",
            "insertions": 4,
            "deletions": 0
          },
          {
            "hash": "abad8f706b7aeb27a16cb7e5d61bc4c70e1e645d",
            "messageTitle": "Update Parser for Add Inventory",
            "messageBody": "",
            "insertions": 56,
            "deletions": 1
          },
          {
            "hash": "ac9f146a517c70044a352da45eabd0a7a2a4cb79",
            "messageTitle": "Add AddInventoryCommand Class for add inventory function",
            "messageBody": "",
            "insertions": 102,
            "deletions": 0
          },
          {
            "hash": "e8389f616c0f8f3f8d9d34477f4bfc459494c013",
            "messageTitle": "Update InvalidCommand functionality",
            "messageBody": "",
            "insertions": 32,
            "deletions": 3
          },
          {
            "hash": "e31eb2a0fb2bd7c1a451f4e3a0e4dc49e796271a",
            "messageTitle": "Remove Dead import code",
            "messageBody": "",
            "insertions": 1,
            "deletions": 6
          },
          {
            "hash": "4af0fee913148949f43de479fd7f4987dd1d854c",
            "messageTitle": "Refactor, Change Function Declaration",
            "messageBody": "",
            "insertions": 2,
            "deletions": 2
          },
          {
            "hash": "7456826c39775d13380e58ad513562342fa29d97",
            "messageTitle": "Change access modifier to private",
            "messageBody": "",
            "insertions": 1,
            "deletions": 1
          }
        ]
      },
      {
        "insertions": 169,
        "deletions": 18,
        "date": "2020-03-08",
        "commitResults": [
          {
            "hash": "d73f249ee49775f68dc237d897548347a7f48ad3",
            "messageTitle": "Fix minor bugs with user input",
            "messageBody": "",
            "insertions": 6,
            "deletions": 5
          },
          {
            "hash": "d39256ec0f6d11e53e56554ab9bced7b76f6847d",
            "messageTitle": "Changed access modifier to test in JUnit",
            "messageBody": "",
            "insertions": 4,
            "deletions": 4
          },
          {
            "hash": "2d698cbc97e74e065dab212c1c4978d90c8cac8e",
            "messageTitle": "Add documentation and change access modifier for JUnit test",
            "messageBody": "",
            "insertions": 10,
            "deletions": 4
          },
          {
            "hash": "1dae32449a0da0b24f495db590dff284e90652ac",
            "messageTitle": "Add JUnit Tests",
            "messageBody": "",
            "insertions": 144,
            "deletions": 0
          },
          {
            "hash": "e73e4c805539024c5a59577b42e63cd992332ad0",
            "messageTitle": "Add new line at end of file",
            "messageBody": "",
            "insertions": 2,
            "deletions": 2
          },
          {
            "hash": "ab7a39dacc0251213f723f851e4948e662541cc5",
            "messageTitle": "Change String concatenation to StringBuilder",
            "messageBody": "",
            "insertions": 3,
            "deletions": 3
          }
        ]
      },
      {
        "insertions": 109,
        "deletions": 64,
        "date": "2020-03-14",
        "commitResults": [
          {
            "hash": "864af6bcbd961ed8a0c9b2e814da6ee6593e4e38",
            "messageTitle": "Edit build.gradle to enable assertions",
            "messageBody": "",
            "insertions": 1,
            "deletions": 0
          },
          {
            "hash": "a5d5467c78b9ff637ad6cca5af28ea36404ecb71",
            "messageTitle": "Refactor: Change Function Declaration",
            "messageBody": "",
            "insertions": 29,
            "deletions": 30
          },
          {
            "hash": "9d70d4c325950c9e1c8deb778520de932d5b0608",
            "messageTitle": "Rename to addingredient",
            "messageBody": "",
            "insertions": 6,
            "deletions": 6
          },
          {
            "hash": "b17462e57c51b0806fd1fb49b86e5be1c4cf0193",
            "messageTitle": "Add Assertions",
            "messageBody": "",
            "insertions": 11,
            "deletions": 6
          },
          {
            "hash": "6f0a0986d8c2653cf4e80a21be72045062bfb9f1",
            "messageTitle": "Add Logging for add ingredient",
            "messageBody": "",
            "insertions": 6,
            "deletions": 0
          },
          {
            "hash": "524f35f58f1805a55d9a7a37a7172e197c220171",
            "messageTitle": "Fix variable distance and first usage",
            "messageBody": "",
            "insertions": 8,
            "deletions": 4
          },
          {
            "hash": "2fe18ed23c85643b2547be660ed1af63182010b5",
            "messageTitle": "Add message usage for help function",
            "messageBody": "",
            "insertions": 29,
            "deletions": 1
          },
          {
            "hash": "0245d2ba385af3517a4729cf8a4c15218af678f8",
            "messageTitle": "Fix variable spelling error with regards to main",
            "messageBody": "",
            "insertions": 5,
            "deletions": 6
          },
          {
            "hash": "49be7650962fa06719671f5acae211d4c102c463",
            "messageTitle": "Change Access modifier",
            "messageBody": "",
            "insertions": 2,
            "deletions": 2
          },
          {
            "hash": "ed95edecc51af0d6edc1d2541644c2f926a7e9bc",
            "messageTitle": "Modify string message",
            "messageBody": "",
            "insertions": 6,
            "deletions": 4
          },
          {
            "hash": "0a7d8b1c5f33f111eb97a5ef7142a46a51034ef6",
            "messageTitle": "Revert \"Fix variable spelling error with regards to main\"",
            "messageBody": "This reverts commit 0245d2ba385af3517a4729cf8a4c15218af678f8.\n",
            "insertions": 6,
            "deletions": 5
          }
        ]
      },
      {
        "insertions": 49,
        "deletions": 13,
        "date": "2020-03-15",
        "commitResults": [
          {
            "hash": "0ef58103d76d83e8f819ef134d9a7043953d6e5a",
            "messageTitle": "Add help functionality",
            "messageBody": "",
            "insertions": 47,
            "deletions": 13
          },
          {
            "hash": "b66f6393cab5931bd21d083008f574e7b0c7a789",
            "messageTitle": "Add missing line for storage saving",
            "messageBody": "",
            "insertions": 2,
            "deletions": 0
          }
        ]
      },
      {
        "insertions": 281,
        "deletions": 1,
        "date": "2020-03-21",
        "commitResults": [
          {
            "hash": "e733a82d888329d5115d7b44dae8e1fbe3148adb",
            "messageTitle": "Remove additional files",
            "messageBody": "",
            "insertions": 0,
            "deletions": 0
          },
          {
            "hash": "e78d208b557a8e15f8bd44cda1c7026f561f29be",
            "messageTitle": "Add toFind String",
            "messageBody": "",
            "insertions": 39,
            "deletions": 0
          },
          {
            "hash": "e97925788b41b5f7588afb971e0d5b67707d27f3",
            "messageTitle": "Add search chore functionality",
            "messageBody": "",
            "insertions": 63,
            "deletions": 0
          },
          {
            "hash": "68e652725aabcff5643134863175c0570132ff71",
            "messageTitle": "Add search ingredient functionality",
            "messageBody": "",
            "insertions": 60,
            "deletions": 0
          },
          {
            "hash": "fa3fe2c3d4b642c3de18a1de98f4a18b4be25dd7",
            "messageTitle": "Add search recipe functionality",
            "messageBody": "",
            "insertions": 69,
            "deletions": 0
          },
          {
            "hash": "406a6912b1b2c549de633a270f2303d6a34cf5d0",
            "messageTitle": "Update Parser commands",
            "messageBody": "",
            "insertions": 9,
            "deletions": 0
          },
          {
            "hash": "60c4d9e633d4045b70ab45a9d757aaad3a872c25",
            "messageTitle": "Update Text-Ui-Test",
            "messageBody": "",
            "insertions": 7,
            "deletions": 0
          },
          {
            "hash": "ee150b6a828cd6391224a3b8abe02376b11439cd",
            "messageTitle": "Fix space issue",
            "messageBody": "",
            "insertions": 1,
            "deletions": 1
          },
          {
            "hash": "d8ab5fed0f52e4f8add33c01ef62e040cbe7a7c5",
            "messageTitle": "Add Documentation",
            "messageBody": "",
            "insertions": 33,
            "deletions": 0
          }
        ]
      },
      {
        "insertions": 344,
        "deletions": 17,
        "date": "2020-03-22",
        "commitResults": [
          {
            "hash": "22a8db0793c4c8e4c135028a6fe344538f175d6d",
            "messageTitle": "Remove files",
            "messageBody": "",
            "insertions": 0,
            "deletions": 0
          },
          {
            "hash": "169de061040941badd74216f8353b76a44a048d9",
            "messageTitle": "Remove comma",
            "messageBody": "",
            "insertions": 1,
            "deletions": 1
          },
          {
            "hash": "dd786aeba3e8e619b0213ef12d7d9043cd6eb511",
            "messageTitle": "Add Junit Test for SearchChoreCommand",
            "messageBody": "",
            "insertions": 54,
            "deletions": 0
          },
          {
            "hash": "8cb2b3db55d6f5b6da87c30ea710eba7f93846ed",
            "messageTitle": "Add Junit Test for SearchIngredientCommand",
            "messageBody": "",
            "insertions": 55,
            "deletions": 0
          },
          {
            "hash": "7242aecbeffb5b079710ab277b06f745fc9ad47d",
            "messageTitle": "Add Junit Test for SearchRecipeCommand",
            "messageBody": "",
            "insertions": 71,
            "deletions": 0
          },
          {
            "hash": "c9c87d89264a68ca0eeaf30b530e932a5b16cd9f",
            "messageTitle": "Add Junit test for Search function",
            "messageBody": "",
            "insertions": 6,
            "deletions": 0
          },
          {
            "hash": "afda03fd29677cc8c105b217cb96218f36b74fb8",
            "messageTitle": "Add Logs to Search functionality",
            "messageBody": "",
            "insertions": 25,
            "deletions": 0
          },
          {
            "hash": "55756f13014c01ffb363a4257c073157a05c877a",
            "messageTitle": "Add Assertions",
            "messageBody": "",
            "insertions": 3,
            "deletions": 2
          },
          {
            "hash": "984781361796ce9c1a93aad9854e761020b18416",
            "messageTitle": "Update UserGuide",
            "messageBody": "",
            "insertions": 128,
            "deletions": 13
          },
          {
            "hash": "afc8c0f7637ae5a0c41964d7ada18786ae93ea1f",
            "messageTitle": "Fix spelling",
            "messageBody": "",
            "insertions": 1,
            "deletions": 1
          }
        ]
      },
      {
        "insertions": 15,
        "deletions": 5,
        "date": "2020-03-23",
        "commitResults": [
          {
            "hash": "3a9ade07a462bb18db17f461d809c197e0358611",
            "messageTitle": "Replace \"\\r\\n\" to line separator",
            "messageBody": "",
            "insertions": 15,
            "deletions": 5
          }
        ]
      }
    ],
    "cheongisabella": [
      {
        "insertions": 1,
        "deletions": 1,
        "date": "2020-03-02",
        "commitResults": [
          {
            "hash": "53cd23d3fa903348d9ca4fd92ed55232692716f0",
            "messageTitle": "Update second round",
            "messageBody": "",
            "insertions": 1,
            "deletions": 1
          }
        ]
      },
      {
        "insertions": 174,
        "deletions": 45,
        "date": "2020-03-08",
        "commitResults": [
          {
            "hash": "ce03e5f0cffb0b6d584944a7695cc26e76f03f27",
            "messageTitle": "Add Chore",
            "messageBody": "",
            "insertions": 60,
            "deletions": 3
          },
          {
            "hash": "1b268b603e500ce66104348261896921a51cb08d",
            "messageTitle": "Added Delete chore and Text-ui-test",
            "messageBody": "",
            "insertions": 42,
            "deletions": 13
          },
          {
            "hash": "377395082f701cec4b6ac52f76dec620406e61f6",
            "messageTitle": "Add exceptions",
            "messageBody": "",
            "insertions": 35,
            "deletions": 16
          },
          {
            "hash": "b1d037e5b44e75f518750fd0b3c238523eed1a80",
            "messageTitle": "Add list chore",
            "messageBody": "",
            "insertions": 20,
            "deletions": 3
          },
          {
            "hash": "266e41a4a404a82da03f539e53f669261ebd28c0",
            "messageTitle": "Add exceptions for parsing list",
            "messageBody": "",
            "insertions": 6,
            "deletions": 0
          },
          {
            "hash": "1dd9c9b103f1b6d7cb81a8d398f11f1a2ee44c27",
            "messageTitle": "Edit to pass gradle checkstyle",
            "messageBody": "",
            "insertions": 10,
            "deletions": 10
          },
          {
            "hash": "9168f6e7c7f4a028678150afd3756da7c6a45875",
            "messageTitle": "edit gradle checkstyle",
            "messageBody": "",
            "insertions": 1,
            "deletions": 0
          }
        ]
      },
      {
        "insertions": 225,
        "deletions": 180,
        "date": "2020-03-14",
        "commitResults": [
          {
            "hash": "ecff9f59163421fa5312fb4be238fc3b3e4a7d56",
            "messageTitle": "Add addchore",
            "messageBody": "",
            "insertions": 50,
            "deletions": 24
          },
          {
            "hash": "d69c49760a409505fd5f7f32f3b1b7b7cd7a3442",
            "messageTitle": "Add deletechore",
            "messageBody": "",
            "insertions": 45,
            "deletions": 136
          },
          {
            "hash": "3026a16a8396d29f538ca62ecf624ecb2a3cd323",
            "messageTitle": "Add exceptions to addchore and deletechore",
            "messageBody": "",
            "insertions": 23,
            "deletions": 3
          },
          {
            "hash": "6c24f9a6eaf709e0b76545239046ff58f2e3c9a7",
            "messageTitle": "Add listchore",
            "messageBody": "",
            "insertions": 36,
            "deletions": 17
          },
          {
            "hash": "d8302caee3290baea5c44ee05cd007c1a136dd7d",
            "messageTitle": "Add javadoc headers for addchore, deletechore, listchore",
            "messageBody": "",
            "insertions": 71,
            "deletions": 0
          }
        ]
      },
      {
        "insertions": 124,
        "deletions": 10,
        "date": "2020-03-15",
        "commitResults": [
          {
            "hash": "e6d7a3338bfa65416559bac6d4935d05fb2902e7",
            "messageTitle": "Add JUnit tests",
            "messageBody": "",
            "insertions": 117,
            "deletions": 5
          },
          {
            "hash": "be5249a6637712254dc782a7478c8d8489ccf546",
            "messageTitle": "Add gradle checkstyle",
            "messageBody": "",
            "insertions": 7,
            "deletions": 5
          }
        ]
      },
      {
        "insertions": 108,
        "deletions": 17,
        "date": "2020-03-22",
        "commitResults": [
          {
            "hash": "7b3ef9af86e5e7616cc28b29c01f087c3be43f3e",
            "messageTitle": "add DoneCommand",
            "messageBody": "",
            "insertions": 64,
            "deletions": 16
          },
          {
            "hash": "2700d9b540f8212856ab09bc1953b164ff2482c4",
            "messageTitle": "Add JUnit and gradle checkstyle",
            "messageBody": "",
            "insertions": 44,
            "deletions": 1
          }
        ]
      }
    ],
    "alwayshuizhen": [
      {
        "insertions": 1,
        "deletions": 1,
        "date": "2020-03-02",
        "commitResults": [
          {
            "hash": "be3330b4dd25f216c59e00a7908854e4eef147e7",
            "messageTitle": "edited AboutUs",
            "messageBody": "",
            "insertions": 1,
            "deletions": 1
          }
        ]
      },
      {
        "insertions": 212,
        "deletions": 36,
        "date": "2020-03-04",
        "commitResults": [
          {
            "hash": "08ddd1d799776a63445b727a30334207a47a234d",
            "messageTitle": "added creation of recipes with exception handling",
            "messageBody": "",
            "insertions": 210,
            "deletions": 36
          },
          {
            "hash": "b8469200c5de4cc3e1dce0a1fea2b68b9951f45d",
            "messageTitle": "added text-ui-testing",
            "messageBody": "",
            "insertions": 2,
            "deletions": 0
          }
        ]
      },
      {
        "insertions": 83,
        "deletions": 16,
        "date": "2020-03-05",
        "commitResults": [
          {
            "hash": "46c751d4ad62e95f01e3bea4335d169c01ba9f36",
            "messageTitle": "checked and revised with gradle styleTest",
            "messageBody": "",
            "insertions": 83,
            "deletions": 16
          }
        ]
      },
      {
        "insertions": 0,
        "deletions": 2,
        "date": "2020-03-06",
        "commitResults": [
          {
            "hash": "37e228efa016b6b9a6fff38281c571fb8e654da6",
            "messageTitle": "attempt to resolve autoscript issue in redirection 2",
            "messageBody": "",
            "insertions": 0,
            "deletions": 2
          }
        ]
      },
      {
        "insertions": 1,
        "deletions": 0,
        "date": "2020-03-07",
        "commitResults": [
          {
            "hash": "866e5160c0569a0be5e5a40905d26bb3a7d49484",
            "messageTitle": "added missing recipe to main arrayList",
            "messageBody": "",
            "insertions": 1,
            "deletions": 0
          }
        ]
      },
      {
        "insertions": 62,
        "deletions": 27,
        "date": "2020-03-11",
        "commitResults": [
          {
            "hash": "0210a42c626feeb26f313d73da1a092827fe427e",
            "messageTitle": "refactoring AddCommand to AddRecipeCommand",
            "messageBody": "",
            "insertions": 0,
            "deletions": 0
          },
          {
            "hash": "c1414d4c3cc043b27d8774846d9a429ac9adee4b",
            "messageTitle": "refactoring AddCommand to AddRecipeCommand",
            "messageBody": "",
            "insertions": 13,
            "deletions": 15
          },
          {
            "hash": "2c88aeeb2348e9fef37f993ae4cbd210f0a79f2c",
            "messageTitle": "removed code",
            "messageBody": "",
            "insertions": 0,
            "deletions": 6
          },
          {
            "hash": "7e2697f59016767595abc991a39ac704211a601c",
            "messageTitle": "removed input",
            "messageBody": "",
            "insertions": 0,
            "deletions": 1
          },
          {
            "hash": "4ec869652d73b0e739dea81a9fd123bd8b7231e5",
            "messageTitle": "added JUnit tests",
            "messageBody": "",
            "insertions": 47,
            "deletions": 1
          },
          {
            "hash": "165b3a7cbc2d8bddc90eb7aa5db81a8cafa4bb0a",
            "messageTitle": "Junit - fixed Gradle Errors",
            "messageBody": "",
            "insertions": 2,
            "deletions": 3
          },
          {
            "hash": "edab4952a73b918599925eaca6842e692a1a7d92",
            "messageTitle": "Junit - fixed IO Errors",
            "messageBody": "",
            "insertions": 0,
            "deletions": 1
          }
        ]
      },
      {
        "insertions": 8,
        "deletions": 28,
        "date": "2020-03-12",
        "commitResults": [
          {
            "hash": "d65a87a4091f6f3c309eb7cfaa699ba4eb219414",
            "messageTitle": "refactor to single-word command",
            "messageBody": "",
            "insertions": 8,
            "deletions": 28
          }
        ]
      },
      {
        "insertions": 85,
        "deletions": 21,
        "date": "2020-03-13",
        "commitResults": [
          {
            "hash": "3f433578c742697c736a480d828064cf033f95d8",
            "messageTitle": "Logging for addition to recipe",
            "messageBody": "",
            "insertions": 47,
            "deletions": 5
          },
          {
            "hash": "b33b960101bbff97a3bd103767f1126153e695c1",
            "messageTitle": "Assertion and exceptions handled for addition to recipe",
            "messageBody": "",
            "insertions": 18,
            "deletions": 2
          },
          {
            "hash": "8861b943ca84e68a00111d1e7be9fa3a110a9091",
            "messageTitle": "fixed styling errors",
            "messageBody": "",
            "insertions": 20,
            "deletions": 14
          }
        ]
      },
      {
        "insertions": 108,
        "deletions": 75,
        "date": "2020-03-15",
        "commitResults": [
          {
            "hash": "9bc66b784be97e05b023668490952210a2b97dc0",
            "messageTitle": "fixed multiple log files bug",
            "messageBody": "",
            "insertions": 4,
            "deletions": 3
          },
          {
            "hash": "1c33f1f4f3e60dfd4e7d71cbdc2b93a4512d54e9",
            "messageTitle": "Added missing general JavaDocs",
            "messageBody": "",
            "insertions": 95,
            "deletions": 63
          },
          {
            "hash": "5ed857766a10d4a517f4aa8286c846836d9d3a07",
            "messageTitle": "minor spelling",
            "messageBody": "",
            "insertions": 9,
            "deletions": 9
          }
        ]
      },
      {
        "insertions": 34,
        "deletions": 9,
        "date": "2020-03-20",
        "commitResults": [
          {
            "hash": "41065af49432754a12df7ceed7dc679736b95f6f",
            "messageTitle": "Added exception to catch block for missing values in addRecipe",
            "messageBody": "",
            "insertions": 1,
            "deletions": 1
          },
          {
            "hash": "38560fa3ccb646168e5c0241da8b3e1e1b1a0cf0",
            "messageTitle": "added validation for recipe name",
            "messageBody": "",
            "insertions": 26,
            "deletions": 8
          },
          {
            "hash": "7219af01184a021c269015778150fae594a5eb3d",
            "messageTitle": "JavaDocs for new functions",
            "messageBody": "",
            "insertions": 7,
            "deletions": 0
          }
        ]
      },
      {
        "insertions": 153,
        "deletions": 18,
        "date": "2020-03-23",
        "commitResults": [
          {
            "hash": "7770dba4f7c56bb7569935b122c1d6a44ca26b0b",
            "messageTitle": "user guide for addrecipe and minor spacing issue",
            "messageBody": "",
            "insertions": 28,
            "deletions": 1
          },
          {
            "hash": "d7f5d18c41ee5da73101ff4a7b3ece218e9ce17f",
            "messageTitle": "developer guide\u0027s skeleton done",
            "messageBody": "",
            "insertions": 32,
            "deletions": 11
          },
          {
            "hash": "8e81eb413a62a70726ac409a425765249ab37585",
            "messageTitle": "Edits to skeleton",
            "messageBody": "",
            "insertions": 11,
            "deletions": 3
          },
          {
            "hash": "2891f3b50ec81447fa67404d21999848b441172c",
            "messageTitle": "DG: Logging done",
            "messageBody": "",
            "insertions": 23,
            "deletions": 0
          },
          {
            "hash": "e8f046a1532c9394af41893df1154337743fa541",
            "messageTitle": "DG: general appendix info",
            "messageBody": "",
            "insertions": 3,
            "deletions": 2
          },
          {
            "hash": "fb5f8b1c9eddcdc534afd1a4485747eff45ea275",
            "messageTitle": "DG: content table added",
            "messageBody": "",
            "insertions": 35,
            "deletions": 0
          },
          {
            "hash": "c68dc5e66a79108d7209ffcfe5c507a64381801e",
            "messageTitle": "DG: author",
            "messageBody": "",
            "insertions": 2,
            "deletions": 0
          },
          {
            "hash": "25bf15c99d1b68020476329eedc4fa6e539b5d2b",
            "messageTitle": "DG: edits to Logging",
            "messageBody": "",
            "insertions": 3,
            "deletions": 1
          },
          {
            "hash": "81cc5ed9c4ed998aa803ad8426c01a7211c9b64e",
            "messageTitle": "DG: addrecipecommand done",
            "messageBody": "",
            "insertions": 16,
            "deletions": 0
          }
        ]
      }
    ],
    "JensonWee": [
      {
        "insertions": 1,
        "deletions": 1,
        "date": "2020-03-02",
        "commitResults": [
          {
            "hash": "708f3bf39df0d15053b5302a83f0eff65320bea9",
            "messageTitle": "Update on AboutUs",
            "messageBody": "",
            "insertions": 1,
            "deletions": 1
          }
        ]
      },
      {
        "insertions": 135,
        "deletions": 42,
        "date": "2020-03-08",
        "commitResults": [
          {
            "hash": "378c2b6a61cc2ff8a81df1ff31aa903c0c7ee0be",
            "messageTitle": "Add ListRecipe \u0026 ListIngredient function",
            "messageBody": "",
            "insertions": 88,
            "deletions": 9
          },
          {
            "hash": "70be2eba5bf40341f13e134328f3c0192509f27f",
            "messageTitle": "Update the itemNUmber counter",
            "messageBody": "",
            "insertions": 1,
            "deletions": 1
          },
          {
            "hash": "274239adee85a069066d2b882342172a898badf1",
            "messageTitle": "Fix checkstyle issues",
            "messageBody": "",
            "insertions": 39,
            "deletions": 25
          },
          {
            "hash": "22c6ac8aa26ce1fabc09ef0546eafe5af415cd79",
            "messageTitle": "Fix String to Int function",
            "messageBody": "",
            "insertions": 1,
            "deletions": 1
          },
          {
            "hash": "975d2f55ee39f54a3213d5469adc61d864394c2b",
            "messageTitle": "Fixed String suggested by zihui",
            "messageBody": "",
            "insertions": 2,
            "deletions": 2
          },
          {
            "hash": "2dc17863890f790bfbd922885fe8732fb2219454",
            "messageTitle": "Fixed errror encountered",
            "messageBody": "",
            "insertions": 4,
            "deletions": 4
          }
        ]
      },
      {
        "insertions": 92,
        "deletions": 2,
        "date": "2020-03-09",
        "commitResults": [
          {
            "hash": "f724b1acd12b649f93426066fc5ed4a2adf838d6",
            "messageTitle": "Update Parser.java",
            "messageBody": "",
            "insertions": 1,
            "deletions": 1
          },
          {
            "hash": "57a2e909770e5a4fd1d9848afc0d6cdb0ea0c39a",
            "messageTitle": "Update Parser.java",
            "messageBody": "",
            "insertions": 1,
            "deletions": 1
          },
          {
            "hash": "63360dd8490e26dc8b494f1c8ef4b0ca8e8de183",
            "messageTitle": "JUnit test for ListCommand",
            "messageBody": "",
            "insertions": 90,
            "deletions": 0
          }
        ]
      },
      {
        "insertions": 284,
        "deletions": 170,
        "date": "2020-03-14",
        "commitResults": [
          {
            "hash": "e17cab104542d830a4b2b6bd1243b967e8e1f4a1",
            "messageTitle": "Update on listIngredient",
            "messageBody": "",
            "insertions": 114,
            "deletions": 132
          },
          {
            "hash": "27a4c6e843be44e07847f1d06f393ea1e0e05623",
            "messageTitle": "Update for ListRecipe",
            "messageBody": "",
            "insertions": 161,
            "deletions": 36
          },
          {
            "hash": "a2603f8982ee25a61c582fa956f1b1f9e2fc4756",
            "messageTitle": "Fix coding standard issues",
            "messageBody": "",
            "insertions": 9,
            "deletions": 2
          }
        ]
      },
      {
        "insertions": 229,
        "deletions": 185,
        "date": "2020-03-15",
        "commitResults": [
          {
            "hash": "e44e974699b61cd23689ebf5f1cd8e4ee503bbd3",
            "messageTitle": "listChore add on",
            "messageBody": "",
            "insertions": 75,
            "deletions": 4
          },
          {
            "hash": "aca07179bcd102a0ace3a917f5ce257795b4f0dc",
            "messageTitle": "Fix inputtest errors",
            "messageBody": "",
            "insertions": 5,
            "deletions": 5
          },
          {
            "hash": "14f8320daa85f34fe5854e9bed6e477c1749db2e",
            "messageTitle": "Resolve conflict",
            "messageBody": "",
            "insertions": 73,
            "deletions": 126
          },
          {
            "hash": "d7ed1487cafe389d02d36784d9c6eca4664ad961",
            "messageTitle": "Fix conflict",
            "messageBody": "",
            "insertions": 27,
            "deletions": 0
          },
          {
            "hash": "2e7c341df9ef9a561ce91513ba5e04d237b66389",
            "messageTitle": "Fix gradlew checkstylemain error",
            "messageBody": "",
            "insertions": 1,
            "deletions": 0
          },
          {
            "hash": "e0f24976e3090a5e75af968cd5d13cca565ac4e3",
            "messageTitle": "Fix runtest issue",
            "messageBody": "",
            "insertions": 10,
            "deletions": 24
          },
          {
            "hash": "b3c0ac0faafba197c3bbd7c3a1bd1fa5e4310256",
            "messageTitle": "Add back test data for Storage",
            "messageBody": "",
            "insertions": 14,
            "deletions": 6
          },
          {
            "hash": "9bfa3a71d95fc8a2c0533de9850d3ca79a8d0839",
            "messageTitle": "Fix checkstyletest",
            "messageBody": "",
            "insertions": 2,
            "deletions": 1
          },
          {
            "hash": "a64c8f372c58bcc23d41aea2f82349da09a8cda9",
            "messageTitle": "trying to fix macos runtest",
            "messageBody": "",
            "insertions": 4,
            "deletions": 4
          },
          {
            "hash": "4733c4c477ce473aeb4d039c84fc39591afa5416",
            "messageTitle": "Attempt to fix runtest for macos",
            "messageBody": "",
            "insertions": 8,
            "deletions": 8
          },
          {
            "hash": "618a8b867a537ba32b4cc84fa1766991bbbe650e",
            "messageTitle": "Attempt to fix runtest 2",
            "messageBody": "",
            "insertions": 1,
            "deletions": 0
          },
          {
            "hash": "12732c934e680910cfae0cd235f4fd50a77a26c4",
            "messageTitle": "Remove null field to test runtest",
            "messageBody": "",
            "insertions": 1,
            "deletions": 1
          },
          {
            "hash": "87bc48f51d47968929c15052f55f23c2f5f69b93",
            "messageTitle": "Convert doubles to string",
            "messageBody": "",
            "insertions": 1,
            "deletions": 1
          },
          {
            "hash": "2bab37b5f31ccb38f2817ab3199f9edd07cfc44f",
            "messageTitle": "Attempt 4",
            "messageBody": "",
            "insertions": 7,
            "deletions": 5
          }
        ]
      },
      {
        "insertions": 14,
        "deletions": 7,
        "date": "2020-03-16",
        "commitResults": [
          {
            "hash": "ef776df851c59291eefa02e638aa7eb46772e1da",
            "messageTitle": "Final attempt",
            "messageBody": "",
            "insertions": 4,
            "deletions": 3
          },
          {
            "hash": "7f64713d80ffd542f63ce5255cdc1de9b17a9a0e",
            "messageTitle": "Final attempt + fix checkstylemain",
            "messageBody": "",
            "insertions": 1,
            "deletions": 1
          },
          {
            "hash": "1acebdd0b98cd0a9164fb7bc49616a5e9a16a2fa",
            "messageTitle": "Super last attempt on fixing runtest for Unix + Window",
            "messageBody": "",
            "insertions": 9,
            "deletions": 3
          }
        ]
      },
      {
        "insertions": 59,
        "deletions": 1,
        "date": "2020-03-21",
        "commitResults": [
          {
            "hash": "86e5b197946bc13361de73e7f5d33e899db41830",
            "messageTitle": "Fix input.txt",
            "messageBody": "",
            "insertions": 5,
            "deletions": 0
          },
          {
            "hash": "64e7869fa1efb3cc22a3dae79d3ab57b56129fab",
            "messageTitle": "AutoSort added into addIngredient and Recipe\u0027s Add ingredient to arraylist",
            "messageBody": "",
            "insertions": 54,
            "deletions": 1
          }
        ]
      }
    ]
  },
  "authorFinalContributionMap": {
    "zi-hui": 460,
    "yantingsanity": 651,
    "jinfayap": 1392,
    "cheongisabella": 486,
    "alwayshuizhen": 582,
    "JensonWee": 407
  },
  "authorFileTypeContributionMap": {
    "zi-hui": {
      "java": 458,
      "md": 1,
      "fxml": 0,
      "sh": 0,
      "bat": 0,
      "gradle": 0,
      "txt": 1
    },
    "yantingsanity": {
      "java": 609,
      "md": 34,
      "fxml": 0,
      "sh": 0,
      "bat": 0,
      "gradle": 0,
      "txt": 8
    },
    "jinfayap": {
      "java": 1257,
      "md": 120,
      "fxml": 0,
      "sh": 0,
      "bat": 0,
      "gradle": 4,
      "txt": 11
    },
    "cheongisabella": {
      "java": 479,
      "md": 4,
      "fxml": 0,
      "sh": 0,
      "bat": 0,
      "gradle": 0,
      "txt": 3
    },
    "alwayshuizhen": {
      "java": 440,
      "md": 141,
      "fxml": 0,
      "sh": 0,
      "bat": 0,
      "gradle": 0,
      "txt": 1
    },
    "JensonWee": {
      "java": 383,
      "md": 0,
      "fxml": 0,
      "sh": 0,
      "bat": 0,
      "gradle": 0,
      "txt": 24
    }
  },
  "authorContributionVariance": {
    "zi-hui": 11716.809,
    "yantingsanity": 25311.953,
    "jinfayap": 27894.537,
    "cheongisabella": 9196.425,
    "alwayshuizhen": 4982.1514,
    "JensonWee": 15512.896
  },
  "authorDisplayNameMap": {
    "zi-hui": "CS2113T-M16-2 NG Z.. HUI",
    "yantingsanity": "CS2113T-M16-2 LIM ..TING",
    "jinfayap": "CS2113T-M16-2 YAP ..N FA",
    "cheongisabella": "CS2113T-M16-2 ISAB..XUAN",
    "alwayshuizhen": "CS2113T-M16-2 CHAN..ZHEN",
    "JensonWee": "CS2113T-M16-2 WEE ..XING"
  }
}
