{
  "authorDailyContributionsMap": {
    "zi-hui": [
      {
        "insertions": 1,
        "deletions": 1,
        "date": "2020-03-02",
        "commitResults": [
          {
            "hash": "aca89207b9ad1033d18909d054037648aef62886",
            "messageTitle": "adding name to AboutUs.md",
            "messageBody": "",
            "insertions": 1,
            "deletions": 1
          }
        ]
      }
    ],
    "yantingsanity": [
      {
        "insertions": 2,
        "deletions": 1,
        "date": "2020-03-02",
        "commitResults": [
          {
            "hash": "3c39eb6c2ccbae98d3d98df9459a9102f90ea7c4",
            "messageTitle": "edited in AboutUs page",
            "messageBody": "",
            "insertions": 2,
            "deletions": 1
          }
        ]
      },
      {
        "insertions": 229,
        "deletions": 0,
        "date": "2020-03-03",
        "commitResults": [
          {
            "hash": "8cbdfb20f34d2d326cdb4179c03f5eca8dcbce28",
            "messageTitle": "Added base skeleton",
            "messageBody": "",
            "insertions": 229,
            "deletions": 0
          }
        ]
      },
      {
        "insertions": 225,
        "deletions": 49,
        "date": "2020-03-07",
        "commitResults": [
          {
            "hash": "e36efaeef387828eb46f31c00e45508dbb823c3a",
            "messageTitle": "Added in the deletion of recipe and ingredients",
            "messageBody": "",
            "insertions": 201,
            "deletions": 34
          },
          {
            "hash": "80ae8f93470fe010df98a6c22bce1351c81df3a9",
            "messageTitle": "made some style changes",
            "messageBody": "",
            "insertions": 12,
            "deletions": 12
          },
          {
            "hash": "2857781bd47d55d18c32a7c6546384b133219994",
            "messageTitle": "made some style changes",
            "messageBody": "",
            "insertions": 12,
            "deletions": 3
          }
        ]
      },
      {
        "insertions": 9,
        "deletions": 9,
        "date": "2020-03-08",
        "commitResults": [
          {
            "hash": "3847bfe8818976a569418d309630ef93d82e5130",
            "messageTitle": "fixed delete bug",
            "messageBody": "",
            "insertions": 8,
            "deletions": 5
          },
          {
            "hash": "b2113c6a92cc2a1b43226c22d11e4de98cfcf149",
            "messageTitle": "fixed styling error",
            "messageBody": "",
            "insertions": 1,
            "deletions": 4
          }
        ]
      }
    ],
    "jinfayap": [
      {
        "insertions": 1,
        "deletions": 1,
        "date": "2020-03-02",
        "commitResults": [
          {
            "hash": "4a7a3627fd9de8538729d167f7c19053bad8996f",
            "messageTitle": "Add AboutMe Info",
            "messageBody": "",
            "insertions": 1,
            "deletions": 1
          }
        ]
      },
      {
        "insertions": 484,
        "deletions": 212,
        "date": "2020-03-03",
        "commitResults": [
          {
            "hash": "68ef1cea670e26a729c0163274c63e05d2d5f51d",
            "messageTitle": "Add Skeleton Program",
            "messageBody": "",
            "insertions": 484,
            "deletions": 211
          },
          {
            "hash": "1a1b8a3835b2614c32bd96f4173c53a6e65c6804",
            "messageTitle": "Empty TextUiTesting",
            "messageBody": "",
            "insertions": 0,
            "deletions": 1
          }
        ]
      },
      {
        "insertions": 218,
        "deletions": 17,
        "date": "2020-03-06",
        "commitResults": [
          {
            "hash": "68c6de50a723de447a12e494eda77206201d2c8a",
            "messageTitle": "Update mainClassName",
            "messageBody": "",
            "insertions": 3,
            "deletions": 3
          },
          {
            "hash": "bf61b0fc8d6e53eaafa5a453c18212d09f94993e",
            "messageTitle": "Update Recipe TextUiTesting",
            "messageBody": "",
            "insertions": 2,
            "deletions": 0
          },
          {
            "hash": "beddb6eee31ff58ed8a8d4ff6e76dc560c975d19",
            "messageTitle": "Add Ingredient word",
            "messageBody": "",
            "insertions": 14,
            "deletions": 0
          },
          {
            "hash": "5e7935d161f3e697fef6e5d0988fb90420fa3615",
            "messageTitle": "Fix spelling error",
            "messageBody": "",
            "insertions": 1,
            "deletions": 1
          },
          {
            "hash": "99efba4f276c07d1abdd523fac008ded3f2d95bd",
            "messageTitle": "Update Add inventory TextuiTesting",
            "messageBody": "",
            "insertions": 4,
            "deletions": 0
          },
          {
            "hash": "abad8f706b7aeb27a16cb7e5d61bc4c70e1e645d",
            "messageTitle": "Update Parser for Add Inventory",
            "messageBody": "",
            "insertions": 56,
            "deletions": 1
          },
          {
            "hash": "ac9f146a517c70044a352da45eabd0a7a2a4cb79",
            "messageTitle": "Add AddInventoryCommand Class for add inventory function",
            "messageBody": "",
            "insertions": 102,
            "deletions": 0
          },
          {
            "hash": "e8389f616c0f8f3f8d9d34477f4bfc459494c013",
            "messageTitle": "Update InvalidCommand functionality",
            "messageBody": "",
            "insertions": 32,
            "deletions": 3
          },
          {
            "hash": "e31eb2a0fb2bd7c1a451f4e3a0e4dc49e796271a",
            "messageTitle": "Remove Dead import code",
            "messageBody": "",
            "insertions": 1,
            "deletions": 6
          },
          {
            "hash": "4af0fee913148949f43de479fd7f4987dd1d854c",
            "messageTitle": "Refactor, Change Function Declaration",
            "messageBody": "",
            "insertions": 2,
            "deletions": 2
          },
          {
            "hash": "7456826c39775d13380e58ad513562342fa29d97",
            "messageTitle": "Change access modifier to private",
            "messageBody": "",
            "insertions": 1,
            "deletions": 1
          }
        ]
      }
    ],
    "cheongisabella": [
      {
        "insertions": 1,
        "deletions": 1,
        "date": "2020-03-02",
        "commitResults": [
          {
            "hash": "53cd23d3fa903348d9ca4fd92ed55232692716f0",
            "messageTitle": "Update second round",
            "messageBody": "",
            "insertions": 1,
            "deletions": 1
          }
        ]
      }
    ],
    "alwayshuizhen": [
      {
        "insertions": 1,
        "deletions": 1,
        "date": "2020-03-02",
        "commitResults": [
          {
            "hash": "be3330b4dd25f216c59e00a7908854e4eef147e7",
            "messageTitle": "edited AboutUs",
            "messageBody": "",
            "insertions": 1,
            "deletions": 1
          }
        ]
      },
      {
        "insertions": 212,
        "deletions": 36,
        "date": "2020-03-04",
        "commitResults": [
          {
            "hash": "08ddd1d799776a63445b727a30334207a47a234d",
            "messageTitle": "added creation of recipes with exception handling",
            "messageBody": "",
            "insertions": 210,
            "deletions": 36
          },
          {
            "hash": "b8469200c5de4cc3e1dce0a1fea2b68b9951f45d",
            "messageTitle": "added text-ui-testing",
            "messageBody": "",
            "insertions": 2,
            "deletions": 0
          }
        ]
      },
      {
        "insertions": 83,
        "deletions": 16,
        "date": "2020-03-05",
        "commitResults": [
          {
            "hash": "46c751d4ad62e95f01e3bea4335d169c01ba9f36",
            "messageTitle": "checked and revised with gradle styleTest",
            "messageBody": "",
            "insertions": 83,
            "deletions": 16
          }
        ]
      },
      {
        "insertions": 0,
        "deletions": 2,
        "date": "2020-03-06",
        "commitResults": [
          {
            "hash": "37e228efa016b6b9a6fff38281c571fb8e654da6",
            "messageTitle": "attempt to resolve autoscript issue in redirection 2",
            "messageBody": "",
            "insertions": 0,
            "deletions": 2
          }
        ]
      },
      {
        "insertions": 1,
        "deletions": 0,
        "date": "2020-03-07",
        "commitResults": [
          {
            "hash": "866e5160c0569a0be5e5a40905d26bb3a7d49484",
            "messageTitle": "added missing recipe to main arrayList",
            "messageBody": "",
            "insertions": 1,
            "deletions": 0
          }
        ]
      }
    ],
    "JensonWee": [
      {
        "insertions": 1,
        "deletions": 1,
        "date": "2020-03-02",
        "commitResults": [
          {
            "hash": "708f3bf39df0d15053b5302a83f0eff65320bea9",
            "messageTitle": "Update on AboutUs",
            "messageBody": "",
            "insertions": 1,
            "deletions": 1
          }
        ]
      }
    ]
  },
  "authorFinalContributionMap": {
    "zi-hui": 1,
    "yantingsanity": 239,
    "jinfayap": 645,
    "cheongisabella": 4,
    "alwayshuizhen": 257,
    "JensonWee": 0
  },
  "authorFileTypeContributionMap": {
    "zi-hui": {
      "java": 0,
      "md": 1,
      "fxml": 0,
      "sh": 0,
      "bat": 0,
      "gradle": 0,
      "txt": 0
    },
    "yantingsanity": {
      "java": 234,
      "md": 2,
      "fxml": 0,
      "sh": 0,
      "bat": 0,
      "gradle": 0,
      "txt": 3
    },
    "jinfayap": {
      "java": 636,
      "md": 0,
      "fxml": 0,
      "sh": 0,
      "bat": 0,
      "gradle": 3,
      "txt": 6
    },
    "cheongisabella": {
      "java": 0,
      "md": 4,
      "fxml": 0,
      "sh": 0,
      "bat": 0,
      "gradle": 0,
      "txt": 0
    },
    "alwayshuizhen": {
      "java": 257,
      "md": 0,
      "fxml": 0,
      "sh": 0,
      "bat": 0,
      "gradle": 0,
      "txt": 0
    },
    "JensonWee": {
      "java": 0,
      "md": 0,
      "fxml": 0,
      "sh": 0,
      "bat": 0,
      "gradle": 0,
      "txt": 0
    }
  },
  "authorContributionVariance": {
    "zi-hui": 0.4375,
    "yantingsanity": 11691.0,
    "jinfayap": 53854.227,
    "cheongisabella": 0.4375,
    "alwayshuizhen": 6978.25,
    "JensonWee": 0.4375
  },
  "authorDisplayNameMap": {
    "zi-hui": "CS2113T-M16-2 NG Z.. HUI",
    "yantingsanity": "CS2113T-M16-2 LIM ..TING",
    "jinfayap": "CS2113T-M16-2 YAP ..N FA",
    "cheongisabella": "CS2113T-M16-2 ISAB..XUAN",
    "alwayshuizhen": "CS2113T-M16-2 CHAN..ZHEN",
    "JensonWee": "CS2113T-M16-2 WEE ..XING"
  }
}
