{
  "authorDailyContributionsMap": {
    "zi-hui": [
      {
        "insertions": 1,
        "deletions": 1,
        "date": "2020-03-02",
        "commitResults": [
          {
            "hash": "aca89207b9ad1033d18909d054037648aef62886",
            "messageTitle": "adding name to AboutUs.md",
            "messageBody": "",
            "insertions": 1,
            "deletions": 1
          }
        ]
      },
      {
        "insertions": 184,
        "deletions": 23,
        "date": "2020-03-07",
        "commitResults": [
          {
            "hash": "a7e2a27673070a111ff1aa709b4569cf3056f528",
            "messageTitle": "add storage function for ingredients",
            "messageBody": "",
            "insertions": 132,
            "deletions": 1
          },
          {
            "hash": "0e8f88199a2c76e6f7a617d4852c429f0ef07b3d",
            "messageTitle": "Minor edits to pass checkstyle",
            "messageBody": "",
            "insertions": 52,
            "deletions": 22
          }
        ]
      },
      {
        "insertions": 55,
        "deletions": 39,
        "date": "2020-03-08",
        "commitResults": [
          {
            "hash": "41fdfc38617c5cd559174614cfebfdb2016162ec",
            "messageTitle": "minor changes to Storage",
            "messageBody": "",
            "insertions": 55,
            "deletions": 39
          }
        ]
      }
    ],
    "yantingsanity": [
      {
        "insertions": 2,
        "deletions": 1,
        "date": "2020-03-02",
        "commitResults": [
          {
            "hash": "3c39eb6c2ccbae98d3d98df9459a9102f90ea7c4",
            "messageTitle": "edited in AboutUs page",
            "messageBody": "",
            "insertions": 2,
            "deletions": 1
          }
        ]
      },
      {
        "insertions": 229,
        "deletions": 0,
        "date": "2020-03-03",
        "commitResults": [
          {
            "hash": "8cbdfb20f34d2d326cdb4179c03f5eca8dcbce28",
            "messageTitle": "Added base skeleton",
            "messageBody": "",
            "insertions": 229,
            "deletions": 0
          }
        ]
      },
      {
        "insertions": 225,
        "deletions": 49,
        "date": "2020-03-07",
        "commitResults": [
          {
            "hash": "e36efaeef387828eb46f31c00e45508dbb823c3a",
            "messageTitle": "Added in the deletion of recipe and ingredients",
            "messageBody": "",
            "insertions": 201,
            "deletions": 34
          },
          {
            "hash": "80ae8f93470fe010df98a6c22bce1351c81df3a9",
            "messageTitle": "made some style changes",
            "messageBody": "",
            "insertions": 12,
            "deletions": 12
          },
          {
            "hash": "2857781bd47d55d18c32a7c6546384b133219994",
            "messageTitle": "made some style changes",
            "messageBody": "",
            "insertions": 12,
            "deletions": 3
          }
        ]
      },
      {
        "insertions": 9,
        "deletions": 9,
        "date": "2020-03-08",
        "commitResults": [
          {
            "hash": "3847bfe8818976a569418d309630ef93d82e5130",
            "messageTitle": "fixed delete bug",
            "messageBody": "",
            "insertions": 8,
            "deletions": 5
          },
          {
            "hash": "b2113c6a92cc2a1b43226c22d11e4de98cfcf149",
            "messageTitle": "fixed styling error",
            "messageBody": "",
            "insertions": 1,
            "deletions": 4
          }
        ]
      }
    ],
    "jinfayap": [
      {
        "insertions": 1,
        "deletions": 1,
        "date": "2020-03-02",
        "commitResults": [
          {
            "hash": "4a7a3627fd9de8538729d167f7c19053bad8996f",
            "messageTitle": "Add AboutMe Info",
            "messageBody": "",
            "insertions": 1,
            "deletions": 1
          }
        ]
      },
      {
        "insertions": 484,
        "deletions": 212,
        "date": "2020-03-03",
        "commitResults": [
          {
            "hash": "68ef1cea670e26a729c0163274c63e05d2d5f51d",
            "messageTitle": "Add Skeleton Program",
            "messageBody": "",
            "insertions": 484,
            "deletions": 211
          },
          {
            "hash": "1a1b8a3835b2614c32bd96f4173c53a6e65c6804",
            "messageTitle": "Empty TextUiTesting",
            "messageBody": "",
            "insertions": 0,
            "deletions": 1
          }
        ]
      },
      {
        "insertions": 218,
        "deletions": 17,
        "date": "2020-03-06",
        "commitResults": [
          {
            "hash": "68c6de50a723de447a12e494eda77206201d2c8a",
            "messageTitle": "Update mainClassName",
            "messageBody": "",
            "insertions": 3,
            "deletions": 3
          },
          {
            "hash": "bf61b0fc8d6e53eaafa5a453c18212d09f94993e",
            "messageTitle": "Update Recipe TextUiTesting",
            "messageBody": "",
            "insertions": 2,
            "deletions": 0
          },
          {
            "hash": "beddb6eee31ff58ed8a8d4ff6e76dc560c975d19",
            "messageTitle": "Add Ingredient word",
            "messageBody": "",
            "insertions": 14,
            "deletions": 0
          },
          {
            "hash": "5e7935d161f3e697fef6e5d0988fb90420fa3615",
            "messageTitle": "Fix spelling error",
            "messageBody": "",
            "insertions": 1,
            "deletions": 1
          },
          {
            "hash": "99efba4f276c07d1abdd523fac008ded3f2d95bd",
            "messageTitle": "Update Add inventory TextuiTesting",
            "messageBody": "",
            "insertions": 4,
            "deletions": 0
          },
          {
            "hash": "abad8f706b7aeb27a16cb7e5d61bc4c70e1e645d",
            "messageTitle": "Update Parser for Add Inventory",
            "messageBody": "",
            "insertions": 56,
            "deletions": 1
          },
          {
            "hash": "ac9f146a517c70044a352da45eabd0a7a2a4cb79",
            "messageTitle": "Add AddInventoryCommand Class for add inventory function",
            "messageBody": "",
            "insertions": 102,
            "deletions": 0
          },
          {
            "hash": "e8389f616c0f8f3f8d9d34477f4bfc459494c013",
            "messageTitle": "Update InvalidCommand functionality",
            "messageBody": "",
            "insertions": 32,
            "deletions": 3
          },
          {
            "hash": "e31eb2a0fb2bd7c1a451f4e3a0e4dc49e796271a",
            "messageTitle": "Remove Dead import code",
            "messageBody": "",
            "insertions": 1,
            "deletions": 6
          },
          {
            "hash": "4af0fee913148949f43de479fd7f4987dd1d854c",
            "messageTitle": "Refactor, Change Function Declaration",
            "messageBody": "",
            "insertions": 2,
            "deletions": 2
          },
          {
            "hash": "7456826c39775d13380e58ad513562342fa29d97",
            "messageTitle": "Change access modifier to private",
            "messageBody": "",
            "insertions": 1,
            "deletions": 1
          }
        ]
      },
      {
        "insertions": 169,
        "deletions": 18,
        "date": "2020-03-08",
        "commitResults": [
          {
            "hash": "d73f249ee49775f68dc237d897548347a7f48ad3",
            "messageTitle": "Fix minor bugs with user input",
            "messageBody": "",
            "insertions": 6,
            "deletions": 5
          },
          {
            "hash": "d39256ec0f6d11e53e56554ab9bced7b76f6847d",
            "messageTitle": "Changed access modifier to test in JUnit",
            "messageBody": "",
            "insertions": 4,
            "deletions": 4
          },
          {
            "hash": "2d698cbc97e74e065dab212c1c4978d90c8cac8e",
            "messageTitle": "Add documentation and change access modifier for JUnit test",
            "messageBody": "",
            "insertions": 10,
            "deletions": 4
          },
          {
            "hash": "1dae32449a0da0b24f495db590dff284e90652ac",
            "messageTitle": "Add JUnit Tests",
            "messageBody": "",
            "insertions": 144,
            "deletions": 0
          },
          {
            "hash": "e73e4c805539024c5a59577b42e63cd992332ad0",
            "messageTitle": "Add new line at end of file",
            "messageBody": "",
            "insertions": 2,
            "deletions": 2
          },
          {
            "hash": "ab7a39dacc0251213f723f851e4948e662541cc5",
            "messageTitle": "Change String concatenation to StringBuilder",
            "messageBody": "",
            "insertions": 3,
            "deletions": 3
          }
        ]
      }
    ],
    "cheongisabella": [
      {
        "insertions": 1,
        "deletions": 1,
        "date": "2020-03-02",
        "commitResults": [
          {
            "hash": "53cd23d3fa903348d9ca4fd92ed55232692716f0",
            "messageTitle": "Update second round",
            "messageBody": "",
            "insertions": 1,
            "deletions": 1
          }
        ]
      },
      {
        "insertions": 174,
        "deletions": 45,
        "date": "2020-03-08",
        "commitResults": [
          {
            "hash": "ce03e5f0cffb0b6d584944a7695cc26e76f03f27",
            "messageTitle": "Add Chore",
            "messageBody": "",
            "insertions": 60,
            "deletions": 3
          },
          {
            "hash": "1b268b603e500ce66104348261896921a51cb08d",
            "messageTitle": "Added Delete chore and Text-ui-test",
            "messageBody": "",
            "insertions": 42,
            "deletions": 13
          },
          {
            "hash": "377395082f701cec4b6ac52f76dec620406e61f6",
            "messageTitle": "Add exceptions",
            "messageBody": "",
            "insertions": 35,
            "deletions": 16
          },
          {
            "hash": "b1d037e5b44e75f518750fd0b3c238523eed1a80",
            "messageTitle": "Add list chore",
            "messageBody": "",
            "insertions": 20,
            "deletions": 3
          },
          {
            "hash": "266e41a4a404a82da03f539e53f669261ebd28c0",
            "messageTitle": "Add exceptions for parsing list",
            "messageBody": "",
            "insertions": 6,
            "deletions": 0
          },
          {
            "hash": "1dd9c9b103f1b6d7cb81a8d398f11f1a2ee44c27",
            "messageTitle": "Edit to pass gradle checkstyle",
            "messageBody": "",
            "insertions": 10,
            "deletions": 10
          },
          {
            "hash": "9168f6e7c7f4a028678150afd3756da7c6a45875",
            "messageTitle": "edit gradle checkstyle",
            "messageBody": "",
            "insertions": 1,
            "deletions": 0
          }
        ]
      }
    ],
    "alwayshuizhen": [
      {
        "insertions": 1,
        "deletions": 1,
        "date": "2020-03-02",
        "commitResults": [
          {
            "hash": "be3330b4dd25f216c59e00a7908854e4eef147e7",
            "messageTitle": "edited AboutUs",
            "messageBody": "",
            "insertions": 1,
            "deletions": 1
          }
        ]
      },
      {
        "insertions": 212,
        "deletions": 36,
        "date": "2020-03-04",
        "commitResults": [
          {
            "hash": "08ddd1d799776a63445b727a30334207a47a234d",
            "messageTitle": "added creation of recipes with exception handling",
            "messageBody": "",
            "insertions": 210,
            "deletions": 36
          },
          {
            "hash": "b8469200c5de4cc3e1dce0a1fea2b68b9951f45d",
            "messageTitle": "added text-ui-testing",
            "messageBody": "",
            "insertions": 2,
            "deletions": 0
          }
        ]
      },
      {
        "insertions": 83,
        "deletions": 16,
        "date": "2020-03-05",
        "commitResults": [
          {
            "hash": "46c751d4ad62e95f01e3bea4335d169c01ba9f36",
            "messageTitle": "checked and revised with gradle styleTest",
            "messageBody": "",
            "insertions": 83,
            "deletions": 16
          }
        ]
      },
      {
        "insertions": 0,
        "deletions": 2,
        "date": "2020-03-06",
        "commitResults": [
          {
            "hash": "37e228efa016b6b9a6fff38281c571fb8e654da6",
            "messageTitle": "attempt to resolve autoscript issue in redirection 2",
            "messageBody": "",
            "insertions": 0,
            "deletions": 2
          }
        ]
      },
      {
        "insertions": 1,
        "deletions": 0,
        "date": "2020-03-07",
        "commitResults": [
          {
            "hash": "866e5160c0569a0be5e5a40905d26bb3a7d49484",
            "messageTitle": "added missing recipe to main arrayList",
            "messageBody": "",
            "insertions": 1,
            "deletions": 0
          }
        ]
      },
      {
        "insertions": 62,
        "deletions": 27,
        "date": "2020-03-11",
        "commitResults": [
          {
            "hash": "0210a42c626feeb26f313d73da1a092827fe427e",
            "messageTitle": "refactoring AddCommand to AddRecipeCommand",
            "messageBody": "",
            "insertions": 0,
            "deletions": 0
          },
          {
            "hash": "c1414d4c3cc043b27d8774846d9a429ac9adee4b",
            "messageTitle": "refactoring AddCommand to AddRecipeCommand",
            "messageBody": "",
            "insertions": 13,
            "deletions": 15
          },
          {
            "hash": "2c88aeeb2348e9fef37f993ae4cbd210f0a79f2c",
            "messageTitle": "removed code",
            "messageBody": "",
            "insertions": 0,
            "deletions": 6
          },
          {
            "hash": "7e2697f59016767595abc991a39ac704211a601c",
            "messageTitle": "removed input",
            "messageBody": "",
            "insertions": 0,
            "deletions": 1
          },
          {
            "hash": "4ec869652d73b0e739dea81a9fd123bd8b7231e5",
            "messageTitle": "added JUnit tests",
            "messageBody": "",
            "insertions": 47,
            "deletions": 1
          },
          {
            "hash": "165b3a7cbc2d8bddc90eb7aa5db81a8cafa4bb0a",
            "messageTitle": "Junit - fixed Gradle Errors",
            "messageBody": "",
            "insertions": 2,
            "deletions": 3
          },
          {
            "hash": "edab4952a73b918599925eaca6842e692a1a7d92",
            "messageTitle": "Junit - fixed IO Errors",
            "messageBody": "",
            "insertions": 0,
            "deletions": 1
          }
        ]
      },
      {
        "insertions": 8,
        "deletions": 28,
        "date": "2020-03-12",
        "commitResults": [
          {
            "hash": "d65a87a4091f6f3c309eb7cfaa699ba4eb219414",
            "messageTitle": "refactor to single-word command",
            "messageBody": "",
            "insertions": 8,
            "deletions": 28
          }
        ]
      }
    ],
    "JensonWee": [
      {
        "insertions": 1,
        "deletions": 1,
        "date": "2020-03-02",
        "commitResults": [
          {
            "hash": "708f3bf39df0d15053b5302a83f0eff65320bea9",
            "messageTitle": "Update on AboutUs",
            "messageBody": "",
            "insertions": 1,
            "deletions": 1
          }
        ]
      },
      {
        "insertions": 135,
        "deletions": 42,
        "date": "2020-03-08",
        "commitResults": [
          {
            "hash": "378c2b6a61cc2ff8a81df1ff31aa903c0c7ee0be",
            "messageTitle": "Add ListRecipe \u0026 ListIngredient function",
            "messageBody": "",
            "insertions": 88,
            "deletions": 9
          },
          {
            "hash": "70be2eba5bf40341f13e134328f3c0192509f27f",
            "messageTitle": "Update the itemNUmber counter",
            "messageBody": "",
            "insertions": 1,
            "deletions": 1
          },
          {
            "hash": "274239adee85a069066d2b882342172a898badf1",
            "messageTitle": "Fix checkstyle issues",
            "messageBody": "",
            "insertions": 39,
            "deletions": 25
          },
          {
            "hash": "22c6ac8aa26ce1fabc09ef0546eafe5af415cd79",
            "messageTitle": "Fix String to Int function",
            "messageBody": "",
            "insertions": 1,
            "deletions": 1
          },
          {
            "hash": "975d2f55ee39f54a3213d5469adc61d864394c2b",
            "messageTitle": "Fixed String suggested by zihui",
            "messageBody": "",
            "insertions": 2,
            "deletions": 2
          },
          {
            "hash": "2dc17863890f790bfbd922885fe8732fb2219454",
            "messageTitle": "Fixed errror encountered",
            "messageBody": "",
            "insertions": 4,
            "deletions": 4
          }
        ]
      },
      {
        "insertions": 92,
        "deletions": 2,
        "date": "2020-03-09",
        "commitResults": [
          {
            "hash": "f724b1acd12b649f93426066fc5ed4a2adf838d6",
            "messageTitle": "Update Parser.java",
            "messageBody": "",
            "insertions": 1,
            "deletions": 1
          },
          {
            "hash": "57a2e909770e5a4fd1d9848afc0d6cdb0ea0c39a",
            "messageTitle": "Update Parser.java",
            "messageBody": "",
            "insertions": 1,
            "deletions": 1
          },
          {
            "hash": "63360dd8490e26dc8b494f1c8ef4b0ca8e8de183",
            "messageTitle": "JUnit test for ListCommand",
            "messageBody": "",
            "insertions": 90,
            "deletions": 0
          }
        ]
      }
    ]
  },
  "authorFinalContributionMap": {
    "zi-hui": 178,
    "yantingsanity": 241,
    "jinfayap": 783,
    "cheongisabella": 134,
    "alwayshuizhen": 288,
    "JensonWee": 188
  },
  "authorFileTypeContributionMap": {
    "zi-hui": {
      "java": 177,
      "md": 1,
      "fxml": 0,
      "sh": 0,
      "bat": 0,
      "gradle": 0,
      "txt": 0
    },
    "yantingsanity": {
      "java": 236,
      "md": 2,
      "fxml": 0,
      "sh": 0,
      "bat": 0,
      "gradle": 0,
      "txt": 3
    },
    "jinfayap": {
      "java": 775,
      "md": 0,
      "fxml": 0,
      "sh": 0,
      "bat": 0,
      "gradle": 3,
      "txt": 5
    },
    "cheongisabella": {
      "java": 128,
      "md": 4,
      "fxml": 0,
      "sh": 0,
      "bat": 0,
      "gradle": 0,
      "txt": 2
    },
    "alwayshuizhen": {
      "java": 287,
      "md": 0,
      "fxml": 0,
      "sh": 0,
      "bat": 0,
      "gradle": 0,
      "txt": 1
    },
    "JensonWee": {
      "java": 188,
      "md": 0,
      "fxml": 0,
      "sh": 0,
      "bat": 0,
      "gradle": 0,
      "txt": 0
    }
  },
  "authorContributionVariance": {
    "zi-hui": 3669.8542,
    "yantingsanity": 8747.39,
    "jinfayap": 39173.4,
    "cheongisabella": 3657.909,
    "alwayshuizhen": 5130.854,
    "JensonWee": 2829.8542
  },
  "authorDisplayNameMap": {
    "zi-hui": "CS2113T-M16-2 NG Z.. HUI",
    "yantingsanity": "CS2113T-M16-2 LIM ..TING",
    "jinfayap": "CS2113T-M16-2 YAP ..N FA",
    "cheongisabella": "CS2113T-M16-2 ISAB..XUAN",
    "alwayshuizhen": "CS2113T-M16-2 CHAN..ZHEN",
    "JensonWee": "CS2113T-M16-2 WEE ..XING"
  }
}
