[
  {
    "path": "docs/AboutUs.md",
    "fileType": "md",
    "lines": [
      {
        "lineNumber": 1,
        "author": {
          "gitId": "-"
        },
        "content": "# About us"
      },
      {
        "lineNumber": 2,
        "author": {
          "gitId": "-"
        },
        "content": ""
      },
      {
        "lineNumber": 3,
        "author": {
          "gitId": "-"
        },
        "content": "Display | Name | Github Profile | Portfolio "
      },
      {
        "lineNumber": 4,
        "author": {
          "gitId": "-"
        },
        "content": "--------|:----:|:--------------:|:---------:"
      },
      {
        "lineNumber": 5,
        "author": {
          "gitId": "JeremiasLiew"
        },
        "content": ""
      },
      {
        "lineNumber": 6,
        "author": {
          "gitId": "kcubey"
        },
        "content": "![](https://via.placeholder.com/100.png?text\u003dPhoto) | Kezia Kew | [Github](https://github.com/kcubey) | [Portfolio](docs/team/johndoe.md)"
      },
      {
        "lineNumber": 7,
        "author": {
          "gitId": "alexlim510"
        },
        "content": "![](https://via.placeholder.com/100.png?text\u003dPhoto) | Alexander Lim | [Github](https://github.com/alexlim510/) | [Portfolio](docs/team/johndoe.md)"
      },
      {
        "lineNumber": 8,
        "author": {
          "gitId": "Jeremy733"
        },
        "content": "![](https://via.placeholder.com/100.png?text\u003dPhoto) | Yuanfang Zhang | [Github](https://github.com/Jeremy733) | [Portfolio](docs/team/johndoe.md)"
      },
      {
        "lineNumber": 9,
        "author": {
          "gitId": "JeremiasLiew"
        },
        "content": "![](https://via.placeholder.com/100.png?text\u003dPhoto) | Jeremias Liew | [Github](https://github.com/JeremiasLiew) | [Portfolio](docs/team/johndoe.md)"
      }
    ],
    "authorContributionMap": {
      "JeremiasLiew": 2,
      "alexlim510": 1,
      "kcubey": 1,
      "Jeremy733": 1,
      "-": 4
    }
  },
  {
    "path": "src/main/java/seedu/duke/Duke.java",
    "fileType": "java",
    "lines": [
      {
        "lineNumber": 1,
        "author": {
          "gitId": "-"
        },
        "content": "package seedu.duke;"
      },
      {
        "lineNumber": 2,
        "author": {
          "gitId": "-"
        },
        "content": ""
      },
      {
        "lineNumber": 3,
        "author": {
          "gitId": "-"
        },
        "content": "import java.util.Scanner;"
      },
      {
        "lineNumber": 4,
        "author": {
          "gitId": "-"
        },
        "content": ""
      },
      {
        "lineNumber": 5,
        "author": {
          "gitId": "-"
        },
        "content": "public class Duke {"
      },
      {
        "lineNumber": 6,
        "author": {
          "gitId": "-"
        },
        "content": "    /**"
      },
      {
        "lineNumber": 7,
        "author": {
          "gitId": "-"
        },
        "content": "     * Main entry-point for the java.duke.Duke application."
      },
      {
        "lineNumber": 8,
        "author": {
          "gitId": "-"
        },
        "content": "     */"
      },
      {
        "lineNumber": 9,
        "author": {
          "gitId": "kcubey"
        },
        "content": ""
      },
      {
        "lineNumber": 10,
        "author": {
          "gitId": "kcubey"
        },
        "content": "    /**"
      },
      {
        "lineNumber": 11,
        "author": {
          "gitId": "kcubey"
        },
        "content": "     * Prints the greeting message when ESC is started."
      },
      {
        "lineNumber": 12,
        "author": {
          "gitId": "kcubey"
        },
        "content": "     */"
      },
      {
        "lineNumber": 13,
        "author": {
          "gitId": "kcubey"
        },
        "content": "    public static void printGreeting() {"
      },
      {
        "lineNumber": 14,
        "author": {
          "gitId": "kcubey"
        },
        "content": "        String greeting \u003d \"\";"
      },
      {
        "lineNumber": 15,
        "author": {
          "gitId": "kcubey"
        },
        "content": "        String logo \u003d \" ______  _____  _____\\n\""
      },
      {
        "lineNumber": 16,
        "author": {
          "gitId": "kcubey"
        },
        "content": "                    + \"|  ____|/ ____|/ ____|\\n\""
      },
      {
        "lineNumber": 17,
        "author": {
          "gitId": "kcubey"
        },
        "content": "                    + \"| |__  | (___ | |\\n\""
      },
      {
        "lineNumber": 18,
        "author": {
          "gitId": "kcubey"
        },
        "content": "                    + \"|  __|  \\\\___ \\\\| |\\n\""
      },
      {
        "lineNumber": 19,
        "author": {
          "gitId": "kcubey"
        },
        "content": "                    + \"| |____ ____) | |____\\n\""
      },
      {
        "lineNumber": 20,
        "author": {
          "gitId": "kcubey"
        },
        "content": "                    + \"|______|_____/ \\\\_____|\\n\";"
      },
      {
        "lineNumber": 21,
        "author": {
          "gitId": "kcubey"
        },
        "content": "        greeting +\u003d \"Hello from\\n\" + logo;"
      },
      {
        "lineNumber": 22,
        "author": {
          "gitId": "kcubey"
        },
        "content": "        greeting +\u003d \"What is your name?\";"
      },
      {
        "lineNumber": 23,
        "author": {
          "gitId": "kcubey"
        },
        "content": ""
      },
      {
        "lineNumber": 24,
        "author": {
          "gitId": "kcubey"
        },
        "content": "        System.out.println(greeting);"
      },
      {
        "lineNumber": 25,
        "author": {
          "gitId": "kcubey"
        },
        "content": "    }"
      },
      {
        "lineNumber": 26,
        "author": {
          "gitId": "kcubey"
        },
        "content": ""
      },
      {
        "lineNumber": 27,
        "author": {
          "gitId": "kcubey"
        },
        "content": "    /**"
      },
      {
        "lineNumber": 28,
        "author": {
          "gitId": "kcubey"
        },
        "content": "    * Main method."
      },
      {
        "lineNumber": 29,
        "author": {
          "gitId": "kcubey"
        },
        "content": "    */"
      },
      {
        "lineNumber": 30,
        "author": {
          "gitId": "-"
        },
        "content": "    public static void main(String[] args) {"
      },
      {
        "lineNumber": 31,
        "author": {
          "gitId": "kcubey"
        },
        "content": "        printGreeting();"
      },
      {
        "lineNumber": 32,
        "author": {
          "gitId": "-"
        },
        "content": ""
      },
      {
        "lineNumber": 33,
        "author": {
          "gitId": "-"
        },
        "content": "        Scanner in \u003d new Scanner(System.in);"
      },
      {
        "lineNumber": 34,
        "author": {
          "gitId": "-"
        },
        "content": "        System.out.println(\"Hello \" + in.nextLine());"
      },
      {
        "lineNumber": 35,
        "author": {
          "gitId": "-"
        },
        "content": "    }"
      },
      {
        "lineNumber": 36,
        "author": {
          "gitId": "-"
        },
        "content": "}"
      }
    ],
    "authorContributionMap": {
      "kcubey": 22,
      "-": 14
    }
  },
  {
    "path": "src/main/java/seedu/duke/Storage.java",
    "fileType": "java",
    "lines": [
      {
        "lineNumber": 1,
        "author": {
          "gitId": "kcubey"
        },
        "content": "//package seedu.duke;"
      },
      {
        "lineNumber": 2,
        "author": {
          "gitId": "kcubey"
        },
        "content": "//"
      },
      {
        "lineNumber": 3,
        "author": {
          "gitId": "kcubey"
        },
        "content": "//import java.io.*;"
      },
      {
        "lineNumber": 4,
        "author": {
          "gitId": "kcubey"
        },
        "content": "//import java.nio.file.Path;"
      },
      {
        "lineNumber": 5,
        "author": {
          "gitId": "kcubey"
        },
        "content": "//import java.nio.file.Paths;"
      },
      {
        "lineNumber": 6,
        "author": {
          "gitId": "kcubey"
        },
        "content": "//import java.util.ArrayList;"
      },
      {
        "lineNumber": 7,
        "author": {
          "gitId": "kcubey"
        },
        "content": "//"
      },
      {
        "lineNumber": 8,
        "author": {
          "gitId": "kcubey"
        },
        "content": "//TODO update to card \u0026 cardlist"
      },
      {
        "lineNumber": 9,
        "author": {
          "gitId": "kcubey"
        },
        "content": "//"
      },
      {
        "lineNumber": 10,
        "author": {
          "gitId": "kcubey"
        },
        "content": "//public class Storage  {"
      },
      {
        "lineNumber": 11,
        "author": {
          "gitId": "kcubey"
        },
        "content": "//"
      },
      {
        "lineNumber": 12,
        "author": {
          "gitId": "kcubey"
        },
        "content": "//    String dir \u003d System.getProperty(\"user.dir\");"
      },
      {
        "lineNumber": 13,
        "author": {
          "gitId": "kcubey"
        },
        "content": "//    Path filepath \u003d Paths.get(dir, \"data\", \"taskList.txt\"); //todo change filepath"
      },
      {
        "lineNumber": 14,
        "author": {
          "gitId": "kcubey"
        },
        "content": "//    String filepathStr  \u003d String.valueOf(filepath);;"
      },
      {
        "lineNumber": 15,
        "author": {
          "gitId": "kcubey"
        },
        "content": "//    File dukeFile \u003d new File(filepathStr);"
      },
      {
        "lineNumber": 16,
        "author": {
          "gitId": "kcubey"
        },
        "content": "//"
      },
      {
        "lineNumber": 17,
        "author": {
          "gitId": "kcubey"
        },
        "content": "//    public ArrayList\u003cTask\u003e loadDuke() {"
      },
      {
        "lineNumber": 18,
        "author": {
          "gitId": "kcubey"
        },
        "content": "//        ArrayList\u003cTask\u003e loadTasks \u003d new ArrayList\u003c\u003e();"
      },
      {
        "lineNumber": 19,
        "author": {
          "gitId": "kcubey"
        },
        "content": "//        if(!dukeFile.exists()) {"
      },
      {
        "lineNumber": 20,
        "author": {
          "gitId": "kcubey"
        },
        "content": "//            try {"
      },
      {
        "lineNumber": 21,
        "author": {
          "gitId": "kcubey"
        },
        "content": "//                // creates all sub dir if not exist"
      },
      {
        "lineNumber": 22,
        "author": {
          "gitId": "kcubey"
        },
        "content": "//                dukeFile.getParentFile().mkdirs();"
      },
      {
        "lineNumber": 23,
        "author": {
          "gitId": "kcubey"
        },
        "content": "//                dukeFile.createNewFile();"
      },
      {
        "lineNumber": 24,
        "author": {
          "gitId": "kcubey"
        },
        "content": "//            }"
      },
      {
        "lineNumber": 25,
        "author": {
          "gitId": "kcubey"
        },
        "content": "//            catch (IOException e){"
      },
      {
        "lineNumber": 26,
        "author": {
          "gitId": "kcubey"
        },
        "content": "//                System.out.println(\"File creation error\");"
      },
      {
        "lineNumber": 27,
        "author": {
          "gitId": "kcubey"
        },
        "content": "//            }"
      },
      {
        "lineNumber": 28,
        "author": {
          "gitId": "kcubey"
        },
        "content": "//        }"
      },
      {
        "lineNumber": 29,
        "author": {
          "gitId": "kcubey"
        },
        "content": "//        else {"
      },
      {
        "lineNumber": 30,
        "author": {
          "gitId": "kcubey"
        },
        "content": "//            try{"
      },
      {
        "lineNumber": 31,
        "author": {
          "gitId": "kcubey"
        },
        "content": "//                FileInputStream fileRead \u003d new FileInputStream(dukeFile);"
      },
      {
        "lineNumber": 32,
        "author": {
          "gitId": "kcubey"
        },
        "content": "//                ObjectInputStream objRead \u003d new ObjectInputStream(fileRead);"
      },
      {
        "lineNumber": 33,
        "author": {
          "gitId": "kcubey"
        },
        "content": "//"
      },
      {
        "lineNumber": 34,
        "author": {
          "gitId": "kcubey"
        },
        "content": "//                loadTasks \u003d (ArrayList\u003cTask\u003e) objRead.readObject();"
      },
      {
        "lineNumber": 35,
        "author": {
          "gitId": "kcubey"
        },
        "content": "//                objRead.close();"
      },
      {
        "lineNumber": 36,
        "author": {
          "gitId": "kcubey"
        },
        "content": "//            }"
      },
      {
        "lineNumber": 37,
        "author": {
          "gitId": "kcubey"
        },
        "content": "//            catch (IOException | ClassNotFoundException e) {"
      },
      {
        "lineNumber": 38,
        "author": {
          "gitId": "kcubey"
        },
        "content": "//                System.out.println(\"\\nLoad error\");"
      },
      {
        "lineNumber": 39,
        "author": {
          "gitId": "kcubey"
        },
        "content": "//            }"
      },
      {
        "lineNumber": 40,
        "author": {
          "gitId": "kcubey"
        },
        "content": "//        }"
      },
      {
        "lineNumber": 41,
        "author": {
          "gitId": "kcubey"
        },
        "content": "//        return loadTasks;"
      },
      {
        "lineNumber": 42,
        "author": {
          "gitId": "kcubey"
        },
        "content": "//    }"
      },
      {
        "lineNumber": 43,
        "author": {
          "gitId": "kcubey"
        },
        "content": "//"
      },
      {
        "lineNumber": 44,
        "author": {
          "gitId": "kcubey"
        },
        "content": "//    public void saveDuke(TaskList saveTasks) {"
      },
      {
        "lineNumber": 45,
        "author": {
          "gitId": "kcubey"
        },
        "content": "//        try{"
      },
      {
        "lineNumber": 46,
        "author": {
          "gitId": "kcubey"
        },
        "content": "//            FileOutputStream fileWrite \u003d new FileOutputStream(dukeFile);"
      },
      {
        "lineNumber": 47,
        "author": {
          "gitId": "kcubey"
        },
        "content": "//            ObjectOutputStream objWrite \u003d new ObjectOutputStream(fileWrite);"
      },
      {
        "lineNumber": 48,
        "author": {
          "gitId": "kcubey"
        },
        "content": "//"
      },
      {
        "lineNumber": 49,
        "author": {
          "gitId": "kcubey"
        },
        "content": "//            objWrite.writeObject(saveTasks.getTaskList());"
      },
      {
        "lineNumber": 50,
        "author": {
          "gitId": "kcubey"
        },
        "content": "//            objWrite.flush();"
      },
      {
        "lineNumber": 51,
        "author": {
          "gitId": "kcubey"
        },
        "content": "//            objWrite.close();"
      },
      {
        "lineNumber": 52,
        "author": {
          "gitId": "kcubey"
        },
        "content": "//        }"
      },
      {
        "lineNumber": 53,
        "author": {
          "gitId": "kcubey"
        },
        "content": "//        catch (IOException e) {"
      },
      {
        "lineNumber": 54,
        "author": {
          "gitId": "kcubey"
        },
        "content": "//            System.out.println(\"\\nSave error\");"
      },
      {
        "lineNumber": 55,
        "author": {
          "gitId": "kcubey"
        },
        "content": "//        }"
      },
      {
        "lineNumber": 56,
        "author": {
          "gitId": "kcubey"
        },
        "content": "//    }"
      },
      {
        "lineNumber": 57,
        "author": {
          "gitId": "kcubey"
        },
        "content": "//}"
      }
    ],
    "authorContributionMap": {
      "kcubey": 57
    }
  }
]
