{
  "authorDailyContributionsMap": {
    "JeremiasLiew": [
      {
        "insertions": 1,
        "deletions": 5,
        "date": "2020-03-03",
        "commitResults": [
          {
            "hash": "a77cc7aa825768876ba88843f97d18d1c416e06f",
            "messageTitle": "Update about us",
            "messageBody": "",
            "insertions": 1,
            "deletions": 5
          }
        ]
      },
      {
        "insertions": 125,
        "deletions": 0,
        "date": "2020-03-04",
        "commitResults": [
          {
            "hash": "e2b0fcb38c401ed8b10cf3b90a10586757aeca84",
            "messageTitle": "Create Card and Cardlist classes",
            "messageBody": "",
            "insertions": 72,
            "deletions": 0
          },
          {
            "hash": "a4a594423a211d5f6f2741343c4bd5625920d70a",
            "messageTitle": "Add Quiz",
            "messageBody": "",
            "insertions": 53,
            "deletions": 0
          }
        ]
      }
    ],
    "alexlim510": [
      {
        "insertions": 1,
        "deletions": 1,
        "date": "2020-03-03",
        "commitResults": [
          {
            "hash": "3ee2d5e4d521466ab1f8c1c3f43f8e3fdd7d68f2",
            "messageTitle": "Update AboutUs",
            "messageBody": "",
            "insertions": 1,
            "deletions": 1
          }
        ]
      },
      {
        "insertions": 305,
        "deletions": 15,
        "date": "2020-03-06",
        "commitResults": [
          {
            "hash": "b7663d20936336234474981175e3e186a2b27e50",
            "messageTitle": "Added parser and command classes. Added add and remove method stubs.",
            "messageBody": "",
            "insertions": 305,
            "deletions": 15
          }
        ]
      },
      {
        "insertions": 138,
        "deletions": 2,
        "date": "2020-03-10",
        "commitResults": [
          {
            "hash": "43931f26cdf4a37ce043cdc25fd64dfa8821d122",
            "messageTitle": "Resolve wrong format of command input",
            "messageBody": "",
            "insertions": 2,
            "deletions": 2
          },
          {
            "hash": "b5079f82b05f256ad8ba9d423b79ec0271950921",
            "messageTitle": "Add JUnit test",
            "messageBody": "",
            "insertions": 136,
            "deletions": 0
          }
        ]
      },
      {
        "insertions": 208,
        "deletions": 40,
        "date": "2020-03-11",
        "commitResults": [
          {
            "hash": "f52f4e0a2c0c217698534f83252f18556dc0ddbf",
            "messageTitle": "Added JUnit Tests",
            "messageBody": "",
            "insertions": 208,
            "deletions": 40
          }
        ]
      }
    ],
    "kcubey": [
      {
        "insertions": 81,
        "deletions": 13,
        "date": "2020-03-03",
        "commitResults": [
          {
            "hash": "76cf3d494873fd90e033e4c5c0914a2b3904d780",
            "messageTitle": "update aboutus",
            "messageBody": "",
            "insertions": 1,
            "deletions": 5
          },
          {
            "hash": "37afc59f6fd9c730b1ba5bf8a83069d9dea6013c",
            "messageTitle": "change logo",
            "messageBody": "",
            "insertions": 16,
            "deletions": 7
          },
          {
            "hash": "dbc2c36ed00b5ea128b751dd0e755458c08f5108",
            "messageTitle": "add storage file",
            "messageBody": "",
            "insertions": 57,
            "deletions": 0
          },
          {
            "hash": "f63c0f93810ee9177be0f8c9f562122f76620959",
            "messageTitle": "fix build complaint",
            "messageBody": "",
            "insertions": 3,
            "deletions": 0
          },
          {
            "hash": "8aad52b84957737a25c0e78a8538e2fd4f0d526a",
            "messageTitle": "Update Duke.java",
            "messageBody": "",
            "insertions": 4,
            "deletions": 1
          }
        ]
      },
      {
        "insertions": 11,
        "deletions": 12,
        "date": "2020-03-05",
        "commitResults": [
          {
            "hash": "0b07c73e3c8607b1f731d16159aea8088afaabcc",
            "messageTitle": "reorder main class and do gradle checks",
            "messageBody": "",
            "insertions": 11,
            "deletions": 12
          }
        ]
      },
      {
        "insertions": 10,
        "deletions": 8,
        "date": "2020-03-07",
        "commitResults": [
          {
            "hash": "9884e5055a2d7798b303447e2e6129faf453b7b3",
            "messageTitle": "fix runtime flow complete github action req",
            "messageBody": "",
            "insertions": 10,
            "deletions": 8
          }
        ]
      },
      {
        "insertions": 98,
        "deletions": 86,
        "date": "2020-03-09",
        "commitResults": [
          {
            "hash": "301ce85ce36be01711f2d57b328a732991414c3b",
            "messageTitle": "exitesc error",
            "messageBody": "",
            "insertions": 81,
            "deletions": 69
          },
          {
            "hash": "8c7bec8a3af003a9e07e3b25d98e55bc2ab527da",
            "messageTitle": "comply with gradle checkstyle",
            "messageBody": "",
            "insertions": 17,
            "deletions": 17
          }
        ]
      },
      {
        "insertions": 122,
        "deletions": 6,
        "date": "2020-03-10",
        "commitResults": [
          {
            "hash": "a2dee88c0413b28ff56c4316e47e9006ee3e393a",
            "messageTitle": "Update README.md",
            "messageBody": "",
            "insertions": 112,
            "deletions": 6
          },
          {
            "hash": "e946785f2efb83482c62c805d8335c814897ba13",
            "messageTitle": "add general exception",
            "messageBody": "",
            "insertions": 10,
            "deletions": 0
          }
        ]
      },
      {
        "insertions": 12,
        "deletions": 10,
        "date": "2020-03-11",
        "commitResults": [
          {
            "hash": "fcf6e1972c7bb6d9054161a6a35aedebdfde049d",
            "messageTitle": "resolve gradlew check",
            "messageBody": "",
            "insertions": 5,
            "deletions": 6
          },
          {
            "hash": "8718475465033cafa2a0ce7d7c16956dbc3cea23",
            "messageTitle": "resolve runtest error",
            "messageBody": "",
            "insertions": 7,
            "deletions": 4
          }
        ]
      }
    ],
    "Jeremy733": [
      {
        "insertions": 1,
        "deletions": 5,
        "date": "2020-03-03",
        "commitResults": [
          {
            "hash": "ea07b10f327637b85de26c4ec57857af4f410272",
            "messageTitle": "edit about us",
            "messageBody": "",
            "insertions": 1,
            "deletions": 5
          }
        ]
      },
      {
        "insertions": 6,
        "deletions": 0,
        "date": "2020-03-04",
        "commitResults": [
          {
            "hash": "4c8481b7c9eee216d2dfea84e8b9298764f7e851",
            "messageTitle": "add exitESC",
            "messageBody": "",
            "insertions": 6,
            "deletions": 0
          }
        ]
      },
      {
        "insertions": 33,
        "deletions": 2,
        "date": "2020-03-05",
        "commitResults": [
          {
            "hash": "0d3d03320dd02762c0d73ff278b565a54c56e0ab",
            "messageTitle": "add Exit Help",
            "messageBody": "",
            "insertions": 33,
            "deletions": 2
          }
        ]
      },
      {
        "insertions": 76,
        "deletions": 55,
        "date": "2020-03-06",
        "commitResults": [
          {
            "hash": "56a1798509c693498c6604355a17c615d081a0eb",
            "messageTitle": "add listCards",
            "messageBody": "",
            "insertions": 15,
            "deletions": 0
          },
          {
            "hash": "113abb96a289267c127eb68f04b2746e94758ed8",
            "messageTitle": "add UI class",
            "messageBody": "",
            "insertions": 61,
            "deletions": 55
          }
        ]
      }
    ]
  },
  "authorFinalContributionMap": {
    "JeremiasLiew": 121,
    "alexlim510": 594,
    "kcubey": 218,
    "Jeremy733": 73
  },
  "authorFileTypeContributionMap": {
    "JeremiasLiew": {
      "java": 119,
      "md": 2,
      "fxml": 0,
      "sh": 0,
      "bat": 0,
      "gradle": 0,
      "txt": 0
    },
    "alexlim510": {
      "java": 593,
      "md": 1,
      "fxml": 0,
      "sh": 0,
      "bat": 0,
      "gradle": 0,
      "txt": 0
    },
    "kcubey": {
      "java": 105,
      "md": 113,
      "fxml": 0,
      "sh": 0,
      "bat": 0,
      "gradle": 0,
      "txt": 0
    },
    "Jeremy733": {
      "java": 72,
      "md": 1,
      "fxml": 0,
      "sh": 0,
      "bat": 0,
      "gradle": 0,
      "txt": 0
    }
  },
  "authorContributionVariance": {
    "JeremiasLiew": 1281.9008,
    "alexlim510": 12516.431,
    "kcubey": 3674.2312,
    "Jeremy733": 1416.1489
  },
  "authorDisplayNameMap": {
    "JeremiasLiew": "CS2113-T15-2 JERE.. HUI",
    "alexlim510": "CS2113-T15-2 ALEX.. XUN",
    "kcubey": "CS2113-T15-2 KEZI.. YUN",
    "Jeremy733": "CS2113-T15-2 ZHAN..FANG"
  }
}
