{
  "authorDailyContributionsMap": {
    "JeremiasLiew": [
      {
        "insertions": 1,
        "deletions": 5,
        "date": "2020-03-03",
        "commitResults": [
          {
            "hash": "a77cc7aa825768876ba88843f97d18d1c416e06f",
            "messageTitle": "Update about us",
            "messageBody": "",
            "insertions": 1,
            "deletions": 5
          }
        ]
      },
      {
        "insertions": 125,
        "deletions": 0,
        "date": "2020-03-04",
        "commitResults": [
          {
            "hash": "e2b0fcb38c401ed8b10cf3b90a10586757aeca84",
            "messageTitle": "Create Card and Cardlist classes",
            "messageBody": "",
            "insertions": 72,
            "deletions": 0
          },
          {
            "hash": "a4a594423a211d5f6f2741343c4bd5625920d70a",
            "messageTitle": "Add Quiz",
            "messageBody": "",
            "insertions": 53,
            "deletions": 0
          }
        ]
      }
    ],
    "alexlim510": [
      {
        "insertions": 1,
        "deletions": 1,
        "date": "2020-03-03",
        "commitResults": [
          {
            "hash": "3ee2d5e4d521466ab1f8c1c3f43f8e3fdd7d68f2",
            "messageTitle": "Update AboutUs",
            "messageBody": "",
            "insertions": 1,
            "deletions": 1
          }
        ]
      }
    ],
    "kcubey": [
      {
        "insertions": 81,
        "deletions": 13,
        "date": "2020-03-03",
        "commitResults": [
          {
            "hash": "76cf3d494873fd90e033e4c5c0914a2b3904d780",
            "messageTitle": "update aboutus",
            "messageBody": "",
            "insertions": 1,
            "deletions": 5
          },
          {
            "hash": "37afc59f6fd9c730b1ba5bf8a83069d9dea6013c",
            "messageTitle": "change logo",
            "messageBody": "",
            "insertions": 16,
            "deletions": 7
          },
          {
            "hash": "dbc2c36ed00b5ea128b751dd0e755458c08f5108",
            "messageTitle": "add storage file",
            "messageBody": "",
            "insertions": 57,
            "deletions": 0
          },
          {
            "hash": "f63c0f93810ee9177be0f8c9f562122f76620959",
            "messageTitle": "fix build complaint",
            "messageBody": "",
            "insertions": 3,
            "deletions": 0
          },
          {
            "hash": "8aad52b84957737a25c0e78a8538e2fd4f0d526a",
            "messageTitle": "Update Duke.java",
            "messageBody": "",
            "insertions": 4,
            "deletions": 1
          }
        ]
      },
      {
        "insertions": 11,
        "deletions": 12,
        "date": "2020-03-05",
        "commitResults": [
          {
            "hash": "0b07c73e3c8607b1f731d16159aea8088afaabcc",
            "messageTitle": "reorder main class and do gradle checks",
            "messageBody": "",
            "insertions": 11,
            "deletions": 12
          }
        ]
      }
    ],
    "Jeremy733": [
      {
        "insertions": 1,
        "deletions": 5,
        "date": "2020-03-03",
        "commitResults": [
          {
            "hash": "ea07b10f327637b85de26c4ec57857af4f410272",
            "messageTitle": "edit about us",
            "messageBody": "",
            "insertions": 1,
            "deletions": 5
          }
        ]
      },
      {
        "insertions": 6,
        "deletions": 0,
        "date": "2020-03-04",
        "commitResults": [
          {
            "hash": "4c8481b7c9eee216d2dfea84e8b9298764f7e851",
            "messageTitle": "add exitESC",
            "messageBody": "",
            "insertions": 6,
            "deletions": 0
          }
        ]
      },
      {
        "insertions": 33,
        "deletions": 2,
        "date": "2020-03-05",
        "commitResults": [
          {
            "hash": "0d3d03320dd02762c0d73ff278b565a54c56e0ab",
            "messageTitle": "add Exit Help",
            "messageBody": "",
            "insertions": 33,
            "deletions": 2
          }
        ]
      },
      {
        "insertions": 15,
        "deletions": 0,
        "date": "2020-03-06",
        "commitResults": [
          {
            "hash": "56a1798509c693498c6604355a17c615d081a0eb",
            "messageTitle": "add listCards",
            "messageBody": "",
            "insertions": 15,
            "deletions": 0
          }
        ]
      }
    ]
  },
  "authorFinalContributionMap": {
    "JeremiasLiew": 127,
    "alexlim510": 1,
    "kcubey": 81,
    "Jeremy733": 51
  },
  "authorFileTypeContributionMap": {
    "JeremiasLiew": {
      "java": 125,
      "md": 2,
      "fxml": 0,
      "sh": 0,
      "bat": 0,
      "gradle": 0,
      "txt": 0
    },
    "alexlim510": {
      "java": 0,
      "md": 1,
      "fxml": 0,
      "sh": 0,
      "bat": 0,
      "gradle": 0,
      "txt": 0
    },
    "kcubey": {
      "java": 80,
      "md": 1,
      "fxml": 0,
      "sh": 0,
      "bat": 0,
      "gradle": 0,
      "txt": 0
    },
    "Jeremy733": {
      "java": 50,
      "md": 1,
      "fxml": 0,
      "sh": 0,
      "bat": 0,
      "gradle": 0,
      "txt": 0
    }
  },
  "authorContributionVariance": {
    "JeremiasLiew": 2133.4722,
    "alexlim510": 0.5555556,
    "kcubey": 1180.5834,
    "Jeremy733": 146.8889
  },
  "authorDisplayNameMap": {
    "JeremiasLiew": "CS2113-T15-2 JERE.. HUI",
    "alexlim510": "CS2113-T15-2 ALEX.. XUN",
    "kcubey": "CS2113-T15-2 KEZI.. YUN",
    "Jeremy733": "CS2113-T15-2 ZHAN..FANG"
  }
}
