{
  "authorDailyContributionsMap": {
    "JeremiasLiew": [
      {
        "insertions": 1,
        "deletions": 5,
        "date": "2020-03-03",
        "commitResults": [
          {
            "hash": "a77cc7aa825768876ba88843f97d18d1c416e06f",
            "messageTitle": "Update about us",
            "messageBody": "",
            "insertions": 1,
            "deletions": 5
          }
        ]
      }
    ],
    "alexlim510": [
      {
        "insertions": 1,
        "deletions": 1,
        "date": "2020-03-03",
        "commitResults": [
          {
            "hash": "3ee2d5e4d521466ab1f8c1c3f43f8e3fdd7d68f2",
            "messageTitle": "Update AboutUs",
            "messageBody": "",
            "insertions": 1,
            "deletions": 1
          }
        ]
      }
    ],
    "kcubey": [
      {
        "insertions": 81,
        "deletions": 13,
        "date": "2020-03-03",
        "commitResults": [
          {
            "hash": "76cf3d494873fd90e033e4c5c0914a2b3904d780",
            "messageTitle": "update aboutus",
            "messageBody": "",
            "insertions": 1,
            "deletions": 5
          },
          {
            "hash": "37afc59f6fd9c730b1ba5bf8a83069d9dea6013c",
            "messageTitle": "change logo",
            "messageBody": "",
            "insertions": 16,
            "deletions": 7
          },
          {
            "hash": "dbc2c36ed00b5ea128b751dd0e755458c08f5108",
            "messageTitle": "add storage file",
            "messageBody": "",
            "insertions": 57,
            "deletions": 0
          },
          {
            "hash": "f63c0f93810ee9177be0f8c9f562122f76620959",
            "messageTitle": "fix build complaint",
            "messageBody": "",
            "insertions": 3,
            "deletions": 0
          },
          {
            "hash": "8aad52b84957737a25c0e78a8538e2fd4f0d526a",
            "messageTitle": "Update Duke.java",
            "messageBody": "",
            "insertions": 4,
            "deletions": 1
          }
        ]
      }
    ],
    "Jeremy733": [
      {
        "insertions": 1,
        "deletions": 5,
        "date": "2020-03-03",
        "commitResults": [
          {
            "hash": "ea07b10f327637b85de26c4ec57857af4f410272",
            "messageTitle": "edit about us",
            "messageBody": "",
            "insertions": 1,
            "deletions": 5
          }
        ]
      }
    ]
  },
  "authorFinalContributionMap": {
    "JeremiasLiew": 2,
    "alexlim510": 1,
    "kcubey": 80,
    "Jeremy733": 1
  },
  "authorFileTypeContributionMap": {
    "JeremiasLiew": {
      "java": 0,
      "md": 2,
      "fxml": 0,
      "sh": 0,
      "bat": 0,
      "gradle": 0,
      "txt": 0
    },
    "alexlim510": {
      "java": 0,
      "md": 1,
      "fxml": 0,
      "sh": 0,
      "bat": 0,
      "gradle": 0,
      "txt": 0
    },
    "kcubey": {
      "java": 79,
      "md": 1,
      "fxml": 0,
      "sh": 0,
      "bat": 0,
      "gradle": 0,
      "txt": 0
    },
    "Jeremy733": {
      "java": 0,
      "md": 1,
      "fxml": 0,
      "sh": 0,
      "bat": 0,
      "gradle": 0,
      "txt": 0
    }
  },
  "authorContributionVariance": {
    "JeremiasLiew": 8.0,
    "alexlim510": 0.88888884,
    "kcubey": 1963.5555,
    "Jeremy733": 8.0
  },
  "authorDisplayNameMap": {
    "JeremiasLiew": "CS2113-T15-2 JERE.. HUI",
    "alexlim510": "CS2113-T15-2 ALEX.. XUN",
    "kcubey": "CS2113-T15-2 KEZI.. YUN",
    "Jeremy733": "CS2113-T15-2 ZHAN..FANG"
  }
}
