{
  "authorDailyContributionsMap": {
    "btricec": [
      {
        "insertions": 1,
        "deletions": 1,
        "date": "2020-03-03",
        "commitResults": [
          {
            "hash": "c4c78fac7760a916edad44dcbb8aaff5755d58fe",
            "messageTitle": "Change aboutus",
            "messageBody": "",
            "insertions": 1,
            "deletions": 1
          }
        ]
      }
    ],
    "rdimaio": [],
    "siuhian": [
      {
        "insertions": 1,
        "deletions": 1,
        "date": "2020-03-03",
        "commitResults": [
          {
            "hash": "fcb57670598aa858c1548cbdc991a2214e54e0fb",
            "messageTitle": "Add name to about us.",
            "messageBody": "",
            "insertions": 1,
            "deletions": 1
          }
        ]
      }
    ],
    "nigellenl": [
      {
        "insertions": 1,
        "deletions": 1,
        "date": "2020-03-03",
        "commitResults": [
          {
            "hash": "e0d80f71468280d61b27c562d7e10d4f5b7bb624",
            "messageTitle": "Update AboutUs file",
            "messageBody": "",
            "insertions": 1,
            "deletions": 1
          }
        ]
      }
    ],
    "ananda-lye": [
      {
        "insertions": 1,
        "deletions": 1,
        "date": "2020-03-03",
        "commitResults": [
          {
            "hash": "22fa03690abde3a5b564f2bf00aeaaa3fde84b0f",
            "messageTitle": "ananda\u0027s branch",
            "messageBody": "",
            "insertions": 1,
            "deletions": 1
          }
        ]
      }
    ]
  },
  "authorFinalContributionMap": {
    "btricec": 2,
    "rdimaio": 0,
    "siuhian": 1,
    "nigellenl": 1,
    "ananda-lye": 1
  },
  "authorFileTypeContributionMap": {
    "btricec": {
      "java": 0,
      "md": 2,
      "fxml": 0,
      "sh": 0,
      "bat": 0,
      "gradle": 0,
      "txt": 0
    },
    "rdimaio": {
      "java": 0,
      "md": 0,
      "fxml": 0,
      "sh": 0,
      "bat": 0,
      "gradle": 0,
      "txt": 0
    },
    "siuhian": {
      "java": 0,
      "md": 1,
      "fxml": 0,
      "sh": 0,
      "bat": 0,
      "gradle": 0,
      "txt": 0
    },
    "nigellenl": {
      "java": 0,
      "md": 1,
      "fxml": 0,
      "sh": 0,
      "bat": 0,
      "gradle": 0,
      "txt": 0
    },
    "ananda-lye": {
      "java": 0,
      "md": 1,
      "fxml": 0,
      "sh": 0,
      "bat": 0,
      "gradle": 0,
      "txt": 0
    }
  },
  "authorContributionVariance": {
    "btricec": 0.88888884,
    "rdimaio": 0.0,
    "siuhian": 0.88888884,
    "nigellenl": 0.88888884,
    "ananda-lye": 0.88888884
  },
  "authorDisplayNameMap": {
    "btricec": "CS2113-T15-1 BEAT..TONG",
    "rdimaio": "CS2113-T15-1 DI M..ARDO",
    "siuhian": "CS2113-T15-1 NG S..HIAN",
    "nigellenl": "CS2113-T15-1 NIGE..UWEN",
    "ananda-lye": "CS2113-T15-1 LYE ..ANDA"
  }
}
