{
  "authorDailyContributionsMap": {
    "btricec": [
      {
        "insertions": 1,
        "deletions": 1,
        "date": "2020-03-03",
        "commitResults": [
          {
            "hash": "c4c78fac7760a916edad44dcbb8aaff5755d58fe",
            "messageTitle": "Change aboutus",
            "messageBody": "",
            "insertions": 1,
            "deletions": 1
          }
        ]
      },
      {
        "insertions": 66,
        "deletions": 12,
        "date": "2020-03-08",
        "commitResults": [
          {
            "hash": "5cf1fbe4add0636d31068570c8762f9e13316c8b",
            "messageTitle": "Add start, end, abort and list commands",
            "messageBody": "",
            "insertions": 66,
            "deletions": 12
          }
        ]
      },
      {
        "insertions": 106,
        "deletions": 43,
        "date": "2020-03-10",
        "commitResults": [
          {
            "hash": "0e21b4c199b83631ea796dd5b22fb3555e9e7a55",
            "messageTitle": "Refactor files and add tests",
            "messageBody": "",
            "insertions": 102,
            "deletions": 24
          },
          {
            "hash": "0da563d30f8f68d0eef6c865cc5eed5584aeb585",
            "messageTitle": "Fix style violations",
            "messageBody": "",
            "insertions": 4,
            "deletions": 19
          }
        ]
      },
      {
        "insertions": 73,
        "deletions": 49,
        "date": "2020-03-11",
        "commitResults": [
          {
            "hash": "2a6fef173818114ada1d9dbb9b775a0a25b8859b",
            "messageTitle": "Add tag delimiter",
            "messageBody": "",
            "insertions": 14,
            "deletions": 6
          },
          {
            "hash": "0e5611729a04f63a5906b47c44683071c9b4a465",
            "messageTitle": "Add error handling",
            "messageBody": "",
            "insertions": 59,
            "deletions": 43
          }
        ]
      }
    ],
    "rdimaio": [
      {
        "insertions": 1,
        "deletions": 1,
        "date": "2020-03-03",
        "commitResults": [
          {
            "hash": "73ab2660105ffdb1ebce8aa847355c1cb85295df",
            "messageTitle": "Include information in AboutUs",
            "messageBody": "",
            "insertions": 1,
            "deletions": 1
          }
        ]
      },
      {
        "insertions": 309,
        "deletions": 3,
        "date": "2020-03-08",
        "commitResults": [
          {
            "hash": "0f87c816143fa0b94b44a15c2f115a6745b24cc7",
            "messageTitle": "Add Storage and StorageHandler",
            "messageBody": "",
            "insertions": 308,
            "deletions": 2
          },
          {
            "hash": "4a63e7f72a025058458b133f052a07918f21ee25",
            "messageTitle": "Fix order in main",
            "messageBody": "",
            "insertions": 1,
            "deletions": 1
          }
        ]
      },
      {
        "insertions": 60,
        "deletions": 29,
        "date": "2020-03-09",
        "commitResults": [
          {
            "hash": "0227af373f7e80b2dbf1f6049eae96795d37963f",
            "messageTitle": "Refactor storage in jikan, add template for StorageTest",
            "messageBody": "",
            "insertions": 6,
            "deletions": 8
          },
          {
            "hash": "8208055dac39f88f20c05f971744c1b01a80c6c0",
            "messageTitle": "Merge Ananda\u0027s pr",
            "messageBody": "",
            "insertions": 48,
            "deletions": 15
          },
          {
            "hash": "f1cb9281ed3090b17bda98acdd67bdb5f2929ed5",
            "messageTitle": "Fix style",
            "messageBody": "",
            "insertions": 4,
            "deletions": 4
          },
          {
            "hash": "6a1ea2bc6a8c395ad89b2706f8c7663f9f4c9819",
            "messageTitle": "Fix style",
            "messageBody": "",
            "insertions": 2,
            "deletions": 1
          },
          {
            "hash": "33e2e6f30047e86ea380b9cc813e1d8103b7c5c2",
            "messageTitle": "Remove old text redirection",
            "messageBody": "",
            "insertions": 0,
            "deletions": 1
          }
        ]
      },
      {
        "insertions": 238,
        "deletions": 58,
        "date": "2020-03-10",
        "commitResults": [
          {
            "hash": "d5a7fa3649911000999d03ce50068f5efb3da1ef",
            "messageTitle": "Refactor",
            "messageBody": "",
            "insertions": 24,
            "deletions": 28
          },
          {
            "hash": "1c6886eb90c3f48a8e16d6f46eb735adda6d820a",
            "messageTitle": "Fix storage to save task on end",
            "messageBody": "",
            "insertions": 28,
            "deletions": 4
          },
          {
            "hash": "c480d59358cca2456c94445e185f2c76c22f67d0",
            "messageTitle": "Add javadoc",
            "messageBody": "",
            "insertions": 4,
            "deletions": 0
          },
          {
            "hash": "c132b0f57f134df8b0108f29f096cb5941ce81ae",
            "messageTitle": "Add Storage tests",
            "messageBody": "",
            "insertions": 83,
            "deletions": 15
          },
          {
            "hash": "f51926779555902e4411ff59259747787d4d47db",
            "messageTitle": "Add StorageHandler tests",
            "messageBody": "",
            "insertions": 90,
            "deletions": 3
          },
          {
            "hash": "36e8a100458709e20c800828cf61dbe2e6ce7d48",
            "messageTitle": "Fix style errors",
            "messageBody": "",
            "insertions": 2,
            "deletions": 2
          },
          {
            "hash": "a71e84dd73981e5adda7c824c28ae63ae5afeeab",
            "messageTitle": "Fix style errors",
            "messageBody": "",
            "insertions": 1,
            "deletions": 1
          },
          {
            "hash": "bd12ac0e5bd70160cfd486126e2a6d81305762bd",
            "messageTitle": "Fix errors in tests",
            "messageBody": "",
            "insertions": 2,
            "deletions": 0
          },
          {
            "hash": "b2ef6f01115c46daefbb19b89e7a48b6d810ac56",
            "messageTitle": "Fixed error in tests",
            "messageBody": "",
            "insertions": 4,
            "deletions": 5
          }
        ]
      }
    ],
    "siuhian": [
      {
        "insertions": 1,
        "deletions": 1,
        "date": "2020-03-03",
        "commitResults": [
          {
            "hash": "fcb57670598aa858c1548cbdc991a2214e54e0fb",
            "messageTitle": "Add name to about us.",
            "messageBody": "",
            "insertions": 1,
            "deletions": 1
          }
        ]
      },
      {
        "insertions": 12,
        "deletions": 15,
        "date": "2020-03-09",
        "commitResults": [
          {
            "hash": "19cdf1ca7f0b8b66659074f2bba38a40d2c2aaeb",
            "messageTitle": "Change welcome logo",
            "messageBody": "",
            "insertions": 12,
            "deletions": 15
          }
        ]
      },
      {
        "insertions": 165,
        "deletions": 75,
        "date": "2020-03-10",
        "commitResults": [
          {
            "hash": "5dce5610ec26b0378cbe404d130b3f9c51e62323",
            "messageTitle": "Add a Ui class and refactor some code",
            "messageBody": "",
            "insertions": 163,
            "deletions": 74
          },
          {
            "hash": "24570dafd2a98c36d6dc94ff9ea48151c9a14330",
            "messageTitle": "Fix some style issues",
            "messageBody": "",
            "insertions": 2,
            "deletions": 1
          }
        ]
      },
      {
        "insertions": 3,
        "deletions": 2,
        "date": "2020-03-11",
        "commitResults": [
          {
            "hash": "4319bf0a0e150758baa4540dcd083c034413ea36",
            "messageTitle": "Move Ui class into a package",
            "messageBody": "",
            "insertions": 3,
            "deletions": 2
          }
        ]
      }
    ],
    "nigellenl": [
      {
        "insertions": 1,
        "deletions": 1,
        "date": "2020-03-03",
        "commitResults": [
          {
            "hash": "e0d80f71468280d61b27c562d7e10d4f5b7bb624",
            "messageTitle": "Update AboutUs file",
            "messageBody": "",
            "insertions": 1,
            "deletions": 1
          }
        ]
      },
      {
        "insertions": 23,
        "deletions": 3,
        "date": "2020-03-11",
        "commitResults": [
          {
            "hash": "7f6aecd7c572eae4510c354bef0b6d3b6a989808",
            "messageTitle": "Add exception handling for start command",
            "messageBody": "",
            "insertions": 23,
            "deletions": 3
          }
        ]
      }
    ],
    "ananda-lye": [
      {
        "insertions": 1,
        "deletions": 1,
        "date": "2020-03-03",
        "commitResults": [
          {
            "hash": "22fa03690abde3a5b564f2bf00aeaaa3fde84b0f",
            "messageTitle": "ananda\u0027s branch",
            "messageBody": "",
            "insertions": 1,
            "deletions": 1
          }
        ]
      },
      {
        "insertions": 99,
        "deletions": 21,
        "date": "2020-03-05",
        "commitResults": [
          {
            "hash": "9fe9955c4b30d085360e98f7d02f1f971465c6db",
            "messageTitle": "Created main file for Jikan, the Actitivy and Parser Classes",
            "messageBody": "",
            "insertions": 99,
            "deletions": 21
          }
        ]
      },
      {
        "insertions": 50,
        "deletions": 15,
        "date": "2020-03-08",
        "commitResults": [
          {
            "hash": "1a6cb0b1fcdc4e427179185d2fe438d09d3e559c",
            "messageTitle": "Added JavaDocs and fixed style vialotions from gradle style check",
            "messageBody": "",
            "insertions": 50,
            "deletions": 15
          }
        ]
      }
    ]
  },
  "authorFinalContributionMap": {
    "btricec": 169,
    "rdimaio": 510,
    "siuhian": 149,
    "nigellenl": 23,
    "ananda-lye": 59
  },
  "authorFileTypeContributionMap": {
    "btricec": {
      "java": 167,
      "md": 2,
      "fxml": 0,
      "sh": 0,
      "bat": 0,
      "gradle": 0,
      "txt": 0
    },
    "rdimaio": {
      "java": 509,
      "md": 1,
      "fxml": 0,
      "sh": 0,
      "bat": 0,
      "gradle": 0,
      "txt": 0
    },
    "siuhian": {
      "java": 148,
      "md": 1,
      "fxml": 0,
      "sh": 0,
      "bat": 0,
      "gradle": 0,
      "txt": 0
    },
    "nigellenl": {
      "java": 22,
      "md": 1,
      "fxml": 0,
      "sh": 0,
      "bat": 0,
      "gradle": 0,
      "txt": 0
    },
    "ananda-lye": {
      "java": 58,
      "md": 1,
      "fxml": 0,
      "sh": 0,
      "bat": 0,
      "gradle": 0,
      "txt": 0
    }
  },
  "authorContributionVariance": {
    "btricec": 2906.6282,
    "rdimaio": 13496.976,
    "siuhian": 4684.81,
    "nigellenl": 55.338844,
    "ananda-lye": 1404.5454
  },
  "authorDisplayNameMap": {
    "btricec": "CS2113-T15-1 BEAT..TONG",
    "rdimaio": "CS2113-T15-1 DI M..ARDO",
    "siuhian": "CS2113-T15-1 NG S..HIAN",
    "nigellenl": "CS2113-T15-1 NIGE..UWEN",
    "ananda-lye": "CS2113-T15-1 LYE ..ANDA"
  }
}
