{
  "authorDailyContributionsMap": {
    "btricec": [
      {
        "insertions": 1,
        "deletions": 1,
        "date": "2020-03-03",
        "commitResults": [
          {
            "hash": "c4c78fac7760a916edad44dcbb8aaff5755d58fe",
            "messageTitle": "Change aboutus",
            "messageBody": "",
            "insertions": 1,
            "deletions": 1
          }
        ]
      },
      {
        "insertions": 66,
        "deletions": 12,
        "date": "2020-03-08",
        "commitResults": [
          {
            "hash": "5cf1fbe4add0636d31068570c8762f9e13316c8b",
            "messageTitle": "Add start, end, abort and list commands",
            "messageBody": "",
            "insertions": 66,
            "deletions": 12
          }
        ]
      },
      {
        "insertions": 106,
        "deletions": 43,
        "date": "2020-03-10",
        "commitResults": [
          {
            "hash": "0e21b4c199b83631ea796dd5b22fb3555e9e7a55",
            "messageTitle": "Refactor files and add tests",
            "messageBody": "",
            "insertions": 102,
            "deletions": 24
          },
          {
            "hash": "0da563d30f8f68d0eef6c865cc5eed5584aeb585",
            "messageTitle": "Fix style violations",
            "messageBody": "",
            "insertions": 4,
            "deletions": 19
          }
        ]
      },
      {
        "insertions": 128,
        "deletions": 80,
        "date": "2020-03-11",
        "commitResults": [
          {
            "hash": "2a6fef173818114ada1d9dbb9b775a0a25b8859b",
            "messageTitle": "Add tag delimiter",
            "messageBody": "",
            "insertions": 14,
            "deletions": 6
          },
          {
            "hash": "0e5611729a04f63a5906b47c44683071c9b4a465",
            "messageTitle": "Add error handling",
            "messageBody": "",
            "insertions": 59,
            "deletions": 43
          },
          {
            "hash": "06588c6fdcd858f772f63fc73092d07dc2a5aa8e",
            "messageTitle": "Put list into table format",
            "messageBody": "",
            "insertions": 47,
            "deletions": 25
          },
          {
            "hash": "5d8dc2fff8631c4f2aed0b574140e0aa2a563520",
            "messageTitle": "Fix style",
            "messageBody": "",
            "insertions": 8,
            "deletions": 6
          }
        ]
      },
      {
        "insertions": 113,
        "deletions": 7,
        "date": "2020-03-16",
        "commitResults": [
          {
            "hash": "a8f8a1a32d22bc9b928d7a8e18aa3b1e8f56b653",
            "messageTitle": "Add delete command",
            "messageBody": "",
            "insertions": 49,
            "deletions": 3
          },
          {
            "hash": "0e0a376c0e904dd41c36dbd87dd53e9e44ebc99a",
            "messageTitle": "Add log",
            "messageBody": "",
            "insertions": 47,
            "deletions": 1
          },
          {
            "hash": "9e974a02799ee20b863ddb2a969b704e666c83ca",
            "messageTitle": "Add assertion to check if tags is null when activity is started",
            "messageBody": "",
            "insertions": 5,
            "deletions": 0
          },
          {
            "hash": "fcf112776a5b5c93c9b8db0a5207596ca4132a64",
            "messageTitle": "Fix style error",
            "messageBody": "",
            "insertions": 12,
            "deletions": 3
          }
        ]
      },
      {
        "insertions": 75,
        "deletions": 16,
        "date": "2020-03-17",
        "commitResults": [
          {
            "hash": "46212558a636415dff02a243606dac678f53476d",
            "messageTitle": "Change list format",
            "messageBody": "",
            "insertions": 45,
            "deletions": 0
          },
          {
            "hash": "cbd8d8cfdcf68cd0955b9d8f1cb51e14d467e9de",
            "messageTitle": "Add exception handling and update StorageHandlerTest",
            "messageBody": "",
            "insertions": 26,
            "deletions": 13
          },
          {
            "hash": "ef5c6b7f613d8ed63bcb4cf0e45f27088cedc1c9",
            "messageTitle": "Fixed storage bugs",
            "messageBody": "",
            "insertions": 4,
            "deletions": 3
          }
        ]
      },
      {
        "insertions": 193,
        "deletions": 86,
        "date": "2020-03-21",
        "commitResults": [
          {
            "hash": "ace1828d6c316b2b17548be7ec46e73bac779efe",
            "messageTitle": "Add continue command",
            "messageBody": "",
            "insertions": 49,
            "deletions": 11
          },
          {
            "hash": "017439b769e37434f8f99a50f6dfa2c29ecc1777",
            "messageTitle": "Check for duplicate activity name",
            "messageBody": "",
            "insertions": 39,
            "deletions": 27
          },
          {
            "hash": "79ddecc7cfc18f8c34022d461288788c797c32c8",
            "messageTitle": "Add storage handler for continue",
            "messageBody": "",
            "insertions": 41,
            "deletions": 13
          },
          {
            "hash": "db735dd7ef6089d4537b536cc869cf692b5d7143",
            "messageTitle": "Option to continue activity with same name",
            "messageBody": "",
            "insertions": 16,
            "deletions": 3
          },
          {
            "hash": "90664afa8c3cca6e40b969b50108d351e1b2712b",
            "messageTitle": "Add option to save ongoing activity before exit",
            "messageBody": "",
            "insertions": 48,
            "deletions": 32
          }
        ]
      },
      {
        "insertions": 271,
        "deletions": 204,
        "date": "2020-03-22",
        "commitResults": [
          {
            "hash": "d01ca2ee8610ddc5fef2e76807ecd7e2d72cc496",
            "messageTitle": "Fixed warnings",
            "messageBody": "",
            "insertions": 168,
            "deletions": 164
          },
          {
            "hash": "77e6d8f7627d646d3a33f9a7d187e7d11aa2e75b",
            "messageTitle": "Change delete to delete by name",
            "messageBody": "",
            "insertions": 57,
            "deletions": 21
          },
          {
            "hash": "47f281cbfb6b8cb5754c7013dd6896ea7ed37860",
            "messageTitle": "Fix style and tests",
            "messageBody": "",
            "insertions": 40,
            "deletions": 15
          },
          {
            "hash": "f8de66613022eda3929a108118c0840022bade1a",
            "messageTitle": "Added some logs",
            "messageBody": "",
            "insertions": 6,
            "deletions": 4
          }
        ]
      }
    ],
    "rdimaio": [
      {
        "insertions": 1,
        "deletions": 1,
        "date": "2020-03-03",
        "commitResults": [
          {
            "hash": "73ab2660105ffdb1ebce8aa847355c1cb85295df",
            "messageTitle": "Include information in AboutUs",
            "messageBody": "",
            "insertions": 1,
            "deletions": 1
          }
        ]
      },
      {
        "insertions": 309,
        "deletions": 3,
        "date": "2020-03-08",
        "commitResults": [
          {
            "hash": "0f87c816143fa0b94b44a15c2f115a6745b24cc7",
            "messageTitle": "Add Storage and StorageHandler",
            "messageBody": "",
            "insertions": 308,
            "deletions": 2
          },
          {
            "hash": "4a63e7f72a025058458b133f052a07918f21ee25",
            "messageTitle": "Fix order in main",
            "messageBody": "",
            "insertions": 1,
            "deletions": 1
          }
        ]
      },
      {
        "insertions": 60,
        "deletions": 29,
        "date": "2020-03-09",
        "commitResults": [
          {
            "hash": "0227af373f7e80b2dbf1f6049eae96795d37963f",
            "messageTitle": "Refactor storage in jikan, add template for StorageTest",
            "messageBody": "",
            "insertions": 6,
            "deletions": 8
          },
          {
            "hash": "8208055dac39f88f20c05f971744c1b01a80c6c0",
            "messageTitle": "Merge Ananda\u0027s pr",
            "messageBody": "",
            "insertions": 48,
            "deletions": 15
          },
          {
            "hash": "f1cb9281ed3090b17bda98acdd67bdb5f2929ed5",
            "messageTitle": "Fix style",
            "messageBody": "",
            "insertions": 4,
            "deletions": 4
          },
          {
            "hash": "6a1ea2bc6a8c395ad89b2706f8c7663f9f4c9819",
            "messageTitle": "Fix style",
            "messageBody": "",
            "insertions": 2,
            "deletions": 1
          },
          {
            "hash": "33e2e6f30047e86ea380b9cc813e1d8103b7c5c2",
            "messageTitle": "Remove old text redirection",
            "messageBody": "",
            "insertions": 0,
            "deletions": 1
          }
        ]
      },
      {
        "insertions": 238,
        "deletions": 58,
        "date": "2020-03-10",
        "commitResults": [
          {
            "hash": "d5a7fa3649911000999d03ce50068f5efb3da1ef",
            "messageTitle": "Refactor",
            "messageBody": "",
            "insertions": 24,
            "deletions": 28
          },
          {
            "hash": "1c6886eb90c3f48a8e16d6f46eb735adda6d820a",
            "messageTitle": "Fix storage to save task on end",
            "messageBody": "",
            "insertions": 28,
            "deletions": 4
          },
          {
            "hash": "c480d59358cca2456c94445e185f2c76c22f67d0",
            "messageTitle": "Add javadoc",
            "messageBody": "",
            "insertions": 4,
            "deletions": 0
          },
          {
            "hash": "c132b0f57f134df8b0108f29f096cb5941ce81ae",
            "messageTitle": "Add Storage tests",
            "messageBody": "",
            "insertions": 83,
            "deletions": 15
          },
          {
            "hash": "f51926779555902e4411ff59259747787d4d47db",
            "messageTitle": "Add StorageHandler tests",
            "messageBody": "",
            "insertions": 90,
            "deletions": 3
          },
          {
            "hash": "36e8a100458709e20c800828cf61dbe2e6ce7d48",
            "messageTitle": "Fix style errors",
            "messageBody": "",
            "insertions": 2,
            "deletions": 2
          },
          {
            "hash": "a71e84dd73981e5adda7c824c28ae63ae5afeeab",
            "messageTitle": "Fix style errors",
            "messageBody": "",
            "insertions": 1,
            "deletions": 1
          },
          {
            "hash": "bd12ac0e5bd70160cfd486126e2a6d81305762bd",
            "messageTitle": "Fix errors in tests",
            "messageBody": "",
            "insertions": 2,
            "deletions": 0
          },
          {
            "hash": "b2ef6f01115c46daefbb19b89e7a48b6d810ac56",
            "messageTitle": "Fixed error in tests",
            "messageBody": "",
            "insertions": 4,
            "deletions": 5
          }
        ]
      },
      {
        "insertions": 83,
        "deletions": 45,
        "date": "2020-03-16",
        "commitResults": [
          {
            "hash": "d101a9fdfe6a61b2254fe80610d30c7527dee6fe",
            "messageTitle": "Reimplement IO redirection",
            "messageBody": "",
            "insertions": 9,
            "deletions": 0
          },
          {
            "hash": "b1557f83838a4205d4e586830211ccd795d88d51",
            "messageTitle": "Change project name in gradle and fix style error",
            "messageBody": "",
            "insertions": 5,
            "deletions": 4
          },
          {
            "hash": "f794abdaf8e99be399d28076995046ed1fbac0e0",
            "messageTitle": "Fix style check",
            "messageBody": "",
            "insertions": 1,
            "deletions": 1
          },
          {
            "hash": "2552d92515a8a8bd6254f4eae312f1a0c4747962",
            "messageTitle": "Handle ioexception for log in Parser instead of Log",
            "messageBody": "",
            "insertions": 20,
            "deletions": 11
          },
          {
            "hash": "b8d127f18a2ae4a0dde890f68396c02c1b2edac9",
            "messageTitle": "Fix file creation for log file",
            "messageBody": "",
            "insertions": 46,
            "deletions": 17
          },
          {
            "hash": "7f5eb075cae5765b6a3139760290be3b89e2871e",
            "messageTitle": "Fix style",
            "messageBody": "",
            "insertions": 1,
            "deletions": 1
          },
          {
            "hash": "c318c13584634878234616281ba01eb29bf76f42",
            "messageTitle": "Remove list command from test",
            "messageBody": "",
            "insertions": 0,
            "deletions": 1
          },
          {
            "hash": "0918f8da6baf7dcf099c7c2381c685b4819427d7",
            "messageTitle": "Change logo to plain characters",
            "messageBody": "",
            "insertions": 1,
            "deletions": 10
          }
        ]
      },
      {
        "insertions": 14,
        "deletions": 4,
        "date": "2020-03-17",
        "commitResults": [
          {
            "hash": "76c738fd439c111e2f2dfdb89e27df7b20e1a23d",
            "messageTitle": "Fix issue with tags saving incorrectly",
            "messageBody": "",
            "insertions": 10,
            "deletions": 2
          },
          {
            "hash": "d8f11d063af51deef9bc16569991c23092355249",
            "messageTitle": "Fix bug with tasks with no tags",
            "messageBody": "",
            "insertions": 4,
            "deletions": 2
          }
        ]
      },
      {
        "insertions": 160,
        "deletions": 51,
        "date": "2020-03-20",
        "commitResults": [
          {
            "hash": "3dc215d2f1cb9bb6bf8158a872989cd5fc93cb1e",
            "messageTitle": "Add InvalidTimeFrameException",
            "messageBody": "",
            "insertions": 83,
            "deletions": 17
          },
          {
            "hash": "cb29b4230d5ecfd6cd7a84462d6c80329b7fe08b",
            "messageTitle": "Add parseList",
            "messageBody": "",
            "insertions": 45,
            "deletions": 25
          },
          {
            "hash": "3f45cedddc72067039a74e383ab5f813969d8d9d",
            "messageTitle": "Complete all cases for parseList",
            "messageBody": "",
            "insertions": 16,
            "deletions": 4
          },
          {
            "hash": "d8a50d00ec61a527e95104db074a3bcdc6d91b37",
            "messageTitle": "Fix style check",
            "messageBody": "",
            "insertions": 1,
            "deletions": 1
          },
          {
            "hash": "07ca78691bd001a53edd40f665b38b3ae6354a89",
            "messageTitle": "Add InvalidTimeFrameException in test",
            "messageBody": "",
            "insertions": 13,
            "deletions": 3
          },
          {
            "hash": "84c3abca0baa4e63837bf0c3213cd70328e57290",
            "messageTitle": "Add InvalidTimeFrameException in test",
            "messageBody": "",
            "insertions": 2,
            "deletions": 1
          }
        ]
      }
    ],
    "siuhian": [
      {
        "insertions": 1,
        "deletions": 1,
        "date": "2020-03-03",
        "commitResults": [
          {
            "hash": "fcb57670598aa858c1548cbdc991a2214e54e0fb",
            "messageTitle": "Add name to about us.",
            "messageBody": "",
            "insertions": 1,
            "deletions": 1
          }
        ]
      },
      {
        "insertions": 12,
        "deletions": 15,
        "date": "2020-03-09",
        "commitResults": [
          {
            "hash": "19cdf1ca7f0b8b66659074f2bba38a40d2c2aaeb",
            "messageTitle": "Change welcome logo",
            "messageBody": "",
            "insertions": 12,
            "deletions": 15
          }
        ]
      },
      {
        "insertions": 165,
        "deletions": 75,
        "date": "2020-03-10",
        "commitResults": [
          {
            "hash": "5dce5610ec26b0378cbe404d130b3f9c51e62323",
            "messageTitle": "Add a Ui class and refactor some code",
            "messageBody": "",
            "insertions": 163,
            "deletions": 74
          },
          {
            "hash": "24570dafd2a98c36d6dc94ff9ea48151c9a14330",
            "messageTitle": "Fix some style issues",
            "messageBody": "",
            "insertions": 2,
            "deletions": 1
          }
        ]
      },
      {
        "insertions": 3,
        "deletions": 2,
        "date": "2020-03-11",
        "commitResults": [
          {
            "hash": "4319bf0a0e150758baa4540dcd083c034413ea36",
            "messageTitle": "Move Ui class into a package",
            "messageBody": "",
            "insertions": 3,
            "deletions": 2
          }
        ]
      }
    ],
    "nigellenl": [
      {
        "insertions": 1,
        "deletions": 1,
        "date": "2020-03-03",
        "commitResults": [
          {
            "hash": "e0d80f71468280d61b27c562d7e10d4f5b7bb624",
            "messageTitle": "Update AboutUs file",
            "messageBody": "",
            "insertions": 1,
            "deletions": 1
          }
        ]
      },
      {
        "insertions": 23,
        "deletions": 3,
        "date": "2020-03-11",
        "commitResults": [
          {
            "hash": "7f6aecd7c572eae4510c354bef0b6d3b6a989808",
            "messageTitle": "Add exception handling for start command",
            "messageBody": "",
            "insertions": 23,
            "deletions": 3
          }
        ]
      },
      {
        "insertions": 93,
        "deletions": 35,
        "date": "2020-03-16",
        "commitResults": [
          {
            "hash": "070fc9ee74f04c5ecb9e0a6f513aa5a03df076b2",
            "messageTitle": "Add Junit test for add exception",
            "messageBody": "",
            "insertions": 40,
            "deletions": 10
          },
          {
            "hash": "958a2b0672e28fbb8c2b78c5d385fb1282f6d7a5",
            "messageTitle": "Add stop/abort exception and junit test",
            "messageBody": "",
            "insertions": 53,
            "deletions": 25
          }
        ]
      }
    ],
    "ananda-lye": [
      {
        "insertions": 1,
        "deletions": 1,
        "date": "2020-03-03",
        "commitResults": [
          {
            "hash": "22fa03690abde3a5b564f2bf00aeaaa3fde84b0f",
            "messageTitle": "ananda\u0027s branch",
            "messageBody": "",
            "insertions": 1,
            "deletions": 1
          }
        ]
      },
      {
        "insertions": 99,
        "deletions": 21,
        "date": "2020-03-05",
        "commitResults": [
          {
            "hash": "9fe9955c4b30d085360e98f7d02f1f971465c6db",
            "messageTitle": "Created main file for Jikan, the Actitivy and Parser Classes",
            "messageBody": "",
            "insertions": 99,
            "deletions": 21
          }
        ]
      },
      {
        "insertions": 50,
        "deletions": 15,
        "date": "2020-03-08",
        "commitResults": [
          {
            "hash": "1a6cb0b1fcdc4e427179185d2fe438d09d3e559c",
            "messageTitle": "Added JavaDocs and fixed style vialotions from gradle style check",
            "messageBody": "",
            "insertions": 50,
            "deletions": 15
          }
        ]
      },
      {
        "insertions": 55,
        "deletions": 27,
        "date": "2020-03-16",
        "commitResults": [
          {
            "hash": "3683d98ff69bb147cf7cd0409ce296954f733c6d",
            "messageTitle": "Adding logging for successful commands as well as errors. Added some minor assertions, checking if startTime and activityName has been reset after end and abort commands.",
            "messageBody": "",
            "insertions": 32,
            "deletions": 3
          },
          {
            "hash": "c6f79c0bfeb5717487d96bfc8b2abdf4315c1a2d",
            "messageTitle": "Reduced severity from WARNING to INFO, and INFO to FINE.",
            "messageBody": "Reduces unnecessary warnings printed to user.\n",
            "insertions": 22,
            "deletions": 23
          },
          {
            "hash": "bee98cd466bda1efcf465ac1e000cd92e9dcb74f",
            "messageTitle": "fixed info logger error",
            "messageBody": "",
            "insertions": 1,
            "deletions": 1
          }
        ]
      },
      {
        "insertions": 124,
        "deletions": 32,
        "date": "2020-03-18",
        "commitResults": [
          {
            "hash": "4edfeed93848f8ce83c275ab17f2f23379b10ea2",
            "messageTitle": "Find and PrintResult methods working",
            "messageBody": "",
            "insertions": 63,
            "deletions": 6
          },
          {
            "hash": "3761e55091dd009232dc00f7ac761828c58990e5",
            "messageTitle": "Completed find and filter with exceptions handling. Arrowhead code still, to be fixed after tags get changed to an ArrayList of Strings",
            "messageBody": "",
            "insertions": 61,
            "deletions": 26
          }
        ]
      },
      {
        "insertions": 98,
        "deletions": 60,
        "date": "2020-03-19",
        "commitResults": [
          {
            "hash": "39677980e8b52506747645a403e3fd64b972a597",
            "messageTitle": "Added Dividers",
            "messageBody": "",
            "insertions": 2,
            "deletions": 0
          },
          {
            "hash": "b58134999ce09123d297787e37cd31e30f768cdd",
            "messageTitle": "changed tags to be stored as Set\u003cString\u003e",
            "messageBody": "",
            "insertions": 60,
            "deletions": 42
          },
          {
            "hash": "86b66144d01f0038df08fe85d4304b8ea4667958",
            "messageTitle": "fixed Style issues",
            "messageBody": "",
            "insertions": 23,
            "deletions": 10
          },
          {
            "hash": "e1465167ed36a52b670017fb8c2d50e87aa9f7f6",
            "messageTitle": "Fixed Test Files Type Incompatibility",
            "messageBody": "",
            "insertions": 10,
            "deletions": 6
          },
          {
            "hash": "5977f52b820d4cb9aa11088142dc16c7c245e997",
            "messageTitle": "added comment",
            "messageBody": "",
            "insertions": 1,
            "deletions": 0
          },
          {
            "hash": "c84d871569060c38b550ffdd0146980ba22be771",
            "messageTitle": "Fixed Filter error",
            "messageBody": "",
            "insertions": 1,
            "deletions": 1
          },
          {
            "hash": "2fedef35386f052bcb20a3aca5884183ffba4478",
            "messageTitle": "Update Parser.java",
            "messageBody": "",
            "insertions": 1,
            "deletions": 1
          }
        ]
      }
    ]
  },
  "authorFinalContributionMap": {
    "btricec": 590,
    "rdimaio": 652,
    "siuhian": 101,
    "nigellenl": 70,
    "ananda-lye": 179
  },
  "authorFileTypeContributionMap": {
    "btricec": {
      "java": 574,
      "md": 2,
      "fxml": 0,
      "sh": 0,
      "bat": 0,
      "gradle": 0,
      "txt": 14
    },
    "rdimaio": {
      "java": 645,
      "md": 1,
      "fxml": 0,
      "sh": 0,
      "bat": 0,
      "gradle": 3,
      "txt": 3
    },
    "siuhian": {
      "java": 100,
      "md": 1,
      "fxml": 0,
      "sh": 0,
      "bat": 0,
      "gradle": 0,
      "txt": 0
    },
    "nigellenl": {
      "java": 69,
      "md": 1,
      "fxml": 0,
      "sh": 0,
      "bat": 0,
      "gradle": 0,
      "txt": 0
    },
    "ananda-lye": {
      "java": 178,
      "md": 1,
      "fxml": 0,
      "sh": 0,
      "bat": 0,
      "gradle": 0,
      "txt": 0
    }
  },
  "authorContributionVariance": {
    "btricec": 14016.108,
    "rdimaio": 9246.637,
    "siuhian": 2497.5215,
    "nigellenl": 725.3554,
    "ananda-lye": 2691.068
  },
  "authorDisplayNameMap": {
    "btricec": "CS2113-T15-1 BEAT..TONG",
    "rdimaio": "CS2113-T15-1 DI M..ARDO",
    "siuhian": "CS2113-T15-1 NG S..HIAN",
    "nigellenl": "CS2113-T15-1 NIGE..UWEN",
    "ananda-lye": "CS2113-T15-1 LYE ..ANDA"
  }
}
