{
  "authorDailyContributionsMap": {
    "btricec": [
      {
        "insertions": 1,
        "deletions": 1,
        "date": "2020-03-03",
        "commitResults": [
          {
            "hash": "c4c78fac7760a916edad44dcbb8aaff5755d58fe",
            "messageTitle": "Change aboutus",
            "messageBody": "",
            "insertions": 1,
            "deletions": 1
          }
        ]
      },
      {
        "insertions": 66,
        "deletions": 12,
        "date": "2020-03-08",
        "commitResults": [
          {
            "hash": "5cf1fbe4add0636d31068570c8762f9e13316c8b",
            "messageTitle": "Add start, end, abort and list commands",
            "messageBody": "",
            "insertions": 66,
            "deletions": 12
          }
        ]
      },
      {
        "insertions": 106,
        "deletions": 43,
        "date": "2020-03-10",
        "commitResults": [
          {
            "hash": "0e21b4c199b83631ea796dd5b22fb3555e9e7a55",
            "messageTitle": "Refactor files and add tests",
            "messageBody": "",
            "insertions": 102,
            "deletions": 24
          },
          {
            "hash": "0da563d30f8f68d0eef6c865cc5eed5584aeb585",
            "messageTitle": "Fix style violations",
            "messageBody": "",
            "insertions": 4,
            "deletions": 19
          }
        ]
      },
      {
        "insertions": 128,
        "deletions": 80,
        "date": "2020-03-11",
        "commitResults": [
          {
            "hash": "2a6fef173818114ada1d9dbb9b775a0a25b8859b",
            "messageTitle": "Add tag delimiter",
            "messageBody": "",
            "insertions": 14,
            "deletions": 6
          },
          {
            "hash": "0e5611729a04f63a5906b47c44683071c9b4a465",
            "messageTitle": "Add error handling",
            "messageBody": "",
            "insertions": 59,
            "deletions": 43
          },
          {
            "hash": "06588c6fdcd858f772f63fc73092d07dc2a5aa8e",
            "messageTitle": "Put list into table format",
            "messageBody": "",
            "insertions": 47,
            "deletions": 25
          },
          {
            "hash": "5d8dc2fff8631c4f2aed0b574140e0aa2a563520",
            "messageTitle": "Fix style",
            "messageBody": "",
            "insertions": 8,
            "deletions": 6
          }
        ]
      },
      {
        "insertions": 113,
        "deletions": 7,
        "date": "2020-03-16",
        "commitResults": [
          {
            "hash": "a8f8a1a32d22bc9b928d7a8e18aa3b1e8f56b653",
            "messageTitle": "Add delete command",
            "messageBody": "",
            "insertions": 49,
            "deletions": 3
          },
          {
            "hash": "0e0a376c0e904dd41c36dbd87dd53e9e44ebc99a",
            "messageTitle": "Add log",
            "messageBody": "",
            "insertions": 47,
            "deletions": 1
          },
          {
            "hash": "9e974a02799ee20b863ddb2a969b704e666c83ca",
            "messageTitle": "Add assertion to check if tags is null when activity is started",
            "messageBody": "",
            "insertions": 5,
            "deletions": 0
          },
          {
            "hash": "fcf112776a5b5c93c9b8db0a5207596ca4132a64",
            "messageTitle": "Fix style error",
            "messageBody": "",
            "insertions": 12,
            "deletions": 3
          }
        ]
      },
      {
        "insertions": 75,
        "deletions": 16,
        "date": "2020-03-17",
        "commitResults": [
          {
            "hash": "46212558a636415dff02a243606dac678f53476d",
            "messageTitle": "Change list format",
            "messageBody": "",
            "insertions": 45,
            "deletions": 0
          },
          {
            "hash": "cbd8d8cfdcf68cd0955b9d8f1cb51e14d467e9de",
            "messageTitle": "Add exception handling and update StorageHandlerTest",
            "messageBody": "",
            "insertions": 26,
            "deletions": 13
          },
          {
            "hash": "ef5c6b7f613d8ed63bcb4cf0e45f27088cedc1c9",
            "messageTitle": "Fixed storage bugs",
            "messageBody": "",
            "insertions": 4,
            "deletions": 3
          }
        ]
      },
      {
        "insertions": 193,
        "deletions": 86,
        "date": "2020-03-21",
        "commitResults": [
          {
            "hash": "ace1828d6c316b2b17548be7ec46e73bac779efe",
            "messageTitle": "Add continue command",
            "messageBody": "",
            "insertions": 49,
            "deletions": 11
          },
          {
            "hash": "017439b769e37434f8f99a50f6dfa2c29ecc1777",
            "messageTitle": "Check for duplicate activity name",
            "messageBody": "",
            "insertions": 39,
            "deletions": 27
          },
          {
            "hash": "79ddecc7cfc18f8c34022d461288788c797c32c8",
            "messageTitle": "Add storage handler for continue",
            "messageBody": "",
            "insertions": 41,
            "deletions": 13
          },
          {
            "hash": "db735dd7ef6089d4537b536cc869cf692b5d7143",
            "messageTitle": "Option to continue activity with same name",
            "messageBody": "",
            "insertions": 16,
            "deletions": 3
          },
          {
            "hash": "90664afa8c3cca6e40b969b50108d351e1b2712b",
            "messageTitle": "Add option to save ongoing activity before exit",
            "messageBody": "",
            "insertions": 48,
            "deletions": 32
          }
        ]
      },
      {
        "insertions": 271,
        "deletions": 204,
        "date": "2020-03-22",
        "commitResults": [
          {
            "hash": "d01ca2ee8610ddc5fef2e76807ecd7e2d72cc496",
            "messageTitle": "Fixed warnings",
            "messageBody": "",
            "insertions": 168,
            "deletions": 164
          },
          {
            "hash": "77e6d8f7627d646d3a33f9a7d187e7d11aa2e75b",
            "messageTitle": "Change delete to delete by name",
            "messageBody": "",
            "insertions": 57,
            "deletions": 21
          },
          {
            "hash": "47f281cbfb6b8cb5754c7013dd6896ea7ed37860",
            "messageTitle": "Fix style and tests",
            "messageBody": "",
            "insertions": 40,
            "deletions": 15
          },
          {
            "hash": "f8de66613022eda3929a108118c0840022bade1a",
            "messageTitle": "Added some logs",
            "messageBody": "",
            "insertions": 6,
            "deletions": 4
          }
        ]
      },
      {
        "insertions": 364,
        "deletions": 384,
        "date": "2020-03-25",
        "commitResults": [
          {
            "hash": "c65a37175d96af968dd797d77fdbf61c8cd646c0",
            "messageTitle": "Add continue feature in implementation",
            "messageBody": "",
            "insertions": 40,
            "deletions": 0
          },
          {
            "hash": "9bf34374b11d7d80177ab90e9f85ba8443753c05",
            "messageTitle": "Refactor commands",
            "messageBody": "",
            "insertions": 279,
            "deletions": 278
          },
          {
            "hash": "0d7d0385a80653a85324ed99290852eeb34b6383",
            "messageTitle": "Refactor clean command",
            "messageBody": "",
            "insertions": 45,
            "deletions": 106
          }
        ]
      },
      {
        "insertions": 198,
        "deletions": 78,
        "date": "2020-03-28",
        "commitResults": [
          {
            "hash": "fffed57a465333b812f945b072c3cc28dbd1e906",
            "messageTitle": "Add graph command",
            "messageBody": "",
            "insertions": 59,
            "deletions": 25
          },
          {
            "hash": "f112af6de33097aef912b4a84aba56b82cd260a4",
            "messageTitle": "Add graph by tags",
            "messageBody": "",
            "insertions": 43,
            "deletions": 4
          },
          {
            "hash": "f12bf25e415959b33fa6e20214ee71b866366a74",
            "messageTitle": "Refactor graph command",
            "messageBody": "",
            "insertions": 53,
            "deletions": 37
          },
          {
            "hash": "e69cfaec697687ce39706285ed3fcd698fb568a8",
            "messageTitle": "Added som exception handling",
            "messageBody": "",
            "insertions": 17,
            "deletions": 7
          },
          {
            "hash": "6e82fef7430e880af5b7d21df90037e57726d2e1",
            "messageTitle": "Fixed style",
            "messageBody": "",
            "insertions": 13,
            "deletions": 4
          },
          {
            "hash": "33b7aae3044eed41c8a5cc61dcf8e16777fb61a5",
            "messageTitle": "Fixed gradle again",
            "messageBody": "",
            "insertions": 13,
            "deletions": 1
          }
        ]
      },
      {
        "insertions": 662,
        "deletions": 307,
        "date": "2020-03-29",
        "commitResults": [
          {
            "hash": "15d65fc69d5e9bf3f5214a3de375ef8fd24bbf62",
            "messageTitle": "Add tests for some commands",
            "messageBody": "",
            "insertions": 263,
            "deletions": 14
          },
          {
            "hash": "26c329e513b70b04359ae8a03674ca6c8ab90bae",
            "messageTitle": "Add text-ui test",
            "messageBody": "",
            "insertions": 24,
            "deletions": 17
          },
          {
            "hash": "94678bb058e7cfc9476312ed3db2f005b8a60466",
            "messageTitle": "Fix continue bug",
            "messageBody": "",
            "insertions": 118,
            "deletions": 132
          },
          {
            "hash": "5c4c19374f5fc9527c638158273398648da778fd",
            "messageTitle": "Fix style and update tests",
            "messageBody": "",
            "insertions": 82,
            "deletions": 47
          },
          {
            "hash": "85b8011ba95be0b01bc9913d40dc424aa7b35aef",
            "messageTitle": "Edit sh file",
            "messageBody": "",
            "insertions": 23,
            "deletions": 10
          },
          {
            "hash": "c035c789d319ebcd4f0b8ebf1e02ca53626db614",
            "messageTitle": "no message",
            "messageBody": "",
            "insertions": 1,
            "deletions": 1
          },
          {
            "hash": "2d2a5d6a290f16578f6250c3324e47f1518e3ea4",
            "messageTitle": "no message",
            "messageBody": "",
            "insertions": 27,
            "deletions": 45
          },
          {
            "hash": "a223046f1590909f2efbe0aff3f60b05d2311a45",
            "messageTitle": "no message",
            "messageBody": "",
            "insertions": 1,
            "deletions": 5
          },
          {
            "hash": "595079ea02de87c99cab1edacbad061fce66505c",
            "messageTitle": "no message",
            "messageBody": "",
            "insertions": 1,
            "deletions": 1
          },
          {
            "hash": "2a5602907226361382ff054820b112884a4cb6eb",
            "messageTitle": "Redo UI test",
            "messageBody": "",
            "insertions": 24,
            "deletions": 15
          },
          {
            "hash": "7b8689064ace5527872366dd24d922a3b57f2ac6",
            "messageTitle": "Fix duplicate activity bug",
            "messageBody": "",
            "insertions": 3,
            "deletions": 1
          },
          {
            "hash": "222516e73390e39ed470f4450747bbf126b8a5f9",
            "messageTitle": "Change DG link in README and add commands to UG",
            "messageBody": "",
            "insertions": 93,
            "deletions": 17
          },
          {
            "hash": "75311476234b730e804471a3955f512938d76833",
            "messageTitle": "Update text-ui test",
            "messageBody": "",
            "insertions": 2,
            "deletions": 2
          }
        ]
      },
      {
        "insertions": 102,
        "deletions": 39,
        "date": "2020-03-30",
        "commitResults": [
          {
            "hash": "34ba3e796fe9e0a421c3f102e3bb48ab6e2046f1",
            "messageTitle": "Change list month",
            "messageBody": "",
            "insertions": 13,
            "deletions": 6
          },
          {
            "hash": "e0e5eb684504ca28e2f31a611e4c464bfaca8bf1",
            "messageTitle": "Debug some stuff",
            "messageBody": "",
            "insertions": 50,
            "deletions": 33
          },
          {
            "hash": "a465439ff76881bef5ae0e19edbb90c027c727b2",
            "messageTitle": "Fix junit test",
            "messageBody": "",
            "insertions": 1,
            "deletions": 0
          },
          {
            "hash": "38449feedeff063733a5cad3d3205b5900dae219",
            "messageTitle": "Update manual testing in DG",
            "messageBody": "",
            "insertions": 36,
            "deletions": 0
          },
          {
            "hash": "bb1a12c70d769213f4b9bbad9ade8565876702da",
            "messageTitle": "Fix text-ui test",
            "messageBody": "",
            "insertions": 2,
            "deletions": 0
          }
        ]
      },
      {
        "insertions": 86,
        "deletions": 14,
        "date": "2020-03-31",
        "commitResults": [
          {
            "hash": "a47c8534e8284d7cbc755c591a44ed29f9e0bd32",
            "messageTitle": "Update DG",
            "messageBody": "",
            "insertions": 67,
            "deletions": 0
          },
          {
            "hash": "334e4755245d4222ee03c701b789cce371c6a975",
            "messageTitle": "Edit UG",
            "messageBody": "",
            "insertions": 19,
            "deletions": 14
          }
        ]
      },
      {
        "insertions": 11,
        "deletions": 6,
        "date": "2020-04-01",
        "commitResults": [
          {
            "hash": "08ea39da035aa7e56d0edec51974f696bbed81db",
            "messageTitle": "Fix file update",
            "messageBody": "",
            "insertions": 1,
            "deletions": 1
          },
          {
            "hash": "9e3d0d379adff5bcd23997a952e017e079b7c9fe",
            "messageTitle": "Add set up instructions to DG and UG",
            "messageBody": "",
            "insertions": 10,
            "deletions": 5
          }
        ]
      },
      {
        "insertions": 181,
        "deletions": 96,
        "date": "2020-04-03",
        "commitResults": [
          {
            "hash": "fc4021c31bd1738e623557bf33982e81968823bb",
            "messageTitle": "Fix issue #168",
            "messageBody": "",
            "insertions": 2,
            "deletions": 2
          },
          {
            "hash": "f630bf37f501571b34023b0867e2c93f426f8377",
            "messageTitle": "Trim input for find",
            "messageBody": "",
            "insertions": 1,
            "deletions": 1
          },
          {
            "hash": "8586f7e7a75cfb533ad7743cb58a40e4c171ad75",
            "messageTitle": "Fix issue #177 and #178",
            "messageBody": "",
            "insertions": 9,
            "deletions": 3
          },
          {
            "hash": "a4e2bba0520745dc0c6f97cabb60a8ff69ab8e52",
            "messageTitle": "Refactor list command and fix issue #187",
            "messageBody": "",
            "insertions": 47,
            "deletions": 17
          },
          {
            "hash": "a1181d55bd14a203d09cce3f31e618aa0bd7766f",
            "messageTitle": "Add interval parameter for graph tags and fix issue #173",
            "messageBody": "",
            "insertions": 49,
            "deletions": 18
          },
          {
            "hash": "8da8e0ed5da831fd94250e159ff61db4d7bbec18",
            "messageTitle": "Close #195",
            "messageBody": "",
            "insertions": 2,
            "deletions": 4
          },
          {
            "hash": "452883f452ded4a520a89341f0bbe25655467b0d",
            "messageTitle": "Fix Gradle",
            "messageBody": "",
            "insertions": 43,
            "deletions": 19
          },
          {
            "hash": "e167c9eb9de8c3188473824c01d98bf6ced8ecfe",
            "messageTitle": "Fix gradle",
            "messageBody": "",
            "insertions": 5,
            "deletions": 2
          },
          {
            "hash": "0145cbe7e2995b6c6f20dfe58f2ca0a123a8fb46",
            "messageTitle": "Fix tests",
            "messageBody": "",
            "insertions": 10,
            "deletions": 2
          },
          {
            "hash": "2889290fa32a39dc938c07b16b80dd1ae191df78",
            "messageTitle": "Fix text-ui",
            "messageBody": "",
            "insertions": 3,
            "deletions": 5
          },
          {
            "hash": "f8b5f20acfed46ace94ed79d9a40d1499932f06e",
            "messageTitle": "Fix text-ui again :(",
            "messageBody": "",
            "insertions": 10,
            "deletions": 23
          }
        ]
      },
      {
        "insertions": 108,
        "deletions": 45,
        "date": "2020-04-06",
        "commitResults": [
          {
            "hash": "0f251848b30c2d1eab659d01dfd01c822c01126b",
            "messageTitle": "Made command class abstract",
            "messageBody": "",
            "insertions": 19,
            "deletions": 5
          },
          {
            "hash": "d845a1fca69887f96b371e1465376237cd7244c9",
            "messageTitle": "Change saveActivity() parameters",
            "messageBody": "",
            "insertions": 38,
            "deletions": 17
          },
          {
            "hash": "de36baa13459c7343f3ace3fd2984290e1b24c80",
            "messageTitle": "Change graph to lastshownlist",
            "messageBody": "",
            "insertions": 1,
            "deletions": 1
          },
          {
            "hash": "1e0224b9a4078d711d4b3b8c20097c40d40301fe",
            "messageTitle": "Update DG list and graph",
            "messageBody": "",
            "insertions": 50,
            "deletions": 22
          }
        ]
      },
      {
        "insertions": 134,
        "deletions": 3,
        "date": "2020-04-07",
        "commitResults": [
          {
            "hash": "de57b4583902b8ce5a7d0d99a66471857f40da03",
            "messageTitle": "Fix graph bug closes #206",
            "messageBody": "",
            "insertions": 5,
            "deletions": 0
          },
          {
            "hash": "39b85f60b05d21f16f1fa16344e7b2e145c8a96c",
            "messageTitle": "Add PPP",
            "messageBody": "",
            "insertions": 123,
            "deletions": 1
          },
          {
            "hash": "4ea1b2b5d8611f61706572f0f242be28afa50b3a",
            "messageTitle": "Fix extra parameters issue",
            "messageBody": "",
            "insertions": 6,
            "deletions": 2
          }
        ]
      },
      {
        "insertions": 79,
        "deletions": 43,
        "date": "2020-04-08",
        "commitResults": [
          {
            "hash": "52f7f7da13f17233a7b92c03b98cdd4dc5bb7420",
            "messageTitle": "Update UG graph and chaining section",
            "messageBody": "",
            "insertions": 33,
            "deletions": 13
          },
          {
            "hash": "e5af318ea50f82fd2ec0be7645cd53cfa0ac5465",
            "messageTitle": "Update usage section of UG, add example for graph tags Closes #142",
            "messageBody": "",
            "insertions": 46,
            "deletions": 30
          }
        ]
      },
      {
        "insertions": 274,
        "deletions": 251,
        "date": "2020-04-10",
        "commitResults": [
          {
            "hash": "51f6acde154f5d70f0bd8c5e25a327bcb2b339d8",
            "messageTitle": "Fix bugs for list command",
            "messageBody": "",
            "insertions": 53,
            "deletions": 33
          },
          {
            "hash": "1f7f860e7c45e27bb6b6af298a671e1a6fe878e0",
            "messageTitle": "Fix bug for list",
            "messageBody": "",
            "insertions": 3,
            "deletions": 2
          },
          {
            "hash": "829541f4a53912a548bf7f112eba5c878b819296",
            "messageTitle": "Fix bug in continue command",
            "messageBody": "",
            "insertions": 1,
            "deletions": 1
          },
          {
            "hash": "c4f78b6d6949fe0d3f79510fdd2a70e385944d97",
            "messageTitle": "Made find and filter case insensitive",
            "messageBody": "",
            "insertions": 15,
            "deletions": 2
          },
          {
            "hash": "52bd4b50bd302a5ad03a8cd623e638b0576f664d",
            "messageTitle": "Fix bug empty filter keywords",
            "messageBody": "",
            "insertions": 13,
            "deletions": 1
          },
          {
            "hash": "09e9b07c499b1f40ba0b2ddf67e124c84d94a8a1",
            "messageTitle": "Fix bugs for graph command when no parameters supplied",
            "messageBody": "",
            "insertions": 13,
            "deletions": 13
          },
          {
            "hash": "cac5367d20dabf0bdee469601f1c7b917ea8a55a",
            "messageTitle": "Update error messages",
            "messageBody": "",
            "insertions": 47,
            "deletions": 164
          },
          {
            "hash": "2917627bc2411b1344a7c509ef984653563bd3b0",
            "messageTitle": "Delete unused methods in storage handler",
            "messageBody": "",
            "insertions": 1,
            "deletions": 1
          },
          {
            "hash": "faf0d1dd8434a7ae53db6a0b68ab8a4ba585c5e0",
            "messageTitle": "Edit continue to only accept y/n inputs",
            "messageBody": "",
            "insertions": 16,
            "deletions": 12
          },
          {
            "hash": "6e3f5b8a6430e03eb419cef9017e24bfb31e0529",
            "messageTitle": "Fix style and text ui",
            "messageBody": "",
            "insertions": 10,
            "deletions": 13
          },
          {
            "hash": "99110ca26d450b89dfddb95046d49e36c636daa7",
            "messageTitle": "Add junit for graph",
            "messageBody": "",
            "insertions": 92,
            "deletions": 6
          },
          {
            "hash": "d07e9e9c94ddf18c53e48dcde7cfe346dd51c28c",
            "messageTitle": "Fix stylecheck",
            "messageBody": "",
            "insertions": 5,
            "deletions": 3
          },
          {
            "hash": "8ae17c0d8d074d4a3b7a9f37e6daf4de41a69d48",
            "messageTitle": "Add command diagram to DG",
            "messageBody": "",
            "insertions": 5,
            "deletions": 0
          }
        ]
      },
      {
        "insertions": 100,
        "deletions": 91,
        "date": "2020-04-11",
        "commitResults": [
          {
            "hash": "d83a8334a08085129befb51d12e1b7f8410fdb70",
            "messageTitle": "Change string literals to final attributes",
            "messageBody": "",
            "insertions": 60,
            "deletions": 50
          },
          {
            "hash": "446a1f4aea37c99317561128ab4d6a69ae51f256",
            "messageTitle": "Update sequence diagrams for continue and graph",
            "messageBody": "",
            "insertions": 3,
            "deletions": 3
          },
          {
            "hash": "5a03806dd78f23fcef6f82bbed6fdbb81416e880",
            "messageTitle": "Change Duke to Jikan in README",
            "messageBody": "",
            "insertions": 1,
            "deletions": 1
          },
          {
            "hash": "6369563189f20c1f57fea6b97304f10e78371b14",
            "messageTitle": "Update list month in command summary",
            "messageBody": "",
            "insertions": 3,
            "deletions": 3
          },
          {
            "hash": "d7e314d4c7106849ad820698446a1c158a329683",
            "messageTitle": "Fix anchors",
            "messageBody": "",
            "insertions": 33,
            "deletions": 34
          }
        ]
      }
    ],
    "rdimaio": [
      {
        "insertions": 1,
        "deletions": 1,
        "date": "2020-03-03",
        "commitResults": [
          {
            "hash": "73ab2660105ffdb1ebce8aa847355c1cb85295df",
            "messageTitle": "Include information in AboutUs",
            "messageBody": "",
            "insertions": 1,
            "deletions": 1
          }
        ]
      },
      {
        "insertions": 309,
        "deletions": 3,
        "date": "2020-03-08",
        "commitResults": [
          {
            "hash": "0f87c816143fa0b94b44a15c2f115a6745b24cc7",
            "messageTitle": "Add Storage and StorageHandler",
            "messageBody": "",
            "insertions": 308,
            "deletions": 2
          },
          {
            "hash": "4a63e7f72a025058458b133f052a07918f21ee25",
            "messageTitle": "Fix order in main",
            "messageBody": "",
            "insertions": 1,
            "deletions": 1
          }
        ]
      },
      {
        "insertions": 60,
        "deletions": 29,
        "date": "2020-03-09",
        "commitResults": [
          {
            "hash": "0227af373f7e80b2dbf1f6049eae96795d37963f",
            "messageTitle": "Refactor storage in jikan, add template for StorageTest",
            "messageBody": "",
            "insertions": 6,
            "deletions": 8
          },
          {
            "hash": "8208055dac39f88f20c05f971744c1b01a80c6c0",
            "messageTitle": "Merge Ananda\u0027s pr",
            "messageBody": "",
            "insertions": 48,
            "deletions": 15
          },
          {
            "hash": "f1cb9281ed3090b17bda98acdd67bdb5f2929ed5",
            "messageTitle": "Fix style",
            "messageBody": "",
            "insertions": 4,
            "deletions": 4
          },
          {
            "hash": "6a1ea2bc6a8c395ad89b2706f8c7663f9f4c9819",
            "messageTitle": "Fix style",
            "messageBody": "",
            "insertions": 2,
            "deletions": 1
          },
          {
            "hash": "33e2e6f30047e86ea380b9cc813e1d8103b7c5c2",
            "messageTitle": "Remove old text redirection",
            "messageBody": "",
            "insertions": 0,
            "deletions": 1
          }
        ]
      },
      {
        "insertions": 238,
        "deletions": 58,
        "date": "2020-03-10",
        "commitResults": [
          {
            "hash": "d5a7fa3649911000999d03ce50068f5efb3da1ef",
            "messageTitle": "Refactor",
            "messageBody": "",
            "insertions": 24,
            "deletions": 28
          },
          {
            "hash": "1c6886eb90c3f48a8e16d6f46eb735adda6d820a",
            "messageTitle": "Fix storage to save task on end",
            "messageBody": "",
            "insertions": 28,
            "deletions": 4
          },
          {
            "hash": "c480d59358cca2456c94445e185f2c76c22f67d0",
            "messageTitle": "Add javadoc",
            "messageBody": "",
            "insertions": 4,
            "deletions": 0
          },
          {
            "hash": "c132b0f57f134df8b0108f29f096cb5941ce81ae",
            "messageTitle": "Add Storage tests",
            "messageBody": "",
            "insertions": 83,
            "deletions": 15
          },
          {
            "hash": "f51926779555902e4411ff59259747787d4d47db",
            "messageTitle": "Add StorageHandler tests",
            "messageBody": "",
            "insertions": 90,
            "deletions": 3
          },
          {
            "hash": "36e8a100458709e20c800828cf61dbe2e6ce7d48",
            "messageTitle": "Fix style errors",
            "messageBody": "",
            "insertions": 2,
            "deletions": 2
          },
          {
            "hash": "a71e84dd73981e5adda7c824c28ae63ae5afeeab",
            "messageTitle": "Fix style errors",
            "messageBody": "",
            "insertions": 1,
            "deletions": 1
          },
          {
            "hash": "bd12ac0e5bd70160cfd486126e2a6d81305762bd",
            "messageTitle": "Fix errors in tests",
            "messageBody": "",
            "insertions": 2,
            "deletions": 0
          },
          {
            "hash": "b2ef6f01115c46daefbb19b89e7a48b6d810ac56",
            "messageTitle": "Fixed error in tests",
            "messageBody": "",
            "insertions": 4,
            "deletions": 5
          }
        ]
      },
      {
        "insertions": 83,
        "deletions": 45,
        "date": "2020-03-16",
        "commitResults": [
          {
            "hash": "d101a9fdfe6a61b2254fe80610d30c7527dee6fe",
            "messageTitle": "Reimplement IO redirection",
            "messageBody": "",
            "insertions": 9,
            "deletions": 0
          },
          {
            "hash": "b1557f83838a4205d4e586830211ccd795d88d51",
            "messageTitle": "Change project name in gradle and fix style error",
            "messageBody": "",
            "insertions": 5,
            "deletions": 4
          },
          {
            "hash": "f794abdaf8e99be399d28076995046ed1fbac0e0",
            "messageTitle": "Fix style check",
            "messageBody": "",
            "insertions": 1,
            "deletions": 1
          },
          {
            "hash": "2552d92515a8a8bd6254f4eae312f1a0c4747962",
            "messageTitle": "Handle ioexception for log in Parser instead of Log",
            "messageBody": "",
            "insertions": 20,
            "deletions": 11
          },
          {
            "hash": "b8d127f18a2ae4a0dde890f68396c02c1b2edac9",
            "messageTitle": "Fix file creation for log file",
            "messageBody": "",
            "insertions": 46,
            "deletions": 17
          },
          {
            "hash": "7f5eb075cae5765b6a3139760290be3b89e2871e",
            "messageTitle": "Fix style",
            "messageBody": "",
            "insertions": 1,
            "deletions": 1
          },
          {
            "hash": "c318c13584634878234616281ba01eb29bf76f42",
            "messageTitle": "Remove list command from test",
            "messageBody": "",
            "insertions": 0,
            "deletions": 1
          },
          {
            "hash": "0918f8da6baf7dcf099c7c2381c685b4819427d7",
            "messageTitle": "Change logo to plain characters",
            "messageBody": "",
            "insertions": 1,
            "deletions": 10
          }
        ]
      },
      {
        "insertions": 14,
        "deletions": 4,
        "date": "2020-03-17",
        "commitResults": [
          {
            "hash": "76c738fd439c111e2f2dfdb89e27df7b20e1a23d",
            "messageTitle": "Fix issue with tags saving incorrectly",
            "messageBody": "",
            "insertions": 10,
            "deletions": 2
          },
          {
            "hash": "d8f11d063af51deef9bc16569991c23092355249",
            "messageTitle": "Fix bug with tasks with no tags",
            "messageBody": "",
            "insertions": 4,
            "deletions": 2
          }
        ]
      },
      {
        "insertions": 160,
        "deletions": 51,
        "date": "2020-03-20",
        "commitResults": [
          {
            "hash": "3dc215d2f1cb9bb6bf8158a872989cd5fc93cb1e",
            "messageTitle": "Add InvalidTimeFrameException",
            "messageBody": "",
            "insertions": 83,
            "deletions": 17
          },
          {
            "hash": "cb29b4230d5ecfd6cd7a84462d6c80329b7fe08b",
            "messageTitle": "Add parseList",
            "messageBody": "",
            "insertions": 45,
            "deletions": 25
          },
          {
            "hash": "3f45cedddc72067039a74e383ab5f813969d8d9d",
            "messageTitle": "Complete all cases for parseList",
            "messageBody": "",
            "insertions": 16,
            "deletions": 4
          },
          {
            "hash": "d8a50d00ec61a527e95104db074a3bcdc6d91b37",
            "messageTitle": "Fix style check",
            "messageBody": "",
            "insertions": 1,
            "deletions": 1
          },
          {
            "hash": "07ca78691bd001a53edd40f665b38b3ae6354a89",
            "messageTitle": "Add InvalidTimeFrameException in test",
            "messageBody": "",
            "insertions": 13,
            "deletions": 3
          },
          {
            "hash": "84c3abca0baa4e63837bf0c3213cd70328e57290",
            "messageTitle": "Add InvalidTimeFrameException in test",
            "messageBody": "",
            "insertions": 2,
            "deletions": 1
          }
        ]
      },
      {
        "insertions": 28,
        "deletions": 5,
        "date": "2020-03-24",
        "commitResults": [
          {
            "hash": "073b5d8d9e1736268eac1126d1c6a8b82075d6e3",
            "messageTitle": "Added Storage and StorageHandler implementations to DG",
            "messageBody": "",
            "insertions": 21,
            "deletions": 0
          },
          {
            "hash": "befc955bc23acfa3251d43ca56e366db4d5960d5",
            "messageTitle": "Update Storage in DG",
            "messageBody": "",
            "insertions": 7,
            "deletions": 5
          }
        ]
      },
      {
        "insertions": 1,
        "deletions": 1,
        "date": "2020-03-25",
        "commitResults": [
          {
            "hash": "767ccba5d463b014d467bb1bf120bb52f09a3aeb",
            "messageTitle": "Fix subheading in DG",
            "messageBody": "",
            "insertions": 1,
            "deletions": 1
          }
        ]
      },
      {
        "insertions": 71,
        "deletions": 42,
        "date": "2020-03-28",
        "commitResults": [
          {
            "hash": "ef1ae4bc32dbfd2e1c4eb640204b639b8f754079",
            "messageTitle": "Remove data files from text-ui-test",
            "messageBody": "",
            "insertions": 0,
            "deletions": 22
          },
          {
            "hash": "10d17ac52e1ce0a08c1103fac8082e32bfa6fe43",
            "messageTitle": "Add list week and month features\u0027",
            "messageBody": "",
            "insertions": 57,
            "deletions": 9
          },
          {
            "hash": "056e4365fb3745d419749f769943ab05c0cfd32d",
            "messageTitle": "Modify parseList command parsing",
            "messageBody": "",
            "insertions": 13,
            "deletions": 10
          },
          {
            "hash": "508787bb82bdc3083e9ee9995837903073de4d14",
            "messageTitle": "Update DG to reflect that duration is being stored too",
            "messageBody": "",
            "insertions": 1,
            "deletions": 1
          }
        ]
      },
      {
        "insertions": 167,
        "deletions": 68,
        "date": "2020-03-31",
        "commitResults": [
          {
            "hash": "eef63d94f8f7fb059296d713adf7cd5227f6113a",
            "messageTitle": "Add multiple storage files functionality",
            "messageBody": "",
            "insertions": 36,
            "deletions": 13
          },
          {
            "hash": "8b9e91f1ccf5409a026ac0f77ce3051da38aa619",
            "messageTitle": "Fix style",
            "messageBody": "",
            "insertions": 1,
            "deletions": 1
          },
          {
            "hash": "e0e8278f06af6f5bbe63a704ce652fe3b535a717",
            "messageTitle": "Fix tests",
            "messageBody": "",
            "insertions": 1,
            "deletions": 0
          },
          {
            "hash": "7aad62679cbbe23b498b548d47f79fea14356e2a",
            "messageTitle": "Update UG",
            "messageBody": "",
            "insertions": 21,
            "deletions": 0
          },
          {
            "hash": "4f5ea8fac458044155dbf3eef9bfc70b7687b5f1",
            "messageTitle": "Add list feature to DG",
            "messageBody": "",
            "insertions": 20,
            "deletions": 3
          },
          {
            "hash": "dd05d4ccb28e047ef4369e92434c5363093e7b55",
            "messageTitle": "Use inline code blocks for commands",
            "messageBody": "",
            "insertions": 4,
            "deletions": 4
          },
          {
            "hash": "bc0e5d9a2876398f9328e349006e10fde1b0dff7",
            "messageTitle": "Use inline code blocks for commands",
            "messageBody": "",
            "insertions": 45,
            "deletions": 46
          },
          {
            "hash": "a46ac92c1eab18ea800cd249b3c97145eeb0e89c",
            "messageTitle": "Add table of contents to DG",
            "messageBody": "",
            "insertions": 39,
            "deletions": 1
          }
        ]
      },
      {
        "insertions": 121,
        "deletions": 51,
        "date": "2020-04-01",
        "commitResults": [
          {
            "hash": "35de897466b3d5642d20f910706d4116c19c7c0a",
            "messageTitle": "Update ActivityList.java",
            "messageBody": "",
            "insertions": 1,
            "deletions": 0
          },
          {
            "hash": "8463e003fe46d7fb788b7490286e0229b07082e9",
            "messageTitle": "Fix list edge case",
            "messageBody": "",
            "insertions": 18,
            "deletions": 16
          },
          {
            "hash": "19e86d40c14dfd7a86f89a21fed3dd2ddc078185",
            "messageTitle": "Refactor exception handling for command execution",
            "messageBody": "",
            "insertions": 23,
            "deletions": 12
          },
          {
            "hash": "8bef77700d92dd43cfcfe797aacb67130468f7a6",
            "messageTitle": "Fix issue with activities longer than 25 characters",
            "messageBody": "",
            "insertions": 69,
            "deletions": 11
          },
          {
            "hash": "336ab2eeabf4c6a816ee1dce32f94759529bb029",
            "messageTitle": "Remove superfluous exception thrown",
            "messageBody": "",
            "insertions": 1,
            "deletions": 2
          },
          {
            "hash": "e9c29c5a4abdc19eed8a3d3571f71198b441f1d3",
            "messageTitle": "Try fixing style",
            "messageBody": "",
            "insertions": 5,
            "deletions": 1
          },
          {
            "hash": "9da23197d91357e1940376363adfbb6e70ba2e64",
            "messageTitle": "Remove empty if block",
            "messageBody": "",
            "insertions": 0,
            "deletions": 3
          },
          {
            "hash": "185dd483807eb4d4e5b71ec54e3c42b5b672d887",
            "messageTitle": "Fix DeleteCommandTest",
            "messageBody": "",
            "insertions": 2,
            "deletions": 4
          },
          {
            "hash": "0ec988710db75a8124a053c4a2da3b66ade40897",
            "messageTitle": "Fix tests",
            "messageBody": "",
            "insertions": 2,
            "deletions": 2
          }
        ]
      },
      {
        "insertions": 159,
        "deletions": 5,
        "date": "2020-04-07",
        "commitResults": [
          {
            "hash": "596ad5b824278c397791807ab3c66fe546fea97d",
            "messageTitle": "Add assertions",
            "messageBody": "",
            "insertions": 1,
            "deletions": 0
          },
          {
            "hash": "e6b34eeb09390202927cb25f1d601f39434264e4",
            "messageTitle": "Add more assertions",
            "messageBody": "",
            "insertions": 14,
            "deletions": 0
          },
          {
            "hash": "6c51502c4aa79794954eac5425ee1ed959ca95ca",
            "messageTitle": "Add PPP",
            "messageBody": "",
            "insertions": 139,
            "deletions": 0
          },
          {
            "hash": "f353faeddf5c34dfdce396c0cefecab3e7e563f8",
            "messageTitle": "Add links to members\u0027 portfolios",
            "messageBody": "",
            "insertions": 5,
            "deletions": 5
          }
        ]
      },
      {
        "insertions": 19,
        "deletions": 24,
        "date": "2020-04-11",
        "commitResults": [
          {
            "hash": "84e774850786bc89c6a0021c823c0ba9337106b9",
            "messageTitle": "Added product intro in docs README",
            "messageBody": "",
            "insertions": 1,
            "deletions": 1
          },
          {
            "hash": "4dbeba7b1f5d14c55e9be343c03022f0434ec63e",
            "messageTitle": "Add links to github.io versions",
            "messageBody": "",
            "insertions": 3,
            "deletions": 3
          },
          {
            "hash": "d9718f7f1e72be2b5558af0a7d9e3fbac9317cac",
            "messageTitle": "Remove photo column from AboutUs",
            "messageBody": "",
            "insertions": 7,
            "deletions": 7
          },
          {
            "hash": "e707d77b5e7ba510aab8997307351690916019a6",
            "messageTitle": "Added direct links to PPP web versions",
            "messageBody": "",
            "insertions": 7,
            "deletions": 7
          },
          {
            "hash": "ba8e71116fd3bdc896f8588ebb82c698d669fd07",
            "messageTitle": "Remove unused johndoe file",
            "messageBody": "",
            "insertions": 0,
            "deletions": 6
          },
          {
            "hash": "a9815a90097fd81683af496574cb194ccc22701e",
            "messageTitle": "Add docstrings",
            "messageBody": "",
            "insertions": 1,
            "deletions": 0
          }
        ]
      }
    ],
    "siuhian": [
      {
        "insertions": 1,
        "deletions": 1,
        "date": "2020-03-03",
        "commitResults": [
          {
            "hash": "fcb57670598aa858c1548cbdc991a2214e54e0fb",
            "messageTitle": "Add name to about us.",
            "messageBody": "",
            "insertions": 1,
            "deletions": 1
          }
        ]
      },
      {
        "insertions": 12,
        "deletions": 15,
        "date": "2020-03-09",
        "commitResults": [
          {
            "hash": "19cdf1ca7f0b8b66659074f2bba38a40d2c2aaeb",
            "messageTitle": "Change welcome logo",
            "messageBody": "",
            "insertions": 12,
            "deletions": 15
          }
        ]
      },
      {
        "insertions": 165,
        "deletions": 75,
        "date": "2020-03-10",
        "commitResults": [
          {
            "hash": "5dce5610ec26b0378cbe404d130b3f9c51e62323",
            "messageTitle": "Add a Ui class and refactor some code",
            "messageBody": "",
            "insertions": 163,
            "deletions": 74
          },
          {
            "hash": "24570dafd2a98c36d6dc94ff9ea48151c9a14330",
            "messageTitle": "Fix some style issues",
            "messageBody": "",
            "insertions": 2,
            "deletions": 1
          }
        ]
      },
      {
        "insertions": 3,
        "deletions": 2,
        "date": "2020-03-11",
        "commitResults": [
          {
            "hash": "4319bf0a0e150758baa4540dcd083c034413ea36",
            "messageTitle": "Move Ui class into a package",
            "messageBody": "",
            "insertions": 3,
            "deletions": 2
          }
        ]
      },
      {
        "insertions": 31,
        "deletions": 55,
        "date": "2020-03-22",
        "commitResults": [
          {
            "hash": "7d0beacbd4228d28fe406a2071d51608e08c3629",
            "messageTitle": "Enable assertions",
            "messageBody": "",
            "insertions": 1,
            "deletions": 0
          },
          {
            "hash": "decda3c665e7bbacf7df5cbf03bfade1d3f66b7c",
            "messageTitle": "Move the createActivityList method from Jikan Class to Storage Class",
            "messageBody": "",
            "insertions": 30,
            "deletions": 55
          }
        ]
      },
      {
        "insertions": 185,
        "deletions": 4,
        "date": "2020-03-23",
        "commitResults": [
          {
            "hash": "455b385f157f055f7460f8f0014a5d14b94e6f95",
            "messageTitle": "Add storage cleaner v1.0",
            "messageBody": "",
            "insertions": 164,
            "deletions": 4
          },
          {
            "hash": "6d9d8fee4850dc2e1571e199e95463fd2d96f00d",
            "messageTitle": "Updated EXPECTED.TXT",
            "messageBody": "",
            "insertions": 13,
            "deletions": 0
          },
          {
            "hash": "30be23b1292b9f37c3e4121dc0b8f733fab267b4",
            "messageTitle": "Some more edits to EXPECTED.TXT",
            "messageBody": "",
            "insertions": 8,
            "deletions": 0
          }
        ]
      },
      {
        "insertions": 7,
        "deletions": 4,
        "date": "2020-03-24",
        "commitResults": [
          {
            "hash": "42e9d5e673dc5b683a282e8f7a5b47fcceb8330c",
            "messageTitle": "Add assertions and logging",
            "messageBody": "",
            "insertions": 7,
            "deletions": 4
          }
        ]
      },
      {
        "insertions": 59,
        "deletions": 2,
        "date": "2020-03-25",
        "commitResults": [
          {
            "hash": "16825e9c4fe702f5ba44c97d4e47e1706844f721",
            "messageTitle": "Updated DG",
            "messageBody": "",
            "insertions": 59,
            "deletions": 2
          }
        ]
      },
      {
        "insertions": 179,
        "deletions": 115,
        "date": "2020-03-29",
        "commitResults": [
          {
            "hash": "1676272bb91675a6d47c31b2e0cb0f3a31727a54",
            "messageTitle": "Add allocated time v1.0",
            "messageBody": "",
            "insertions": 67,
            "deletions": 54
          },
          {
            "hash": "b80634e7b31bd9cb0152003408be0f8a702df625",
            "messageTitle": "Add allocated time v1.1",
            "messageBody": "",
            "insertions": 34,
            "deletions": 18
          },
          {
            "hash": "ee9bdac303ff311b117cdb035e89303b410b9e73",
            "messageTitle": "Add allocate time v2.0",
            "messageBody": "",
            "insertions": 25,
            "deletions": 9
          },
          {
            "hash": "7b4d1710208371cc0b3095f8e5f9901bfe67b3d3",
            "messageTitle": "Made some Junit changes",
            "messageBody": "",
            "insertions": 22,
            "deletions": 17
          },
          {
            "hash": "c40d1b08ee7474fbaa53f46d48a82d452abb5c7b",
            "messageTitle": "Fix some Junit issues",
            "messageBody": "",
            "insertions": 23,
            "deletions": 13
          },
          {
            "hash": "8b23057436b617ae61d9600eb743036afe6c670f",
            "messageTitle": "Bug fixing for Text-Ui",
            "messageBody": "",
            "insertions": 8,
            "deletions": 4
          }
        ]
      },
      {
        "insertions": 508,
        "deletions": 86,
        "date": "2020-03-30",
        "commitResults": [
          {
            "hash": "7c9b624ed8bd43c66ad498cb73cd29a3913ffb24",
            "messageTitle": "Add response when user hits his targeted time for an activity",
            "messageBody": "",
            "insertions": 69,
            "deletions": 10
          },
          {
            "hash": "231a825cf9d15dbcd7ddb2b5b964abf9a0d5c63e",
            "messageTitle": "Fix checkstyle",
            "messageBody": "",
            "insertions": 1,
            "deletions": 1
          },
          {
            "hash": "465f64dc9e36b737a1f92663dfa40dc3426ffa04",
            "messageTitle": "Fix some allocate issues",
            "messageBody": "",
            "insertions": 13,
            "deletions": 3
          },
          {
            "hash": "4f60f27ed5b576395c5f899137faa70f08625ba2",
            "messageTitle": "Add LogClean class",
            "messageBody": "",
            "insertions": 349,
            "deletions": 61
          },
          {
            "hash": "a78945c6433a41ebda437962e6f152499c8a866a",
            "messageTitle": "Added graphing for targets",
            "messageBody": "",
            "insertions": 44,
            "deletions": 7
          },
          {
            "hash": "36e7be5ac93c16ed325a8c64a0063bdb6bdff021",
            "messageTitle": "Add javadoc",
            "messageBody": "",
            "insertions": 9,
            "deletions": 0
          },
          {
            "hash": "c7b6d16777c68c26526bc44e07accc39b4b20f44",
            "messageTitle": "Fix text-ui-test",
            "messageBody": "",
            "insertions": 9,
            "deletions": 1
          },
          {
            "hash": "5433278dd4cdcc675ee5a3e73dcc6c10d3907260",
            "messageTitle": "Fix Welcome logo",
            "messageBody": "",
            "insertions": 14,
            "deletions": 3
          }
        ]
      },
      {
        "insertions": 54,
        "deletions": 5,
        "date": "2020-03-31",
        "commitResults": [
          {
            "hash": "1af28fc932962e620513d53ad273f13c1a7aac6a",
            "messageTitle": "Update UG",
            "messageBody": "",
            "insertions": 54,
            "deletions": 5
          }
        ]
      },
      {
        "insertions": 525,
        "deletions": 300,
        "date": "2020-04-06",
        "commitResults": [
          {
            "hash": "c434639fbae67486a270ea6f06a30e5f63fb2462",
            "messageTitle": "Can get activity name",
            "messageBody": "",
            "insertions": 122,
            "deletions": 9
          },
          {
            "hash": "6b132a0bd423b4aaa8731900e99127c8e392097c",
            "messageTitle": "Debugged start command",
            "messageBody": "",
            "insertions": 194,
            "deletions": 113
          },
          {
            "hash": "df6d5d1aafe144ca2393ab0567254f03d7371e53",
            "messageTitle": "Standardize the use of allocation",
            "messageBody": "",
            "insertions": 5,
            "deletions": 9
          },
          {
            "hash": "b51804daf2aaa99997e464a47aea730d2f14cace",
            "messageTitle": "Change targets to allocation",
            "messageBody": "",
            "insertions": 23,
            "deletions": 23
          },
          {
            "hash": "31af75f19de70af134074bf4d97e3d36d8eeac31",
            "messageTitle": "Create abstract cleaner class",
            "messageBody": "",
            "insertions": 181,
            "deletions": 146
          }
        ]
      },
      {
        "insertions": 454,
        "deletions": 319,
        "date": "2020-04-07",
        "commitResults": [
          {
            "hash": "95853fe36f743e58e376eeeada2bdd16fdb52410",
            "messageTitle": "Modify both cleaners",
            "messageBody": "",
            "insertions": 117,
            "deletions": 176
          },
          {
            "hash": "63f5ad0cda4122a39d31d431b8aed2598a5b4e89",
            "messageTitle": "Fix empty tags",
            "messageBody": "",
            "insertions": 7,
            "deletions": 4
          },
          {
            "hash": "7faefff97f7e3562f2593e7285133f11d869e3b9",
            "messageTitle": "Update PPP",
            "messageBody": "",
            "insertions": 153,
            "deletions": 1
          },
          {
            "hash": "adc7a6b96aa93d472a680218ab36c6ef15f6de95",
            "messageTitle": "Made some code quality changes",
            "messageBody": "",
            "insertions": 85,
            "deletions": 69
          },
          {
            "hash": "b8360220bd760d95c399809d15dd5af5ecc627a2",
            "messageTitle": "Improve code quality for cleaners",
            "messageBody": "",
            "insertions": 61,
            "deletions": 37
          },
          {
            "hash": "8a1f143e761949bba81705bb6e267da6f2f0cc79",
            "messageTitle": "Refine code quality of cleaners",
            "messageBody": "",
            "insertions": 31,
            "deletions": 32
          }
        ]
      },
      {
        "insertions": 324,
        "deletions": 132,
        "date": "2020-04-08",
        "commitResults": [
          {
            "hash": "c06cd929acde90fa2402ab69c1e4b560fd3f4c87",
            "messageTitle": "Code quality improvements and debugging for clean command.",
            "messageBody": "",
            "insertions": 298,
            "deletions": 125
          },
          {
            "hash": "cf881e4afc54ad6a07de152e6c0a391cec261bde",
            "messageTitle": "Fixed tag issues",
            "messageBody": "",
            "insertions": 26,
            "deletions": 7
          }
        ]
      },
      {
        "insertions": 240,
        "deletions": 81,
        "date": "2020-04-10",
        "commitResults": [
          {
            "hash": "0d81f424ffc90ebfb03bb99af98d6ec73642c06b",
            "messageTitle": "Add to UG",
            "messageBody": "",
            "insertions": 83,
            "deletions": 36
          },
          {
            "hash": "d23ad4ffcec9c8e318728c76948eec239a78fa29",
            "messageTitle": "Resolve some formatting issues in UG",
            "messageBody": "",
            "insertions": 10,
            "deletions": 0
          },
          {
            "hash": "7cd3c0027c105c7d9a696c1a2163c917794a7294",
            "messageTitle": "Create new section in DG for start feature",
            "messageBody": "",
            "insertions": 147,
            "deletions": 45
          }
        ]
      },
      {
        "insertions": 455,
        "deletions": 94,
        "date": "2020-04-11",
        "commitResults": [
          {
            "hash": "65475112d673ab7ebf8e6348282905e29e111595",
            "messageTitle": "Edit the clean feature component of DG",
            "messageBody": "",
            "insertions": 83,
            "deletions": 25
          },
          {
            "hash": "d4c626a1b44e623592424340e6126a588f04eb23",
            "messageTitle": "Create Junit for clean command",
            "messageBody": "",
            "insertions": 97,
            "deletions": 4
          },
          {
            "hash": "fe25e2d0454166be366dd516971ef69cc5b5432d",
            "messageTitle": "Fixed PPP broken link and added to own PPP",
            "messageBody": "",
            "insertions": 269,
            "deletions": 58
          },
          {
            "hash": "6c6c666c3cefd23bf1ed654a338f69d716f0bd7c",
            "messageTitle": "slight formatting issue in PPP",
            "messageBody": "",
            "insertions": 1,
            "deletions": 2
          },
          {
            "hash": "4ba224b20a5b34f7e75e664b7653b16e2a71fcf7",
            "messageTitle": "Fix PPP",
            "messageBody": "",
            "insertions": 1,
            "deletions": 1
          },
          {
            "hash": "8df2edefe73cb6c64ac3a689d34292a9a279d30f",
            "messageTitle": "Fix some format issues",
            "messageBody": "",
            "insertions": 2,
            "deletions": 2
          },
          {
            "hash": "3816162a583cd3a59ccdb05b00ab8ee5d05e4be5",
            "messageTitle": "Change diagram for DG",
            "messageBody": "",
            "insertions": 1,
            "deletions": 1
          },
          {
            "hash": "b3865b62172490348f77ad83059f32d9102d265b",
            "messageTitle": "edit UG",
            "messageBody": "",
            "insertions": 1,
            "deletions": 1
          }
        ]
      }
    ],
    "nigellenl": [
      {
        "insertions": 1,
        "deletions": 1,
        "date": "2020-03-03",
        "commitResults": [
          {
            "hash": "e0d80f71468280d61b27c562d7e10d4f5b7bb624",
            "messageTitle": "Update AboutUs file",
            "messageBody": "",
            "insertions": 1,
            "deletions": 1
          }
        ]
      },
      {
        "insertions": 23,
        "deletions": 3,
        "date": "2020-03-11",
        "commitResults": [
          {
            "hash": "7f6aecd7c572eae4510c354bef0b6d3b6a989808",
            "messageTitle": "Add exception handling for start command",
            "messageBody": "",
            "insertions": 23,
            "deletions": 3
          }
        ]
      },
      {
        "insertions": 93,
        "deletions": 35,
        "date": "2020-03-16",
        "commitResults": [
          {
            "hash": "070fc9ee74f04c5ecb9e0a6f513aa5a03df076b2",
            "messageTitle": "Add Junit test for add exception",
            "messageBody": "",
            "insertions": 40,
            "deletions": 10
          },
          {
            "hash": "958a2b0672e28fbb8c2b78c5d385fb1282f6d7a5",
            "messageTitle": "Add stop/abort exception and junit test",
            "messageBody": "",
            "insertions": 53,
            "deletions": 25
          }
        ]
      },
      {
        "insertions": 45,
        "deletions": 0,
        "date": "2020-03-22",
        "commitResults": [
          {
            "hash": "d4b30ee44c8fcceb2519256e8aa5115a231c5277",
            "messageTitle": "Add edit name command",
            "messageBody": "",
            "insertions": 45,
            "deletions": 0
          }
        ]
      },
      {
        "insertions": 532,
        "deletions": 169,
        "date": "2020-03-23",
        "commitResults": [
          {
            "hash": "3db3976e1ad9f76f8d815e0d11f24be92daa55ad",
            "messageTitle": "Refactor code to extract out command classes",
            "messageBody": "",
            "insertions": 491,
            "deletions": 132
          },
          {
            "hash": "2bdcf91c8ff4584e234661a7da8e235cb77e6c65",
            "messageTitle": "Edit exception message to be consistent with others.",
            "messageBody": "",
            "insertions": 2,
            "deletions": 2
          },
          {
            "hash": "4d196a0458f937b6e198d4535b8b43edc39a71ba",
            "messageTitle": "Initialise scanner object in start command",
            "messageBody": "",
            "insertions": 1,
            "deletions": 1
          },
          {
            "hash": "b9a36ac3672b3bebf09e7123436664d251abaddb",
            "messageTitle": "Edit EXPECTED.TXT file",
            "messageBody": "",
            "insertions": 1,
            "deletions": 1
          },
          {
            "hash": "27e9573ec04e03cbf95bd330b75d2efdc537550c",
            "messageTitle": "Fix gradle style error",
            "messageBody": "",
            "insertions": 1,
            "deletions": 1
          },
          {
            "hash": "9326edc399ff73555a6d2cde6c68958c4fd5e149",
            "messageTitle": "Fix bug in scanner reading line for continue parser.",
            "messageBody": "",
            "insertions": 15,
            "deletions": 11
          },
          {
            "hash": "912435230b56132d9aae38f8bccb6e888ff83377",
            "messageTitle": "Fix bugs from scanner object redirecting input output",
            "messageBody": "",
            "insertions": 21,
            "deletions": 21
          }
        ]
      },
      {
        "insertions": 78,
        "deletions": 22,
        "date": "2020-03-25",
        "commitResults": [
          {
            "hash": "425c1460a5bae6b990ca8174fc8f9eb61948aa17",
            "messageTitle": "Add setup and appendix to DG",
            "messageBody": "",
            "insertions": 44,
            "deletions": 13
          },
          {
            "hash": "7b2407f536908ad5cd0afe1a471fec55b75bc7b1",
            "messageTitle": "Update DG with edit feature",
            "messageBody": "",
            "insertions": 26,
            "deletions": 1
          },
          {
            "hash": "2c363fc799a93e0f58e3b32637ecf0a50effe76c",
            "messageTitle": "Update numbering in DG",
            "messageBody": "",
            "insertions": 8,
            "deletions": 8
          }
        ]
      },
      {
        "insertions": 169,
        "deletions": 51,
        "date": "2020-03-29",
        "commitResults": [
          {
            "hash": "a95f1e7d289766d9e776fa7e08b1145559a1a65e",
            "messageTitle": "Add new exception classes",
            "messageBody": "",
            "insertions": 12,
            "deletions": 0
          },
          {
            "hash": "9fb22ce3889843497bc70f97f7fd5b9e829405e8",
            "messageTitle": "Fix exception handling for all commands",
            "messageBody": "",
            "insertions": 113,
            "deletions": 37
          },
          {
            "hash": "7820c2f6f69a49ca05d4e3c5cbd4d4e73a6dbd30",
            "messageTitle": "Fix style for gradle style check",
            "messageBody": "",
            "insertions": 5,
            "deletions": 6
          },
          {
            "hash": "f3518a1f4ab8c4aeff3e9e72b56dc76022196082",
            "messageTitle": "Fix style issues",
            "messageBody": "",
            "insertions": 3,
            "deletions": 3
          },
          {
            "hash": "5ccd26e27b9341cfcfd60eb5621a1046b51c5865",
            "messageTitle": "Add edit tags feature to edit command",
            "messageBody": "",
            "insertions": 32,
            "deletions": 3
          },
          {
            "hash": "efcf8c9bcd2de201b4e69539b5f69901e56cad47",
            "messageTitle": "Fix style issues for gradle check",
            "messageBody": "",
            "insertions": 4,
            "deletions": 2
          }
        ]
      },
      {
        "insertions": 554,
        "deletions": 80,
        "date": "2020-03-30",
        "commitResults": [
          {
            "hash": "c41737e0ae47324bfc48cfa03bfbb665dead8cfb",
            "messageTitle": "Add new exception classes",
            "messageBody": "",
            "insertions": 8,
            "deletions": 0
          },
          {
            "hash": "6bb2325f158d6514f3146e8b0d04dfeb61ae0735",
            "messageTitle": "Add new Goal command",
            "messageBody": "",
            "insertions": 272,
            "deletions": 13
          },
          {
            "hash": "0f4d394c413f01afbbbc1a4d24ff33fd41bd1deb",
            "messageTitle": "Add new View Goal command",
            "messageBody": "",
            "insertions": 135,
            "deletions": 1
          },
          {
            "hash": "3921b1bd08e9db06487d0208bb6f722960d215ab",
            "messageTitle": "Add javadoc for style",
            "messageBody": "",
            "insertions": 6,
            "deletions": 1
          },
          {
            "hash": "7d69efe8e489caea60353f8bf2a75dc79f8a4333",
            "messageTitle": "Fix style issues for gradle check",
            "messageBody": "",
            "insertions": 4,
            "deletions": 3
          },
          {
            "hash": "6cedd80c685e4df681260342628f5e31b7024820",
            "messageTitle": "Fix style issues",
            "messageBody": "",
            "insertions": 1,
            "deletions": 16
          },
          {
            "hash": "f9d87999c53c15e845871db3cfbc07ebdcae3767",
            "messageTitle": "Add edit allocated time feature",
            "messageBody": "",
            "insertions": 60,
            "deletions": 13
          },
          {
            "hash": "e52d458ae35f012f6ac3a9fddc77b2bd0429e582",
            "messageTitle": "Fix start exception handling",
            "messageBody": "",
            "insertions": 3,
            "deletions": 0
          },
          {
            "hash": "0ee76c840dedbfb71d71795fb17e184a9a7c5e04",
            "messageTitle": "Add commands to UG",
            "messageBody": "",
            "insertions": 31,
            "deletions": 16
          },
          {
            "hash": "6eb843e359d56d9fcb58690fc07c49c1151fd71d",
            "messageTitle": "Fix bug when editing tags",
            "messageBody": "",
            "insertions": 34,
            "deletions": 17
          }
        ]
      },
      {
        "insertions": 41,
        "deletions": 10,
        "date": "2020-03-31",
        "commitResults": [
          {
            "hash": "6fc9d6639479983577bde79daccee6059521bece",
            "messageTitle": "Update UG",
            "messageBody": "",
            "insertions": 38,
            "deletions": 7
          },
          {
            "hash": "b216e72c07cc06d26f5d8a81420e3aa0f94bcd29",
            "messageTitle": "Update UG",
            "messageBody": "",
            "insertions": 3,
            "deletions": 3
          }
        ]
      },
      {
        "insertions": 107,
        "deletions": 46,
        "date": "2020-04-01",
        "commitResults": [
          {
            "hash": "8b025a10d26a4cd47d91e495e506d8ba15f2b02a",
            "messageTitle": "Update DG",
            "messageBody": "",
            "insertions": 67,
            "deletions": 39
          },
          {
            "hash": "6d9865ac01b1625fe2e3e4648a515510533278fa",
            "messageTitle": "Fix negative duration exception handling",
            "messageBody": "",
            "insertions": 40,
            "deletions": 7
          }
        ]
      },
      {
        "insertions": 87,
        "deletions": 68,
        "date": "2020-04-02",
        "commitResults": [
          {
            "hash": "d538e4aee57f6fd6ef2d392e30b3717bfd40d96a",
            "messageTitle": "Fix edit command exception handling",
            "messageBody": "",
            "insertions": 31,
            "deletions": 39
          },
          {
            "hash": "ed7f904e688d51d674e2c9a167a7fb8a29c38311",
            "messageTitle": "Fix edit command exception handling",
            "messageBody": "",
            "insertions": 24,
            "deletions": 14
          },
          {
            "hash": "569728b39dd698b2be25225a9e4f2b5f8c84b43d",
            "messageTitle": "Fix goal command exception handling",
            "messageBody": "",
            "insertions": 32,
            "deletions": 15
          }
        ]
      },
      {
        "insertions": 45,
        "deletions": 6,
        "date": "2020-04-06",
        "commitResults": [
          {
            "hash": "178eed58307562aef7c366e522b226dcf643beb0",
            "messageTitle": "Add delete for tag goals \u0026 fix exception handling for update tag goals",
            "messageBody": "",
            "insertions": 45,
            "deletions": 6
          }
        ]
      },
      {
        "insertions": 106,
        "deletions": 0,
        "date": "2020-04-07",
        "commitResults": [
          {
            "hash": "ecab22be128a50913495a97ae6bb88365cd04d23",
            "messageTitle": "Add PPP",
            "messageBody": "",
            "insertions": 106,
            "deletions": 0
          }
        ]
      },
      {
        "insertions": 301,
        "deletions": 213,
        "date": "2020-04-10",
        "commitResults": [
          {
            "hash": "96f8b20cb24514f9df41f4ab8d7a3143d24afc75",
            "messageTitle": "Modify goals to use storage and storage handler classes",
            "messageBody": "",
            "insertions": 35,
            "deletions": 35
          },
          {
            "hash": "189f359c09e08f94dc93efe4c02d5ba20cdaeb06",
            "messageTitle": "Add JUnit tests for edit and goal commands",
            "messageBody": "",
            "insertions": 208,
            "deletions": 70
          },
          {
            "hash": "6c468002bbf9424586143073c7bd863d21756cd6",
            "messageTitle": "Add JUnit Tests for Edit and Goal commands",
            "messageBody": "",
            "insertions": 2,
            "deletions": 2
          },
          {
            "hash": "6c6cd4cfbee27915814cb276d860ba27bdbf930b",
            "messageTitle": "Fix goal JUnit test",
            "messageBody": "",
            "insertions": 5,
            "deletions": 26
          },
          {
            "hash": "49856c9b4b9e0a4d298ce66369ccff9ca82f9432",
            "messageTitle": "Fix goal JUnit test",
            "messageBody": "",
            "insertions": 1,
            "deletions": 1
          },
          {
            "hash": "ee08e4ef94cc95f5749f977bde7c6eb4beb307e1",
            "messageTitle": "Try to fix JUnit test for goal command",
            "messageBody": "",
            "insertions": 5,
            "deletions": 7
          },
          {
            "hash": "2dcad0d9eb2e876365bc15df9c537689d417cecc",
            "messageTitle": "Fix style issue",
            "messageBody": "",
            "insertions": 2,
            "deletions": 2
          },
          {
            "hash": "a5042e48fcc13654b4276d62e50685cfe90f4ae9",
            "messageTitle": "Fix goal JUnit test again",
            "messageBody": "",
            "insertions": 5,
            "deletions": 7
          },
          {
            "hash": "33942f90a71429efe6eaea67de1c6fab3971aec4",
            "messageTitle": "Try to fix goal JUnit test",
            "messageBody": "",
            "insertions": 10,
            "deletions": 38
          },
          {
            "hash": "bbf1c47308e07cf6e2383280dfff3bdc7dc3d459",
            "messageTitle": "Update DG and PPP",
            "messageBody": "",
            "insertions": 18,
            "deletions": 16
          },
          {
            "hash": "571d9cac6420cd186178683847f3d11ea0dd0092",
            "messageTitle": "Modify text-ui-test",
            "messageBody": "",
            "insertions": 2,
            "deletions": 1
          },
          {
            "hash": "5f91138cda0d8f27e7bd45b9a37f73f6360ac825",
            "messageTitle": "Fix format issue in the DG",
            "messageBody": "",
            "insertions": 8,
            "deletions": 8
          }
        ]
      },
      {
        "insertions": 154,
        "deletions": 66,
        "date": "2020-04-11",
        "commitResults": [
          {
            "hash": "3943192b6cea75bb588219ac0504a9859241c3b3",
            "messageTitle": "Add table of contents for UG",
            "messageBody": "",
            "insertions": 37,
            "deletions": 0
          },
          {
            "hash": "ad6afd6af7a196cbc9aa5a9649554fc8f7eade4d",
            "messageTitle": "Fix style for gradle check",
            "messageBody": "",
            "insertions": 6,
            "deletions": 6
          },
          {
            "hash": "25d32ef9bc9beeebcd07f426a3c1ba0f0b9be3b0",
            "messageTitle": "Fix text-ui-test",
            "messageBody": "",
            "insertions": 2,
            "deletions": 2
          },
          {
            "hash": "326381a6de6835b69fad8ed20d1d5a9b5968bb93",
            "messageTitle": "Update DG",
            "messageBody": "",
            "insertions": 23,
            "deletions": 9
          },
          {
            "hash": "7fc4ebdba9b62dbbf66da5f1b7e527cb4ae9b610",
            "messageTitle": "Fix formatting for DG",
            "messageBody": "",
            "insertions": 38,
            "deletions": 12
          },
          {
            "hash": "45a41d48869994b724706c0dae2f2d9d04d1e1c5",
            "messageTitle": "Fix table of contents for DG",
            "messageBody": "",
            "insertions": 22,
            "deletions": 22
          },
          {
            "hash": "67f98782239ca7ec30323b440cfba545aaee2957",
            "messageTitle": "Update DG and PPP",
            "messageBody": "",
            "insertions": 24,
            "deletions": 14
          },
          {
            "hash": "23b6abbc3c0e3eb68eeebbc89bee30f6bcc763a6",
            "messageTitle": "Update UG",
            "messageBody": "",
            "insertions": 1,
            "deletions": 0
          },
          {
            "hash": "e6e35648217c54821ccf1fa4500f8d4bdf432c43",
            "messageTitle": "Fix input processing for view goal",
            "messageBody": "",
            "insertions": 1,
            "deletions": 1
          }
        ]
      }
    ],
    "ananda-lye": [
      {
        "insertions": 1,
        "deletions": 1,
        "date": "2020-03-03",
        "commitResults": [
          {
            "hash": "22fa03690abde3a5b564f2bf00aeaaa3fde84b0f",
            "messageTitle": "ananda\u0027s branch",
            "messageBody": "",
            "insertions": 1,
            "deletions": 1
          }
        ]
      },
      {
        "insertions": 99,
        "deletions": 21,
        "date": "2020-03-05",
        "commitResults": [
          {
            "hash": "9fe9955c4b30d085360e98f7d02f1f971465c6db",
            "messageTitle": "Created main file for Jikan, the Actitivy and Parser Classes",
            "messageBody": "",
            "insertions": 99,
            "deletions": 21
          }
        ]
      },
      {
        "insertions": 50,
        "deletions": 15,
        "date": "2020-03-08",
        "commitResults": [
          {
            "hash": "1a6cb0b1fcdc4e427179185d2fe438d09d3e559c",
            "messageTitle": "Added JavaDocs and fixed style vialotions from gradle style check",
            "messageBody": "",
            "insertions": 50,
            "deletions": 15
          }
        ]
      },
      {
        "insertions": 55,
        "deletions": 27,
        "date": "2020-03-16",
        "commitResults": [
          {
            "hash": "3683d98ff69bb147cf7cd0409ce296954f733c6d",
            "messageTitle": "Adding logging for successful commands as well as errors. Added some minor assertions, checking if startTime and activityName has been reset after end and abort commands.",
            "messageBody": "",
            "insertions": 32,
            "deletions": 3
          },
          {
            "hash": "c6f79c0bfeb5717487d96bfc8b2abdf4315c1a2d",
            "messageTitle": "Reduced severity from WARNING to INFO, and INFO to FINE.",
            "messageBody": "Reduces unnecessary warnings printed to user.\n",
            "insertions": 22,
            "deletions": 23
          },
          {
            "hash": "bee98cd466bda1efcf465ac1e000cd92e9dcb74f",
            "messageTitle": "fixed info logger error",
            "messageBody": "",
            "insertions": 1,
            "deletions": 1
          }
        ]
      },
      {
        "insertions": 124,
        "deletions": 32,
        "date": "2020-03-18",
        "commitResults": [
          {
            "hash": "4edfeed93848f8ce83c275ab17f2f23379b10ea2",
            "messageTitle": "Find and PrintResult methods working",
            "messageBody": "",
            "insertions": 63,
            "deletions": 6
          },
          {
            "hash": "3761e55091dd009232dc00f7ac761828c58990e5",
            "messageTitle": "Completed find and filter with exceptions handling. Arrowhead code still, to be fixed after tags get changed to an ArrayList of Strings",
            "messageBody": "",
            "insertions": 61,
            "deletions": 26
          }
        ]
      },
      {
        "insertions": 98,
        "deletions": 60,
        "date": "2020-03-19",
        "commitResults": [
          {
            "hash": "39677980e8b52506747645a403e3fd64b972a597",
            "messageTitle": "Added Dividers",
            "messageBody": "",
            "insertions": 2,
            "deletions": 0
          },
          {
            "hash": "b58134999ce09123d297787e37cd31e30f768cdd",
            "messageTitle": "changed tags to be stored as Set\u003cString\u003e",
            "messageBody": "",
            "insertions": 60,
            "deletions": 42
          },
          {
            "hash": "86b66144d01f0038df08fe85d4304b8ea4667958",
            "messageTitle": "fixed Style issues",
            "messageBody": "",
            "insertions": 23,
            "deletions": 10
          },
          {
            "hash": "e1465167ed36a52b670017fb8c2d50e87aa9f7f6",
            "messageTitle": "Fixed Test Files Type Incompatibility",
            "messageBody": "",
            "insertions": 10,
            "deletions": 6
          },
          {
            "hash": "5977f52b820d4cb9aa11088142dc16c7c245e997",
            "messageTitle": "added comment",
            "messageBody": "",
            "insertions": 1,
            "deletions": 0
          },
          {
            "hash": "c84d871569060c38b550ffdd0146980ba22be771",
            "messageTitle": "Fixed Filter error",
            "messageBody": "",
            "insertions": 1,
            "deletions": 1
          },
          {
            "hash": "2fedef35386f052bcb20a3aca5884183ffba4478",
            "messageTitle": "Update Parser.java",
            "messageBody": "",
            "insertions": 1,
            "deletions": 1
          }
        ]
      },
      {
        "insertions": 37,
        "deletions": 6,
        "date": "2020-03-25",
        "commitResults": [
          {
            "hash": "8c9beabd1407cab2ecadce41a7707f3f80f1a77e",
            "messageTitle": "DG for Find and Filter",
            "messageBody": "",
            "insertions": 33,
            "deletions": 2
          },
          {
            "hash": "c4dd99e50f659efa3cae4f54c85235e4b0dcae85",
            "messageTitle": "Update DeveloperGuide.md",
            "messageBody": "",
            "insertions": 2,
            "deletions": 2
          },
          {
            "hash": "666b28edfef2137ee57d777d43f7cc5faa2818a1",
            "messageTitle": "Update DeveloperGuide.md",
            "messageBody": "",
            "insertions": 2,
            "deletions": 2
          }
        ]
      },
      {
        "insertions": 72,
        "deletions": 14,
        "date": "2020-03-28",
        "commitResults": [
          {
            "hash": "914a0d76ac603348c6733d32af0e3d796c250c8b",
            "messageTitle": "Added \"-s\" flag option to indicate finding and filtering from the last shown list instead of complete list.",
            "messageBody": "",
            "insertions": 72,
            "deletions": 14
          }
        ]
      },
      {
        "insertions": 39,
        "deletions": 3,
        "date": "2020-03-29",
        "commitResults": [
          {
            "hash": "b82f6fa509d31fd68795e95ff80f50da369d4dec",
            "messageTitle": "docs and user guide",
            "messageBody": "",
            "insertions": 39,
            "deletions": 3
          }
        ]
      },
      {
        "insertions": 247,
        "deletions": 177,
        "date": "2020-03-30",
        "commitResults": [
          {
            "hash": "2fdb8de00b40d40da617caa68cd935b5d3190e16",
            "messageTitle": "Allow multiple search terms for \"find\" command",
            "messageBody": "",
            "insertions": 25,
            "deletions": 16
          },
          {
            "hash": "0c82050b37fb803e80c6b6326d654d614955a25d",
            "messageTitle": "End Message progress bar",
            "messageBody": "",
            "insertions": 47,
            "deletions": 0
          },
          {
            "hash": "bde03645c7c4c4fe573798780ae0aed461624f98",
            "messageTitle": "fix progress bar feature bug",
            "messageBody": "",
            "insertions": 2,
            "deletions": 22
          },
          {
            "hash": "3e0770d2238d4c5b327a78006eb3cd5127f215dc",
            "messageTitle": "Added JavaDoc",
            "messageBody": "",
            "insertions": 4,
            "deletions": 0
          },
          {
            "hash": "0fca1a9a5cd36d110e17ed558110b5b3681a6107",
            "messageTitle": "fixed style violations",
            "messageBody": "",
            "insertions": 36,
            "deletions": 6
          },
          {
            "hash": "aa7ae224a0a545c09cd144b3992eebb501023ebd",
            "messageTitle": "Update UserGuide.md",
            "messageBody": "",
            "insertions": 6,
            "deletions": 7
          },
          {
            "hash": "85a40ab60d5f51657676ad08414d250f76fcbeae",
            "messageTitle": "Prints the actual percent",
            "messageBody": "",
            "insertions": 2,
            "deletions": 1
          },
          {
            "hash": "6d0d982d2fa8e8af450ca976783c088d7e52ea00",
            "messageTitle": "Added some User Guide info, fixed printing table header error.",
            "messageBody": "",
            "insertions": 102,
            "deletions": 20
          },
          {
            "hash": "22a9f2e7191727919ab7f7da72146e4d6a85157c",
            "messageTitle": "removed unnecessary dividers",
            "messageBody": "",
            "insertions": 0,
            "deletions": 1
          },
          {
            "hash": "51db37f424d7d97e7c3f7435d4f20e23ba53e70a",
            "messageTitle": "Added divider line",
            "messageBody": "",
            "insertions": 1,
            "deletions": 1
          },
          {
            "hash": "7da632ef3b1bc82f5233e08329513ac7b3534e33",
            "messageTitle": "Revert \"fixed printing errors\"",
            "messageBody": "",
            "insertions": 22,
            "deletions": 103
          }
        ]
      },
      {
        "insertions": 108,
        "deletions": 101,
        "date": "2020-03-31",
        "commitResults": [
          {
            "hash": "301610a6065301870477762d4f717bc6f8807f30",
            "messageTitle": "Attempt to de-conflict graphs portion",
            "messageBody": "",
            "insertions": 53,
            "deletions": 58
          },
          {
            "hash": "1fab337a0f21b1bf22d52c3aa7c575e16a89ad38",
            "messageTitle": "another attempt to de-conflict graphs",
            "messageBody": "",
            "insertions": 18,
            "deletions": 18
          },
          {
            "hash": "e2edadac48a6b4231705e1486137364c8bf2b29e",
            "messageTitle": "Updated Find and Filter",
            "messageBody": "",
            "insertions": 15,
            "deletions": 7
          },
          {
            "hash": "4db9a02123a46f2a0f0702f89dbd1490c73d1033",
            "messageTitle": "Update UserGuide.md",
            "messageBody": "",
            "insertions": 1,
            "deletions": 0
          },
          {
            "hash": "921b3ab0a04d3acdebe215ef1110032644e71acf",
            "messageTitle": "Update UserGuide.md",
            "messageBody": "",
            "insertions": 1,
            "deletions": 1
          },
          {
            "hash": "5fb900ecbcb7ded1efe6e7b810384c463d88dc73",
            "messageTitle": "Update UserGuide.md",
            "messageBody": "",
            "insertions": 2,
            "deletions": 2
          },
          {
            "hash": "75aa458d79214ecd97c6d8385d3e209e68ddd125",
            "messageTitle": "Update UserGuide.md",
            "messageBody": "",
            "insertions": 2,
            "deletions": 3
          },
          {
            "hash": "7bd35e332ae18afd4103e367c2a21fb515bf01d6",
            "messageTitle": "Update UserGuide.md",
            "messageBody": "",
            "insertions": 4,
            "deletions": 2
          },
          {
            "hash": "be15e4cb765a513b37b4d98fee785889fd3b3d55",
            "messageTitle": "Update UserGuide.md",
            "messageBody": "",
            "insertions": 1,
            "deletions": 1
          },
          {
            "hash": "d46ce333e56ee81460c634ad8fd27e7a56751e0c",
            "messageTitle": "Update UserGuide.md",
            "messageBody": "",
            "insertions": 1,
            "deletions": 1
          },
          {
            "hash": "519ce6676a31c3bea140ec963d5e66e72aae1db5",
            "messageTitle": "Update UserGuide.md",
            "messageBody": "",
            "insertions": 1,
            "deletions": 1
          },
          {
            "hash": "bde45ebc3b7063544eb90d696181060d9b4b8e1a",
            "messageTitle": "Update UserGuide.md",
            "messageBody": "",
            "insertions": 2,
            "deletions": 2
          },
          {
            "hash": "d956960f253005ab385c32cf21ef0b8cfa9c1db5",
            "messageTitle": "Update UserGuide.md",
            "messageBody": "",
            "insertions": 1,
            "deletions": 1
          },
          {
            "hash": "9ab23480d52820b8019f0d02aa6274ff8b9c3fe3",
            "messageTitle": "fixed missing header",
            "messageBody": "",
            "insertions": 1,
            "deletions": 1
          },
          {
            "hash": "3b9e168cd431b42d078618f086d573aa3abd3fb0",
            "messageTitle": "Update UserGuide.md",
            "messageBody": "",
            "insertions": 5,
            "deletions": 3
          }
        ]
      },
      {
        "insertions": 71,
        "deletions": 29,
        "date": "2020-04-08",
        "commitResults": [
          {
            "hash": "1ae004b7a9fc36d4e2511749e0e76a7de64e6b91",
            "messageTitle": "fixed filter parameter issue #184",
            "messageBody": "",
            "insertions": 6,
            "deletions": 2
          },
          {
            "hash": "579a46f21344a704dfa71cdeed37bffb50599c8b",
            "messageTitle": "fixed Over 100% completion rate #170",
            "messageBody": "",
            "insertions": 1,
            "deletions": 1
          },
          {
            "hash": "418014b863030d636efdbc2e5c8c4554848762a6",
            "messageTitle": "Fixed Unknown character in Error message #160",
            "messageBody": "",
            "insertions": 2,
            "deletions": 4
          },
          {
            "hash": "a87c3c06e99f20ac5e1cdac337d1ce9c45d70444",
            "messageTitle": "fixed Missing Divider for filter. #153",
            "messageBody": "",
            "insertions": 4,
            "deletions": 2
          },
          {
            "hash": "527b82e48fc05aec04644462180d8cb7ca741160",
            "messageTitle": "fixed Repetition in Find Command #145",
            "messageBody": "",
            "insertions": 3,
            "deletions": 9
          },
          {
            "hash": "de8171bbc2dd4d5f0bc6a2040c248e3f4325bd85",
            "messageTitle": "fixed test failure issues",
            "messageBody": "",
            "insertions": 2,
            "deletions": 2
          },
          {
            "hash": "63f11edbed283a2613777dc5df317e849c0e254a",
            "messageTitle": "fixed preceeding whitespace",
            "messageBody": "",
            "insertions": 2,
            "deletions": 2
          },
          {
            "hash": "b8b9760b05a36b3cab9d449f9458a2b97b79f07a",
            "messageTitle": "fixed Unusual tags addition #167",
            "messageBody": "",
            "insertions": 14,
            "deletions": 3
          },
          {
            "hash": "773e25fa36e912ad81375b6c8e52a29b2ed641fe",
            "messageTitle": "Updated -s UG",
            "messageBody": "",
            "insertions": 37,
            "deletions": 4
          }
        ]
      },
      {
        "insertions": 581,
        "deletions": 178,
        "date": "2020-04-10",
        "commitResults": [
          {
            "hash": "b579b10d0b18284aca2b6d934a1b93a338868bdc",
            "messageTitle": "remove magic number",
            "messageBody": "",
            "insertions": 2,
            "deletions": 1
          },
          {
            "hash": "792fe4903a5ad35c25868b3d2cacbdd6baf14d24",
            "messageTitle": "FindCommandTest",
            "messageBody": "",
            "insertions": 179,
            "deletions": 0
          },
          {
            "hash": "06283cfc3b8a9c39dc54d3d8f4729ea54855d8cb",
            "messageTitle": "Filter Command Test",
            "messageBody": "",
            "insertions": 20,
            "deletions": 4
          },
          {
            "hash": "d3054a36a1c5710793783ed7cdb2614053a05d77",
            "messageTitle": "Chaining tests",
            "messageBody": "",
            "insertions": 40,
            "deletions": 8
          },
          {
            "hash": "84966c32e09c3b92aea75eb5f22f27803b867dfd",
            "messageTitle": "List Command Tests",
            "messageBody": "",
            "insertions": 113,
            "deletions": 0
          },
          {
            "hash": "0c6debe798b87edd8af0ac2631d085afa8a798c3",
            "messageTitle": "List Command Tests",
            "messageBody": "",
            "insertions": 2,
            "deletions": 0
          },
          {
            "hash": "fe570fca5b3cca8e0c7462ed406313dca8df2005",
            "messageTitle": "List Command Tests",
            "messageBody": "",
            "insertions": 49,
            "deletions": 1
          },
          {
            "hash": "caba652bcdcaffbac85c2690937d7ed2d0055dca",
            "messageTitle": "fixed style error",
            "messageBody": "",
            "insertions": 1,
            "deletions": 0
          },
          {
            "hash": "5b872e86596f87add4778bca548b432b6ade59af",
            "messageTitle": "added Constants",
            "messageBody": "",
            "insertions": 115,
            "deletions": 111
          },
          {
            "hash": "1b2673527e00fd5695b0acc47fbd3377ffc50279",
            "messageTitle": "Updated the Design Section",
            "messageBody": "",
            "insertions": 18,
            "deletions": 2
          },
          {
            "hash": "29f11344a3a0d71001ece1eb2a54b50b83093e42",
            "messageTitle": "Updated DG slightly",
            "messageBody": "",
            "insertions": 42,
            "deletions": 16
          },
          {
            "hash": "a1a43c5c554e957b07008dd086160d15da06c6e1",
            "messageTitle": "Remove text example in chaining",
            "messageBody": "",
            "insertions": 0,
            "deletions": 35
          }
        ]
      },
      {
        "insertions": 514,
        "deletions": 106,
        "date": "2020-04-11",
        "commitResults": [
          {
            "hash": "9e483aae94bbab05a7d6171b5b009dc499e17ada",
            "messageTitle": "Update DG",
            "messageBody": "",
            "insertions": 7,
            "deletions": 2
          },
          {
            "hash": "e026052350d2210b0131015e7cc572d84eb95375",
            "messageTitle": "Update DeveloperGuide.md",
            "messageBody": "",
            "insertions": 1,
            "deletions": 2
          },
          {
            "hash": "89058bf890e919874b758f78ddf4e0a8e7f881b8",
            "messageTitle": "Update DeveloperGuide.md",
            "messageBody": "",
            "insertions": 3,
            "deletions": 4
          },
          {
            "hash": "04d6f7f23fb7610238e0990953867abbdc3c4140",
            "messageTitle": "Fixed Image Formatting",
            "messageBody": "",
            "insertions": 2,
            "deletions": 2
          },
          {
            "hash": "20f7604573bdc830f188973ab027306de478205f",
            "messageTitle": "added functionality",
            "messageBody": "",
            "insertions": 64,
            "deletions": 2
          },
          {
            "hash": "04220ef1479c6dddd31ae0156a78a96aad7e7e0d",
            "messageTitle": "added the semi colon feature",
            "messageBody": "",
            "insertions": 84,
            "deletions": 9
          },
          {
            "hash": "bff537ac778d28079d0d3f92252633df46a43ea4",
            "messageTitle": "Completed Piping Feature",
            "messageBody": "",
            "insertions": 33,
            "deletions": 17
          },
          {
            "hash": "04cd3dbe0c625470e231eef51b909571d819d6f3",
            "messageTitle": "fixed style violations",
            "messageBody": "",
            "insertions": 12,
            "deletions": 2
          },
          {
            "hash": "5d1035e9e860a10a77d01a427eb2a527e7833775",
            "messageTitle": "Added user guide and exceptions for single line chaining",
            "messageBody": "",
            "insertions": 85,
            "deletions": 26
          },
          {
            "hash": "ca83cd364373f7e451fc93d154338ac8f7743443",
            "messageTitle": "fixed style violations",
            "messageBody": "",
            "insertions": 14,
            "deletions": 6
          },
          {
            "hash": "e23d2bee399652606a750aa8ab39022280fd0bc9",
            "messageTitle": "fixed more style violations",
            "messageBody": "",
            "insertions": 6,
            "deletions": 6
          },
          {
            "hash": "e3f5f1b20b2ab3b559c6919fbaadfe33b6b2ab09",
            "messageTitle": "fixed jUnit Style Violations",
            "messageBody": "",
            "insertions": 6,
            "deletions": 0
          },
          {
            "hash": "8d8a0ea34556b11e9e2e0f5c9723a8cc7d84113b",
            "messageTitle": "PPP Draft",
            "messageBody": "",
            "insertions": 57,
            "deletions": 0
          },
          {
            "hash": "f0eface7fdda279c0a3d93eb2ddc185cd23c5070",
            "messageTitle": "Update ananda-lye.md",
            "messageBody": "",
            "insertions": 5,
            "deletions": 5
          },
          {
            "hash": "193899f18059885c0b09d0ec66177e6d38d2e4da",
            "messageTitle": "Update UserGuide.md",
            "messageBody": "",
            "insertions": 2,
            "deletions": 0
          },
          {
            "hash": "7a010d20ccd4839bf7605cb505c123aaada5c812",
            "messageTitle": "Update UserGuide.md",
            "messageBody": "",
            "insertions": 1,
            "deletions": 1
          },
          {
            "hash": "8b68d2c3a791e725375334f79d98549802d47457",
            "messageTitle": "included UG extracts",
            "messageBody": "",
            "insertions": 39,
            "deletions": 0
          },
          {
            "hash": "d4c0a67d47d0d8173e385c9535adada11a7e26b4",
            "messageTitle": "updated DG",
            "messageBody": "",
            "insertions": 9,
            "deletions": 4
          },
          {
            "hash": "dc435a5ae2070016a1f389c89625fe7d2608f9be",
            "messageTitle": "Updated DG",
            "messageBody": "",
            "insertions": 6,
            "deletions": 5
          },
          {
            "hash": "9e57f9e194433bf47b524c1196894f1465db6fdb",
            "messageTitle": "Update ananda-lye.md",
            "messageBody": "",
            "insertions": 1,
            "deletions": 1
          },
          {
            "hash": "92d3be13f983dcbdf10a169b9ff6fb2b8bc9677d",
            "messageTitle": "Update DeveloperGuide.md",
            "messageBody": "",
            "insertions": 3,
            "deletions": 5
          },
          {
            "hash": "e2337fa20bc060dac8ccaf18a59251119f33d8a3",
            "messageTitle": "Update DeveloperGuide.md",
            "messageBody": "",
            "insertions": 0,
            "deletions": 2
          },
          {
            "hash": "b584cc172186588d6e7f2b14a780e5132e88d3ab",
            "messageTitle": "Update DeveloperGuide.md",
            "messageBody": "",
            "insertions": 0,
            "deletions": 1
          },
          {
            "hash": "d84f3a8c6f86ba8ee5dc914378c74f201297471e",
            "messageTitle": "Update ananda-lye.md",
            "messageBody": "",
            "insertions": 0,
            "deletions": 2
          },
          {
            "hash": "a72848681ab65648765c96fdc1ff0f7d8df4321f",
            "messageTitle": "Update ananda-lye.md",
            "messageBody": "",
            "insertions": 72,
            "deletions": 0
          },
          {
            "hash": "9b1ceeeec8750bf9f50d9794e2cedd3e9001727e",
            "messageTitle": "Update FindCommand.java",
            "messageBody": "",
            "insertions": 2,
            "deletions": 2
          }
        ]
      }
    ]
  },
  "authorFinalContributionMap": {
    "btricec": 1729,
    "rdimaio": 794,
    "siuhian": 2067,
    "nigellenl": 1442,
    "ananda-lye": 1217
  },
  "authorFileTypeContributionMap": {
    "btricec": {
      "docs": 357,
      "functional-code": 927,
      "test-code": 428,
      "other": 17
    },
    "rdimaio": {
      "docs": 243,
      "functional-code": 345,
      "test-code": 201,
      "other": 5
    },
    "siuhian": {
      "docs": 688,
      "functional-code": 1262,
      "test-code": 111,
      "other": 6
    },
    "nigellenl": {
      "docs": 339,
      "functional-code": 900,
      "test-code": 201,
      "other": 2
    },
    "ananda-lye": {
      "docs": 301,
      "functional-code": 502,
      "test-code": 414
    }
  },
  "authorContributionVariance": {
    "btricec": 43792.387,
    "rdimaio": 7210.3975,
    "siuhian": 46623.137,
    "nigellenl": 26609.947,
    "ananda-lye": 25810.229
  },
  "authorDisplayNameMap": {
    "btricec": "CS2113-T15-1 BEAT..TONG",
    "rdimaio": "CS2113-T15-1 DI M..ARDO",
    "siuhian": "CS2113-T15-1 NG S..HIAN",
    "nigellenl": "CS2113-T15-1 NIGE..UWEN",
    "ananda-lye": "CS2113-T15-1 LYE ..ANDA"
  }
}
