{
  "authorDailyContributionsMap": {
    "btricec": [
      {
        "insertions": 1,
        "deletions": 1,
        "date": "2020-03-03",
        "commitResults": [
          {
            "hash": "c4c78fac7760a916edad44dcbb8aaff5755d58fe",
            "messageTitle": "Change aboutus",
            "messageBody": "",
            "insertions": 1,
            "deletions": 1
          }
        ]
      }
    ],
    "rdimaio": [
      {
        "insertions": 1,
        "deletions": 1,
        "date": "2020-03-03",
        "commitResults": [
          {
            "hash": "73ab2660105ffdb1ebce8aa847355c1cb85295df",
            "messageTitle": "Include information in AboutUs",
            "messageBody": "",
            "insertions": 1,
            "deletions": 1
          }
        ]
      }
    ],
    "siuhian": [
      {
        "insertions": 1,
        "deletions": 1,
        "date": "2020-03-03",
        "commitResults": [
          {
            "hash": "fcb57670598aa858c1548cbdc991a2214e54e0fb",
            "messageTitle": "Add name to about us.",
            "messageBody": "",
            "insertions": 1,
            "deletions": 1
          }
        ]
      }
    ],
    "nigellenl": [
      {
        "insertions": 1,
        "deletions": 1,
        "date": "2020-03-03",
        "commitResults": [
          {
            "hash": "e0d80f71468280d61b27c562d7e10d4f5b7bb624",
            "messageTitle": "Update AboutUs file",
            "messageBody": "",
            "insertions": 1,
            "deletions": 1
          }
        ]
      }
    ],
    "ananda-lye": [
      {
        "insertions": 1,
        "deletions": 1,
        "date": "2020-03-03",
        "commitResults": [
          {
            "hash": "22fa03690abde3a5b564f2bf00aeaaa3fde84b0f",
            "messageTitle": "ananda\u0027s branch",
            "messageBody": "",
            "insertions": 1,
            "deletions": 1
          }
        ]
      },
      {
        "insertions": 99,
        "deletions": 21,
        "date": "2020-03-05",
        "commitResults": [
          {
            "hash": "9fe9955c4b30d085360e98f7d02f1f971465c6db",
            "messageTitle": "Created main file for Jikan, the Actitivy and Parser Classes",
            "messageBody": "",
            "insertions": 99,
            "deletions": 21
          }
        ]
      }
    ]
  },
  "authorFinalContributionMap": {
    "btricec": 2,
    "rdimaio": 1,
    "siuhian": 1,
    "nigellenl": 1,
    "ananda-lye": 100
  },
  "authorFileTypeContributionMap": {
    "btricec": {
      "java": 0,
      "md": 2,
      "fxml": 0,
      "sh": 0,
      "bat": 0,
      "gradle": 0,
      "txt": 0
    },
    "rdimaio": {
      "java": 0,
      "md": 1,
      "fxml": 0,
      "sh": 0,
      "bat": 0,
      "gradle": 0,
      "txt": 0
    },
    "siuhian": {
      "java": 0,
      "md": 1,
      "fxml": 0,
      "sh": 0,
      "bat": 0,
      "gradle": 0,
      "txt": 0
    },
    "nigellenl": {
      "java": 0,
      "md": 1,
      "fxml": 0,
      "sh": 0,
      "bat": 0,
      "gradle": 0,
      "txt": 0
    },
    "ananda-lye": {
      "java": 99,
      "md": 1,
      "fxml": 0,
      "sh": 0,
      "bat": 0,
      "gradle": 0,
      "txt": 0
    }
  },
  "authorContributionVariance": {
    "btricec": 0.64000005,
    "rdimaio": 0.64000005,
    "siuhian": 0.64000005,
    "nigellenl": 0.64000005,
    "ananda-lye": 2285.44
  },
  "authorDisplayNameMap": {
    "btricec": "CS2113-T15-1 BEAT..TONG",
    "rdimaio": "CS2113-T15-1 DI M..ARDO",
    "siuhian": "CS2113-T15-1 NG S..HIAN",
    "nigellenl": "CS2113-T15-1 NIGE..UWEN",
    "ananda-lye": "CS2113-T15-1 LYE ..ANDA"
  }
}
