[
  {
    "path": "docs/AboutUs.md",
    "fileType": "md",
    "lines": [
      {
        "lineNumber": 1,
        "author": {
          "gitId": "-"
        },
        "content": "# About us"
      },
      {
        "lineNumber": 2,
        "author": {
          "gitId": "-"
        },
        "content": ""
      },
      {
        "lineNumber": 3,
        "author": {
          "gitId": "-"
        },
        "content": "Display | Name | Github Profile | Portfolio "
      },
      {
        "lineNumber": 4,
        "author": {
          "gitId": "-"
        },
        "content": "--------|:----:|:--------------:|:---------:"
      },
      {
        "lineNumber": 5,
        "author": {
          "gitId": "E0309556"
        },
        "content": "![](https://via.placeholder.com/100.png?text\u003dPhoto) | Keith | [Github](https://github.com/Keith-JK) | [Portfolio](docs/team/johndoe.md)"
      },
      {
        "lineNumber": 6,
        "author": {
          "gitId": "E0309556"
        },
        "content": "![](https://via.placeholder.com/100.png?text\u003dPhoto) | Joel Chang | [Github](https://github.com/joelczk) | [Portfolio](docs/team/johndoe.md)"
      },
      {
        "lineNumber": 7,
        "author": {
          "gitId": "lwxymere"
        },
        "content": "![](https://via.placeholder.com/100.png?text\u003dPhoto) | Jeremy Lai | [Github](https://github.com/lwxymere) | [Portfolio](docs/team/johndoe.md)"
      },
      {
        "lineNumber": 8,
        "author": {
          "gitId": "jichngan"
        },
        "content": "![](https://via.placeholder.com/100.png?text\u003dPhoto) | Ji Cheng | [Github](https://github.com/jichngan) | [Portfolio](docs/team/johndoe.md)"
      },
      {
        "lineNumber": 9,
        "author": {
          "gitId": "E0309556"
        },
        "content": "![](https://via.placeholder.com/100.png?text\u003dPhoto) | Qi Ren | [Github](https://github.com/e0309556) | [Portfolio](docs/team/johndoe.md)"
      }
    ],
    "authorContributionMap": {
      "lwxymere": 1,
      "-": 4,
      "E0309556": 3,
      "jichngan": 1
    }
  }
]
