{
  "authorDailyContributionsMap": {
    "lwxymere": [
      {
        "insertions": 1,
        "deletions": 1,
        "date": "2020-03-02",
        "commitResults": [
          {
            "hash": "10e5af36460310b03d507ebe16e8f36b74821acc",
            "messageTitle": "Add name",
            "messageBody": "",
            "insertions": 1,
            "deletions": 1
          }
        ]
      },
      {
        "insertions": 268,
        "deletions": 15,
        "date": "2020-03-05",
        "commitResults": [
          {
            "hash": "bc510e628976af7f7d2d130006d2f8e17e84c3ac",
            "messageTitle": "Add commands",
            "messageBody": "",
            "insertions": 85,
            "deletions": 0
          },
          {
            "hash": "9fe1ec2520b5d75c4b4663444d9d8e808fa56526",
            "messageTitle": "Add parser support for v1 commands",
            "messageBody": "",
            "insertions": 159,
            "deletions": 0
          },
          {
            "hash": "805a72cc4a43bfb520e11f67e598778cb7d733ee",
            "messageTitle": "Clean up code for merge",
            "messageBody": "",
            "insertions": 0,
            "deletions": 13
          },
          {
            "hash": "42ab2b7bb39bcefa15f5cd450b09d553edb6d256",
            "messageTitle": "Clean up code for gradle checkstyle",
            "messageBody": "",
            "insertions": 7,
            "deletions": 1
          },
          {
            "hash": "2fb0d54538ccfac96fb9e6c52212ac17f9e12aad",
            "messageTitle": "Add javadoc",
            "messageBody": "",
            "insertions": 16,
            "deletions": 0
          },
          {
            "hash": "ef3b70567f85eb2a3805acf37fc968a8375ec9d7",
            "messageTitle": "Fix javadoc",
            "messageBody": "",
            "insertions": 1,
            "deletions": 1
          }
        ]
      },
      {
        "insertions": 10,
        "deletions": 10,
        "date": "2020-03-07",
        "commitResults": [
          {
            "hash": "38cd630285f9fdb01115e039bd36fb0bb7ec4476",
            "messageTitle": "Fix command whitespace bug",
            "messageBody": "",
            "insertions": 10,
            "deletions": 10
          }
        ]
      },
      {
        "insertions": 113,
        "deletions": 132,
        "date": "2020-03-09",
        "commitResults": [
          {
            "hash": "b32f83d410cd540d60154d9c2ccccf1629252fc6",
            "messageTitle": "Fix general code issues from 9/3 meeting",
            "messageBody": "",
            "insertions": 95,
            "deletions": 53
          },
          {
            "hash": "480fbc8bbb1349c9c004cf9d74578e516920cb43",
            "messageTitle": "Remove TaskTest",
            "messageBody": "",
            "insertions": 0,
            "deletions": 73
          },
          {
            "hash": "0d06558a04fbe6b976c1f964e2076f6e615adb3c",
            "messageTitle": "Change Task constructors to either Assignment or Event constructors",
            "messageBody": "",
            "insertions": 17,
            "deletions": 5
          },
          {
            "hash": "3bd0b0fda33e61e247ab24de9d9601eeb5577298",
            "messageTitle": "Remove space",
            "messageBody": "",
            "insertions": 1,
            "deletions": 1
          }
        ]
      },
      {
        "insertions": 354,
        "deletions": 181,
        "date": "2020-03-11",
        "commitResults": [
          {
            "hash": "55cfc1c95a9e7b76d09cc2f1b2cd96d162087757",
            "messageTitle": "Update code for 11/3 meeting",
            "messageBody": "",
            "insertions": 30,
            "deletions": 14
          },
          {
            "hash": "4ea67952a2aad57c29a0b712073d23f532583f1d",
            "messageTitle": "Fix ListCommandTest line seperator issue",
            "messageBody": "",
            "insertions": 2,
            "deletions": 3
          },
          {
            "hash": "27fd50f6256abdd43457d6b78f2396d5a9125757",
            "messageTitle": "Change user output format",
            "messageBody": "",
            "insertions": 67,
            "deletions": 44
          },
          {
            "hash": "195648f1ca1cd055d245ecd310c8d53996f187f8",
            "messageTitle": "Modify error condition",
            "messageBody": "",
            "insertions": 12,
            "deletions": 16
          },
          {
            "hash": "b87842474f3c63eb966bb920bbc7932471f183cf",
            "messageTitle": "Fix style",
            "messageBody": "",
            "insertions": 4,
            "deletions": 4
          },
          {
            "hash": "6223dc026c70ac9dce835312d4158a2a5fa8a6e6",
            "messageTitle": "Refactor command word strings",
            "messageBody": "",
            "insertions": 21,
            "deletions": 35
          },
          {
            "hash": "0918cee07b18dc327cc4e1061cd9ee2604e23133",
            "messageTitle": "Add extensive tests for Parser",
            "messageBody": "",
            "insertions": 160,
            "deletions": 14
          },
          {
            "hash": "d4fa94179f56d5864c56c824b04df9d900f345dc",
            "messageTitle": "Add exit command word",
            "messageBody": "",
            "insertions": 1,
            "deletions": 0
          },
          {
            "hash": "1d375005d8def82c0da5b566783cd5b4c2e2fdcb",
            "messageTitle": "Remove try-catch block",
            "messageBody": "",
            "insertions": 5,
            "deletions": 11
          },
          {
            "hash": "39c03746f904f263232532152275cba9890ed6e0",
            "messageTitle": "Update names",
            "messageBody": "",
            "insertions": 1,
            "deletions": 1
          },
          {
            "hash": "41a57ed3e24b3bd7f58a91e4ad3cc89b7f4a291b",
            "messageTitle": "Fix JavaDoc",
            "messageBody": "",
            "insertions": 8,
            "deletions": 8
          },
          {
            "hash": "bac02ebd861f9ca656ccf5c08ee157c9a648273b",
            "messageTitle": "Refactor string literal",
            "messageBody": "",
            "insertions": 1,
            "deletions": 1
          },
          {
            "hash": "b006cfd1ee023bfd480a591666c520fd554bb332",
            "messageTitle": "Refactor command words",
            "messageBody": "",
            "insertions": 32,
            "deletions": 27
          },
          {
            "hash": "9a8da1ad1b2027502abb9f07c8d477e78cc61cd5",
            "messageTitle": "Use singular class imports",
            "messageBody": "",
            "insertions": 9,
            "deletions": 2
          },
          {
            "hash": "65218401977fad6501b80d2510fc8271302ef9a7",
            "messageTitle": "Change command",
            "messageBody": "",
            "insertions": 1,
            "deletions": 1
          }
        ]
      }
    ],
    "joelczk": [
      {
        "insertions": 1,
        "deletions": 1,
        "date": "2020-03-02",
        "commitResults": [
          {
            "hash": "7dc9fcc12a8e833d8ec7b3bb7b214a85ecdd08a4",
            "messageTitle": "update name.",
            "messageBody": "",
            "insertions": 1,
            "deletions": 1
          }
        ]
      },
      {
        "insertions": 338,
        "deletions": 32,
        "date": "2020-03-05",
        "commitResults": [
          {
            "hash": "27292cd4197b05832aff329a022308ab30e16af8",
            "messageTitle": "Added Tasks class. Added tests for Tasks class.",
            "messageBody": "",
            "insertions": 0,
            "deletions": 0
          },
          {
            "hash": "b6ff7268858ee570a4eac96788d948ff99c3e411",
            "messageTitle": "Added Tasks class. Added Tests for Tasks class.",
            "messageBody": "",
            "insertions": 152,
            "deletions": 16
          },
          {
            "hash": "34bd15e486c70817e1083c0a14b76c123fd88d29",
            "messageTitle": "Added getTime and getDate to task. Added tests for both",
            "messageBody": "",
            "insertions": 31,
            "deletions": 1
          },
          {
            "hash": "6c7a98964a7e90417fefca29f0a33360aeb825f2",
            "messageTitle": "Added delete tasks. Added some Junit tests for TaskList.",
            "messageBody": "",
            "insertions": 51,
            "deletions": 2
          },
          {
            "hash": "dad9774f05a51278d1d56047f9677cd914a66797",
            "messageTitle": "Added JavaDocs for delete features.",
            "messageBody": "",
            "insertions": 9,
            "deletions": 0
          },
          {
            "hash": "c5de96f18a37a12a3c8298d8c9aac22622b54b40",
            "messageTitle": "Add tests",
            "messageBody": "",
            "insertions": 95,
            "deletions": 13
          }
        ]
      },
      {
        "insertions": 28,
        "deletions": 0,
        "date": "2020-03-07",
        "commitResults": [
          {
            "hash": "cf42996e8c4f7d360005198476b94906ccafe682",
            "messageTitle": "Added task type for Event and Assignment.",
            "messageBody": "",
            "insertions": 28,
            "deletions": 0
          }
        ]
      },
      {
        "insertions": 152,
        "deletions": 7,
        "date": "2020-03-09",
        "commitResults": [
          {
            "hash": "b49ca19d51eb0adae816e7e5ccdecc21177f9bde",
            "messageTitle": "Fixed missing getType function for task type.",
            "messageBody": "",
            "insertions": 8,
            "deletions": 0
          },
          {
            "hash": "07e80ddafa6ddcc68bb2a374ec83acf9e6e7bf2c",
            "messageTitle": "Added test for Events and Assignments. Fixed UI bug in done and delete index. Changed setDone() method in Task. Changed code style in event and assignment.",
            "messageBody": "",
            "insertions": 144,
            "deletions": 7
          }
        ]
      },
      {
        "insertions": 5,
        "deletions": 5,
        "date": "2020-03-11",
        "commitResults": [
          {
            "hash": "2c0a49a5c0aaec7c402b76d92291849f38e853d2",
            "messageTitle": "Added new logo",
            "messageBody": "",
            "insertions": 5,
            "deletions": 5
          }
        ]
      }
    ],
    "Keith-JK": [
      {
        "insertions": 1,
        "deletions": 1,
        "date": "2020-03-02",
        "commitResults": [
          {
            "hash": "8e22dcaf070563b0bf8e3d9e9991acadd850844c",
            "messageTitle": "test test",
            "messageBody": "",
            "insertions": 1,
            "deletions": 1
          }
        ]
      },
      {
        "insertions": 116,
        "deletions": 0,
        "date": "2020-03-04",
        "commitResults": [
          {
            "hash": "c6679316f9bbc337c7fe1daaa0e96371dae4b758",
            "messageTitle": "Implemented Task Package with Assignment and Event classes",
            "messageBody": "",
            "insertions": 116,
            "deletions": 0
          }
        ]
      },
      {
        "insertions": 224,
        "deletions": 156,
        "date": "2020-03-05",
        "commitResults": [
          {
            "hash": "413926985c4290d58d05b570c7815358c43bdc80",
            "messageTitle": "Implement basic Ui",
            "messageBody": "",
            "insertions": 60,
            "deletions": 126
          },
          {
            "hash": "7d0a55979b22b1c3a02e6df15a8997c6ff4644f3",
            "messageTitle": "Changed JavaDocs comments to pass gradle tests",
            "messageBody": "",
            "insertions": 6,
            "deletions": 6
          },
          {
            "hash": "6eb832923f1c14760cab764703fee7dbfdb66e76",
            "messageTitle": "2nd change to pass text-ui-testing",
            "messageBody": "",
            "insertions": 1,
            "deletions": 1
          },
          {
            "hash": "7c3b2de8baad8dd4bb2e3e041a3d67089b6db749",
            "messageTitle": "Implmented following functions: Add Assignment, Add Event, Mark Task as Done",
            "messageBody": "",
            "insertions": 128,
            "deletions": 14
          },
          {
            "hash": "0f3356ca7582e17202bee4447cc535fa52ef5357",
            "messageTitle": "Removed extra imports",
            "messageBody": "",
            "insertions": 0,
            "deletions": 1
          },
          {
            "hash": "b292ba9a7e6a2c32ae080bc1e1969f8c1c190df3",
            "messageTitle": "Reformatted to fit checkstyleMain",
            "messageBody": "",
            "insertions": 28,
            "deletions": 7
          },
          {
            "hash": "0af1543f0d96ecab68fe49d6583ac67838b6ecd8",
            "messageTitle": "Corrected error in formatting of Ui message in previous commit",
            "messageBody": "",
            "insertions": 1,
            "deletions": 1
          }
        ]
      },
      {
        "insertions": 187,
        "deletions": 35,
        "date": "2020-03-11",
        "commitResults": [
          {
            "hash": "7c92a8529f3acb8ac961362763bfc217aee87159",
            "messageTitle": "Junit Test + Add Help Command",
            "messageBody": "",
            "insertions": 103,
            "deletions": 14
          },
          {
            "hash": "4f1481a88f80d22aca90718e83e4388c07e6f5bf",
            "messageTitle": "Added ExitCommand, changed Duke.main() to handle ExitCommand. Added Junit ExitCommandTests.",
            "messageBody": "",
            "insertions": 69,
            "deletions": 13
          },
          {
            "hash": "2343ba3aa752673ec1b0f9df68bce197dfc15b8a",
            "messageTitle": "Changed ExitCommand keyword to \"bb\"",
            "messageBody": "",
            "insertions": 2,
            "deletions": 2
          },
          {
            "hash": "3f175670904786d1d54e0f02fbabb15bec96161e",
            "messageTitle": "Add divider line after every command",
            "messageBody": "",
            "insertions": 8,
            "deletions": 5
          },
          {
            "hash": "87a07f27a7ea5c92eced2aa07a3281309cbf4e0c",
            "messageTitle": "Changed to Messages.DIVIDER",
            "messageBody": "",
            "insertions": 2,
            "deletions": 1
          },
          {
            "hash": "11703df011475220e4e91acdd6615bf1e17e3eee",
            "messageTitle": "Changed expected.txt",
            "messageBody": "",
            "insertions": 3,
            "deletions": 0
          }
        ]
      }
    ],
    "jichngan": [
      {
        "insertions": 1,
        "deletions": 1,
        "date": "2020-03-02",
        "commitResults": [
          {
            "hash": "8c2eccaf72e7ff63fd98fe4547ac00757f612807",
            "messageTitle": "Change about us.",
            "messageBody": "",
            "insertions": 1,
            "deletions": 1
          }
        ]
      },
      {
        "insertions": 153,
        "deletions": 38,
        "date": "2020-03-05",
        "commitResults": [
          {
            "hash": "c918d7dc52b73ccb4fe2aff25fbffa3393721ead",
            "messageTitle": "Add some lines of ListCommand code. Work in progress.",
            "messageBody": "",
            "insertions": 23,
            "deletions": 2
          },
          {
            "hash": "09779411d189513c5c520e0eee81c7d52c8eba49",
            "messageTitle": "Add skeleton code for TaskList.",
            "messageBody": "",
            "insertions": 39,
            "deletions": 0
          },
          {
            "hash": "fd03a0a92aa570cf317ba0eb82560249a18784d2",
            "messageTitle": "Update Javadoc.",
            "messageBody": "",
            "insertions": 3,
            "deletions": 3
          },
          {
            "hash": "5381358a8b222c10a3d476170884ecf4be1a4548",
            "messageTitle": "Remove taskList instantiation from Parser class.",
            "messageBody": "",
            "insertions": 0,
            "deletions": 1
          },
          {
            "hash": "9673b51622c895224587ff792257d3acae101279",
            "messageTitle": "Add TaskList tasks argument into abstract method execute.",
            "messageBody": "",
            "insertions": 3,
            "deletions": 1
          },
          {
            "hash": "86d2c5f7bd99a7ce62d9ec467d5a3cd4f9aa2b5f",
            "messageTitle": "Change ListCommand and TaskList",
            "messageBody": "",
            "insertions": 11,
            "deletions": 13
          },
          {
            "hash": "9e9050fefccfd9246e565e6462b87c0df49237f0",
            "messageTitle": "Add feature to list tasks that are scheduled or due today.",
            "messageBody": "",
            "insertions": 20,
            "deletions": 4
          },
          {
            "hash": "d991079123c6d7f52fb3ed6236ac8d9d5d7d0fcb",
            "messageTitle": "Correct coding style errors.",
            "messageBody": "",
            "insertions": 5,
            "deletions": 4
          },
          {
            "hash": "515706d72a003a39bedb43ff63e1739789490ae0",
            "messageTitle": "Fix coding style error.",
            "messageBody": "",
            "insertions": 2,
            "deletions": 2
          },
          {
            "hash": "09d258ca7e0f4647f5746e5c72d2fdb78492dc9c",
            "messageTitle": "Add static final to constant variable.",
            "messageBody": "",
            "insertions": 1,
            "deletions": 1
          },
          {
            "hash": "2e6c34cb30f9beb5471d75d05b47595f8fd846d4",
            "messageTitle": "Refractor code to include getter method for the current date.",
            "messageBody": "",
            "insertions": 1,
            "deletions": 0
          },
          {
            "hash": "3e3d33dfd4264e1ae53026941bbe96ce95fcc548",
            "messageTitle": "Add feature to list tasks within current week and next week.",
            "messageBody": "",
            "insertions": 43,
            "deletions": 5
          },
          {
            "hash": "7ac78ff947c4977af6c7e37b702ffda096417de2",
            "messageTitle": "Fix code to match Gradle Checkstyle.",
            "messageBody": "",
            "insertions": 1,
            "deletions": 1
          },
          {
            "hash": "87aa41d30369a5ae7abe4b39e80fbb94c14b8ad7",
            "messageTitle": "Fix for Gradle Checkstyle.",
            "messageBody": "",
            "insertions": 1,
            "deletions": 1
          }
        ]
      }
    ],
    "E0309556": [
      {
        "insertions": 1,
        "deletions": 2,
        "date": "2020-03-02",
        "commitResults": [
          {
            "hash": "b2066c8bebe8ff7524a8f2ecfcf2286a75a18882",
            "messageTitle": "Add name to AboutUs",
            "messageBody": "",
            "insertions": 1,
            "deletions": 1
          },
          {
            "hash": "7a26e3eaa71036811fdccb4a1fdd1a275cfd0ffe",
            "messageTitle": "Remove typo in AboutUs",
            "messageBody": "",
            "insertions": 0,
            "deletions": 1
          }
        ]
      },
      {
        "insertions": 69,
        "deletions": 8,
        "date": "2020-03-07",
        "commitResults": [
          {
            "hash": "aea3aef6dd6d089d9218cffe11f18b0b1adb9d53",
            "messageTitle": "Add List to show all tasks.",
            "messageBody": "",
            "insertions": 21,
            "deletions": 4
          },
          {
            "hash": "e62b91df7c519651b7371ae4cbc075a62a20b071",
            "messageTitle": "Add list upcoming events",
            "messageBody": "",
            "insertions": 22,
            "deletions": 0
          },
          {
            "hash": "1e2750874e7e5f183c06b3db623337c009461a20",
            "messageTitle": "Add list incomplete assignments",
            "messageBody": "",
            "insertions": 15,
            "deletions": 1
          },
          {
            "hash": "6db1b424d906b1350038eb4bb270f1414226fc5d",
            "messageTitle": "Add javaDoc for getting incomplete assignment task.",
            "messageBody": "",
            "insertions": 4,
            "deletions": 0
          },
          {
            "hash": "37947444fa9cbd1967003a0603c297290282cb9e",
            "messageTitle": "Fix checkstyle for missing whitespace in ListCommand. Add javaDoc for conversion of ArrayList to text.",
            "messageBody": "",
            "insertions": 7,
            "deletions": 3
          }
        ]
      },
      {
        "insertions": 325,
        "deletions": 144,
        "date": "2020-03-09",
        "commitResults": [
          {
            "hash": "2b80ea7951af9b4c2f52c1c5fefc5878fa3239b5",
            "messageTitle": "Add class CommandResult, Messages Add junit ListCommandTest Refactor code related to Command",
            "messageBody": "",
            "insertions": 281,
            "deletions": 113
          },
          {
            "hash": "501ba917affd8a32ab70b59ff2c6bdde2d12b5d6",
            "messageTitle": "Fix checkstyle violations",
            "messageBody": "",
            "insertions": 20,
            "deletions": 15
          },
          {
            "hash": "433a0f4f9ec2beacc36a226e1a625c75b42106df",
            "messageTitle": "Fix checkstyle violations",
            "messageBody": "",
            "insertions": 5,
            "deletions": 3
          },
          {
            "hash": "a6e86fdbdf90c7453c9d7f9d35eb2f4d2b570475",
            "messageTitle": "Fix checkstyle violations",
            "messageBody": "",
            "insertions": 13,
            "deletions": 6
          },
          {
            "hash": "b63783f7e40010df5757d1823dc9354d51f4eb06",
            "messageTitle": "Fix checkstyle violation",
            "messageBody": "",
            "insertions": 1,
            "deletions": 1
          },
          {
            "hash": "2e15ae8f90f45c9c31bd223c5fb4c5fee1779a2b",
            "messageTitle": "Remove space",
            "messageBody": "",
            "insertions": 5,
            "deletions": 6
          }
        ]
      }
    ]
  },
  "authorFinalContributionMap": {
    "lwxymere": 573,
    "joelczk": 351,
    "Keith-JK": 295,
    "jichngan": 92,
    "E0309556": 276
  },
  "authorFileTypeContributionMap": {
    "lwxymere": {
      "java": 571,
      "md": 1,
      "fxml": 0,
      "sh": 0,
      "bat": 0,
      "gradle": 0,
      "txt": 1
    },
    "joelczk": {
      "java": 351,
      "md": 0,
      "fxml": 0,
      "sh": 0,
      "bat": 0,
      "gradle": 0,
      "txt": 0
    },
    "Keith-JK": {
      "java": 295,
      "md": 0,
      "fxml": 0,
      "sh": 0,
      "bat": 0,
      "gradle": 0,
      "txt": 0
    },
    "jichngan": {
      "java": 91,
      "md": 1,
      "fxml": 0,
      "sh": 0,
      "bat": 0,
      "gradle": 0,
      "txt": 0
    },
    "E0309556": {
      "java": 273,
      "md": 3,
      "fxml": 0,
      "sh": 0,
      "bat": 0,
      "gradle": 0,
      "txt": 0
    }
  },
  "authorContributionVariance": {
    "lwxymere": 29065.688,
    "joelczk": 12148.744,
    "Keith-JK": 14546.976,
    "jichngan": 3008.9756,
    "E0309556": 18045.357
  },
  "authorDisplayNameMap": {
    "lwxymere": "CS2113T-M16-1 LAI ..REMY",
    "joelczk": "CS2113T-M16-1 JOEL.. KAI",
    "Keith-JK": "CS2113T-M16-1 KEIT.. KAI",
    "jichngan": "CS2113T-M16-1 NGAN..HENG",
    "E0309556": "CS2113T-M16-1 TSHI.. REN"
  }
}
