{
  "authorDailyContributionsMap": {
    "lwxymere": [
      {
        "insertions": 1,
        "deletions": 1,
        "date": "2020-03-02",
        "commitResults": [
          {
            "hash": "10e5af36460310b03d507ebe16e8f36b74821acc",
            "messageTitle": "Add name",
            "messageBody": "",
            "insertions": 1,
            "deletions": 1
          }
        ]
      },
      {
        "insertions": 268,
        "deletions": 15,
        "date": "2020-03-05",
        "commitResults": [
          {
            "hash": "bc510e628976af7f7d2d130006d2f8e17e84c3ac",
            "messageTitle": "Add commands",
            "messageBody": "",
            "insertions": 85,
            "deletions": 0
          },
          {
            "hash": "9fe1ec2520b5d75c4b4663444d9d8e808fa56526",
            "messageTitle": "Add parser support for v1 commands",
            "messageBody": "",
            "insertions": 159,
            "deletions": 0
          },
          {
            "hash": "805a72cc4a43bfb520e11f67e598778cb7d733ee",
            "messageTitle": "Clean up code for merge",
            "messageBody": "",
            "insertions": 0,
            "deletions": 13
          },
          {
            "hash": "42ab2b7bb39bcefa15f5cd450b09d553edb6d256",
            "messageTitle": "Clean up code for gradle checkstyle",
            "messageBody": "",
            "insertions": 7,
            "deletions": 1
          },
          {
            "hash": "2fb0d54538ccfac96fb9e6c52212ac17f9e12aad",
            "messageTitle": "Add javadoc",
            "messageBody": "",
            "insertions": 16,
            "deletions": 0
          },
          {
            "hash": "ef3b70567f85eb2a3805acf37fc968a8375ec9d7",
            "messageTitle": "Fix javadoc",
            "messageBody": "",
            "insertions": 1,
            "deletions": 1
          }
        ]
      },
      {
        "insertions": 10,
        "deletions": 10,
        "date": "2020-03-07",
        "commitResults": [
          {
            "hash": "38cd630285f9fdb01115e039bd36fb0bb7ec4476",
            "messageTitle": "Fix command whitespace bug",
            "messageBody": "",
            "insertions": 10,
            "deletions": 10
          }
        ]
      },
      {
        "insertions": 113,
        "deletions": 132,
        "date": "2020-03-09",
        "commitResults": [
          {
            "hash": "b32f83d410cd540d60154d9c2ccccf1629252fc6",
            "messageTitle": "Fix general code issues from 9/3 meeting",
            "messageBody": "",
            "insertions": 95,
            "deletions": 53
          },
          {
            "hash": "480fbc8bbb1349c9c004cf9d74578e516920cb43",
            "messageTitle": "Remove TaskTest",
            "messageBody": "",
            "insertions": 0,
            "deletions": 73
          },
          {
            "hash": "0d06558a04fbe6b976c1f964e2076f6e615adb3c",
            "messageTitle": "Change Task constructors to either Assignment or Event constructors",
            "messageBody": "",
            "insertions": 17,
            "deletions": 5
          },
          {
            "hash": "3bd0b0fda33e61e247ab24de9d9601eeb5577298",
            "messageTitle": "Remove space",
            "messageBody": "",
            "insertions": 1,
            "deletions": 1
          }
        ]
      },
      {
        "insertions": 354,
        "deletions": 181,
        "date": "2020-03-11",
        "commitResults": [
          {
            "hash": "55cfc1c95a9e7b76d09cc2f1b2cd96d162087757",
            "messageTitle": "Update code for 11/3 meeting",
            "messageBody": "",
            "insertions": 30,
            "deletions": 14
          },
          {
            "hash": "4ea67952a2aad57c29a0b712073d23f532583f1d",
            "messageTitle": "Fix ListCommandTest line seperator issue",
            "messageBody": "",
            "insertions": 2,
            "deletions": 3
          },
          {
            "hash": "27fd50f6256abdd43457d6b78f2396d5a9125757",
            "messageTitle": "Change user output format",
            "messageBody": "",
            "insertions": 67,
            "deletions": 44
          },
          {
            "hash": "195648f1ca1cd055d245ecd310c8d53996f187f8",
            "messageTitle": "Modify error condition",
            "messageBody": "",
            "insertions": 12,
            "deletions": 16
          },
          {
            "hash": "b87842474f3c63eb966bb920bbc7932471f183cf",
            "messageTitle": "Fix style",
            "messageBody": "",
            "insertions": 4,
            "deletions": 4
          },
          {
            "hash": "6223dc026c70ac9dce835312d4158a2a5fa8a6e6",
            "messageTitle": "Refactor command word strings",
            "messageBody": "",
            "insertions": 21,
            "deletions": 35
          },
          {
            "hash": "0918cee07b18dc327cc4e1061cd9ee2604e23133",
            "messageTitle": "Add extensive tests for Parser",
            "messageBody": "",
            "insertions": 160,
            "deletions": 14
          },
          {
            "hash": "d4fa94179f56d5864c56c824b04df9d900f345dc",
            "messageTitle": "Add exit command word",
            "messageBody": "",
            "insertions": 1,
            "deletions": 0
          },
          {
            "hash": "1d375005d8def82c0da5b566783cd5b4c2e2fdcb",
            "messageTitle": "Remove try-catch block",
            "messageBody": "",
            "insertions": 5,
            "deletions": 11
          },
          {
            "hash": "39c03746f904f263232532152275cba9890ed6e0",
            "messageTitle": "Update names",
            "messageBody": "",
            "insertions": 1,
            "deletions": 1
          },
          {
            "hash": "41a57ed3e24b3bd7f58a91e4ad3cc89b7f4a291b",
            "messageTitle": "Fix JavaDoc",
            "messageBody": "",
            "insertions": 8,
            "deletions": 8
          },
          {
            "hash": "bac02ebd861f9ca656ccf5c08ee157c9a648273b",
            "messageTitle": "Refactor string literal",
            "messageBody": "",
            "insertions": 1,
            "deletions": 1
          },
          {
            "hash": "b006cfd1ee023bfd480a591666c520fd554bb332",
            "messageTitle": "Refactor command words",
            "messageBody": "",
            "insertions": 32,
            "deletions": 27
          },
          {
            "hash": "9a8da1ad1b2027502abb9f07c8d477e78cc61cd5",
            "messageTitle": "Use singular class imports",
            "messageBody": "",
            "insertions": 9,
            "deletions": 2
          },
          {
            "hash": "65218401977fad6501b80d2510fc8271302ef9a7",
            "messageTitle": "Change command",
            "messageBody": "",
            "insertions": 1,
            "deletions": 1
          }
        ]
      },
      {
        "insertions": 21,
        "deletions": 6,
        "date": "2020-03-14",
        "commitResults": [
          {
            "hash": "7fea3f584d42d883170a2b962d7eda6d44610981",
            "messageTitle": "Change location of isExit variable",
            "messageBody": "",
            "insertions": 12,
            "deletions": 3
          },
          {
            "hash": "095ba49045d0bac7ccb1a0755097a2fe05b25a4d",
            "messageTitle": "Allow the \u0027/\u0027 character to be used in comments",
            "messageBody": "",
            "insertions": 2,
            "deletions": 2
          },
          {
            "hash": "56d99e463585bf194a1123e9cb32e4769d9dd752",
            "messageTitle": "add assertions",
            "messageBody": "",
            "insertions": 6,
            "deletions": 0
          },
          {
            "hash": "f84e616bf05689ca1bcf4181ee446ffd2b906c65",
            "messageTitle": "Fix test",
            "messageBody": "",
            "insertions": 1,
            "deletions": 1
          }
        ]
      },
      {
        "insertions": 224,
        "deletions": 145,
        "date": "2020-03-18",
        "commitResults": [
          {
            "hash": "0b93415a90c7edd8dd0e6ca844c2c52242fa61ec",
            "messageTitle": "Rename duke to atas",
            "messageBody": "",
            "insertions": 10,
            "deletions": 14
          },
          {
            "hash": "f83ac044b34c0d5b3e43423980aa085cfc88f122",
            "messageTitle": "Change leftover occurrences of duke to atas",
            "messageBody": "",
            "insertions": 53,
            "deletions": 55
          },
          {
            "hash": "96a2557adb5f30f2aa307e4ec5d255b9f8d0dd06",
            "messageTitle": "Add end time for events",
            "messageBody": "",
            "insertions": 54,
            "deletions": 15
          },
          {
            "hash": "83dfc4186e875e2206a523d75c910e7581df0de3",
            "messageTitle": "Update tests for event end time",
            "messageBody": "",
            "insertions": 107,
            "deletions": 61
          }
        ]
      },
      {
        "insertions": 196,
        "deletions": 1,
        "date": "2020-03-19",
        "commitResults": [
          {
            "hash": "37da93a2dde6b67785e057a893cafbf88e889ead",
            "messageTitle": "Change exception message prefix",
            "messageBody": "",
            "insertions": 1,
            "deletions": 1
          },
          {
            "hash": "cb785776fb39f49119c16385fc5b54d9ebce5bb8",
            "messageTitle": "Add encode and decode methods for tasks",
            "messageBody": "",
            "insertions": 88,
            "deletions": 0
          },
          {
            "hash": "b3900dd96b71a5e01793898ec79de49b900a5251",
            "messageTitle": "Add storage",
            "messageBody": "",
            "insertions": 107,
            "deletions": 0
          }
        ]
      },
      {
        "insertions": 43,
        "deletions": 16,
        "date": "2020-03-22",
        "commitResults": [
          {
            "hash": "b262bc3dc2b7e3f358f711f00df217f93408e9f8",
            "messageTitle": "Refactor and remove minor redundancies",
            "messageBody": "",
            "insertions": 21,
            "deletions": 6
          },
          {
            "hash": "0dd98d897d2637defd862ba67854552a450cdaf2",
            "messageTitle": "Show today\u0027s tasks instead of help command on startup",
            "messageBody": "",
            "insertions": 8,
            "deletions": 3
          },
          {
            "hash": "a831c34f655ea566fc2d5edb3736926229b002f3",
            "messageTitle": "Attempt to fix line endings",
            "messageBody": "",
            "insertions": 14,
            "deletions": 7
          }
        ]
      },
      {
        "insertions": 103,
        "deletions": 50,
        "date": "2020-03-28",
        "commitResults": [
          {
            "hash": "d5e526dbd10e00b6f99ba84e109ac9a6464f7244",
            "messageTitle": "Add author tags",
            "messageBody": "",
            "insertions": 103,
            "deletions": 50
          }
        ]
      },
      {
        "insertions": 5,
        "deletions": 5,
        "date": "2020-03-29",
        "commitResults": [
          {
            "hash": "2a4fb991067d8d469e0827e880fbe1b71eca94b4",
            "messageTitle": "Fix links",
            "messageBody": "",
            "insertions": 5,
            "deletions": 5
          }
        ]
      },
      {
        "insertions": 15,
        "deletions": 38,
        "date": "2020-03-30",
        "commitResults": [
          {
            "hash": "a1c0421fa85a7a8e755ada25872462a3826c707f",
            "messageTitle": "Fix broken formatting",
            "messageBody": "",
            "insertions": 15,
            "deletions": 38
          }
        ]
      },
      {
        "insertions": 24,
        "deletions": 12,
        "date": "2020-04-03",
        "commitResults": [
          {
            "hash": "c58f05400b927ad1b1bcbc2fb9797807c014e864",
            "messageTitle": "Update regex to disallow the \u0027|\u0027 and \u0027/\u0027 characters, and fix issue #176",
            "messageBody": "",
            "insertions": 24,
            "deletions": 12
          }
        ]
      },
      {
        "insertions": 121,
        "deletions": 36,
        "date": "2020-04-04",
        "commitResults": [
          {
            "hash": "be3d34713b402c094643f99219e645b58462dbea",
            "messageTitle": "Disallow user input fields to only contain spaces",
            "messageBody": "",
            "insertions": 10,
            "deletions": 10
          },
          {
            "hash": "aabc1daa3c57f4e20334bfa40680a6d5b047d646",
            "messageTitle": "Remove all instances of multiple consecutive spaces from user input",
            "messageBody": "",
            "insertions": 39,
            "deletions": 8
          },
          {
            "hash": "0c6d29c173694bc3172eee5302d673dd9956e42b",
            "messageTitle": "Add storage section",
            "messageBody": "",
            "insertions": 9,
            "deletions": 0
          },
          {
            "hash": "12905a79f5359cbbe8b340ba37675518bc7da515",
            "messageTitle": "Add note for special characters that cannot be used in user input",
            "messageBody": "",
            "insertions": 2,
            "deletions": 0
          },
          {
            "hash": "d1cac80e69c323e766f37b7c4372883835989652",
            "messageTitle": "Fix uneven storage header size",
            "messageBody": "",
            "insertions": 2,
            "deletions": 2
          },
          {
            "hash": "75bf80123de8ded514abc34aec544b5967532f9f",
            "messageTitle": "Remove spaces from image file names",
            "messageBody": "",
            "insertions": 3,
            "deletions": 3
          },
          {
            "hash": "7bed10fa7f447ac21fedd9247b7fb6cdab2f0be0",
            "messageTitle": "Change uml diagram dotted boxes to solid-line boxes",
            "messageBody": "",
            "insertions": 1,
            "deletions": 1
          },
          {
            "hash": "30078eaddfda2f71d7d03b785903bd98bd2711b5",
            "messageTitle": "Add instructions for adding tasks",
            "messageBody": "",
            "insertions": 7,
            "deletions": 0
          },
          {
            "hash": "11be62673503704c3fa2b2444180882724654167",
            "messageTitle": "Add DevOps section",
            "messageBody": "",
            "insertions": 36,
            "deletions": 0
          },
          {
            "hash": "28181492c78ee00b9ed2573fa0965acc7d4e3fdf",
            "messageTitle": "Update section numbering",
            "messageBody": "",
            "insertions": 12,
            "deletions": 12
          }
        ]
      },
      {
        "insertions": 49,
        "deletions": 0,
        "date": "2020-04-05",
        "commitResults": [
          {
            "hash": "8f2fcd5cb6e4d23c250f212cb8452e82295c4bfc",
            "messageTitle": "Add PPP v1",
            "messageBody": "",
            "insertions": 49,
            "deletions": 0
          }
        ]
      },
      {
        "insertions": 57,
        "deletions": 42,
        "date": "2020-04-07",
        "commitResults": [
          {
            "hash": "23f992e94572e9ab27db2776250b4be09df8524c",
            "messageTitle": "Add event date limitations",
            "messageBody": "",
            "insertions": 3,
            "deletions": 2
          },
          {
            "hash": "6a40b1d049f653595f0f19b6a53aa021e584c932",
            "messageTitle": "Update date command format section",
            "messageBody": "",
            "insertions": 1,
            "deletions": 1
          },
          {
            "hash": "ba91e6aa886975e033121fb4624f9f193ba81e7e",
            "messageTitle": "Refactor some magic string literals in regex",
            "messageBody": "",
            "insertions": 53,
            "deletions": 39
          }
        ]
      },
      {
        "insertions": 6,
        "deletions": 6,
        "date": "2020-04-08",
        "commitResults": [
          {
            "hash": "104a17ce7fca19efd2969d37fe4875d8d2281d2c",
            "messageTitle": "Update AboutUs link",
            "messageBody": "",
            "insertions": 1,
            "deletions": 1
          },
          {
            "hash": "b02f58d5e3d5cf0b27fe751a9ee33e9018d74262",
            "messageTitle": "Update PPP links",
            "messageBody": "",
            "insertions": 5,
            "deletions": 5
          }
        ]
      },
      {
        "insertions": 507,
        "deletions": 91,
        "date": "2020-04-10",
        "commitResults": [
          {
            "hash": "31e388865e051649247855bbd7f08468797aa549",
            "messageTitle": "Fix headers and numbering",
            "messageBody": "",
            "insertions": 404,
            "deletions": 8
          },
          {
            "hash": "7ddbd5a1f2b9f230c55da98707e8e9c9478e5b69",
            "messageTitle": "Fix broken image link",
            "messageBody": "",
            "insertions": 1,
            "deletions": 4
          },
          {
            "hash": "beea1ad33313660b5c62b32ba306cb70548add4a",
            "messageTitle": "Fix minor errors and inconsistencies",
            "messageBody": "",
            "insertions": 54,
            "deletions": 53
          },
          {
            "hash": "a491b2388275e89321834d45d35ba23b15eaf9c2",
            "messageTitle": "Fix bug when manually editing save file",
            "messageBody": "",
            "insertions": 22,
            "deletions": 8
          },
          {
            "hash": "4ab73018d2ca4387c4344a3eda8b5e6d6244a6dc",
            "messageTitle": "Update PPP",
            "messageBody": "",
            "insertions": 3,
            "deletions": 1
          },
          {
            "hash": "be59348495ecc2c9f0ae44505d054202b77a7985",
            "messageTitle": "Test image size for github pages print to pdf",
            "messageBody": "",
            "insertions": 23,
            "deletions": 17
          }
        ]
      }
    ],
    "joelczk": [
      {
        "insertions": 1,
        "deletions": 1,
        "date": "2020-03-02",
        "commitResults": [
          {
            "hash": "7dc9fcc12a8e833d8ec7b3bb7b214a85ecdd08a4",
            "messageTitle": "update name.",
            "messageBody": "",
            "insertions": 1,
            "deletions": 1
          }
        ]
      },
      {
        "insertions": 338,
        "deletions": 32,
        "date": "2020-03-05",
        "commitResults": [
          {
            "hash": "27292cd4197b05832aff329a022308ab30e16af8",
            "messageTitle": "Added Tasks class. Added tests for Tasks class.",
            "messageBody": "",
            "insertions": 0,
            "deletions": 0
          },
          {
            "hash": "b6ff7268858ee570a4eac96788d948ff99c3e411",
            "messageTitle": "Added Tasks class. Added Tests for Tasks class.",
            "messageBody": "",
            "insertions": 152,
            "deletions": 16
          },
          {
            "hash": "34bd15e486c70817e1083c0a14b76c123fd88d29",
            "messageTitle": "Added getTime and getDate to task. Added tests for both",
            "messageBody": "",
            "insertions": 31,
            "deletions": 1
          },
          {
            "hash": "6c7a98964a7e90417fefca29f0a33360aeb825f2",
            "messageTitle": "Added delete tasks. Added some Junit tests for TaskList.",
            "messageBody": "",
            "insertions": 51,
            "deletions": 2
          },
          {
            "hash": "dad9774f05a51278d1d56047f9677cd914a66797",
            "messageTitle": "Added JavaDocs for delete features.",
            "messageBody": "",
            "insertions": 9,
            "deletions": 0
          },
          {
            "hash": "c5de96f18a37a12a3c8298d8c9aac22622b54b40",
            "messageTitle": "Add tests",
            "messageBody": "",
            "insertions": 95,
            "deletions": 13
          }
        ]
      },
      {
        "insertions": 28,
        "deletions": 0,
        "date": "2020-03-07",
        "commitResults": [
          {
            "hash": "cf42996e8c4f7d360005198476b94906ccafe682",
            "messageTitle": "Added task type for Event and Assignment.",
            "messageBody": "",
            "insertions": 28,
            "deletions": 0
          }
        ]
      },
      {
        "insertions": 152,
        "deletions": 7,
        "date": "2020-03-09",
        "commitResults": [
          {
            "hash": "b49ca19d51eb0adae816e7e5ccdecc21177f9bde",
            "messageTitle": "Fixed missing getType function for task type.",
            "messageBody": "",
            "insertions": 8,
            "deletions": 0
          },
          {
            "hash": "07e80ddafa6ddcc68bb2a374ec83acf9e6e7bf2c",
            "messageTitle": "Added test for Events and Assignments. Fixed UI bug in done and delete index. Changed setDone() method in Task. Changed code style in event and assignment.",
            "messageBody": "",
            "insertions": 144,
            "deletions": 7
          }
        ]
      },
      {
        "insertions": 5,
        "deletions": 5,
        "date": "2020-03-11",
        "commitResults": [
          {
            "hash": "2c0a49a5c0aaec7c402b76d92291849f38e853d2",
            "messageTitle": "Added new logo",
            "messageBody": "",
            "insertions": 5,
            "deletions": 5
          }
        ]
      },
      {
        "insertions": 131,
        "deletions": 5,
        "date": "2020-03-12",
        "commitResults": [
          {
            "hash": "18d77dedc6e2b3771a8eec34989abef432f59109",
            "messageTitle": "Added ClearCommand class.Improved JavaDocs for classes. Added error messages for IncorrectCommand.",
            "messageBody": "",
            "insertions": 131,
            "deletions": 5
          }
        ]
      },
      {
        "insertions": 13,
        "deletions": 2,
        "date": "2020-03-13",
        "commitResults": [
          {
            "hash": "a4023c696a5aeac740d27e3d33525b444813715d",
            "messageTitle": "Added assertions.",
            "messageBody": "",
            "insertions": 13,
            "deletions": 2
          }
        ]
      },
      {
        "insertions": 182,
        "deletions": 70,
        "date": "2020-03-14",
        "commitResults": [
          {
            "hash": "e95b96b9e55e5e754d5c504e63338279287a020c",
            "messageTitle": "changed clear command to clear all and clear done.",
            "messageBody": "",
            "insertions": 108,
            "deletions": 26
          },
          {
            "hash": "9761b6ae6aa50c010cdf5dfd58b3f7dad83fcf59",
            "messageTitle": "added assertions",
            "messageBody": "",
            "insertions": 4,
            "deletions": 1
          },
          {
            "hash": "f9bcb8ba4373e54d8ca697c1e76c716c194ef163",
            "messageTitle": "Fixed index out of bounds bug for clear command.",
            "messageBody": "",
            "insertions": 34,
            "deletions": 22
          },
          {
            "hash": "d95acd93accbe0e524f27f01cc460b6ea08fa6c8",
            "messageTitle": "Fixed an annoying and irritating buggy class",
            "messageBody": "",
            "insertions": 36,
            "deletions": 21
          }
        ]
      },
      {
        "insertions": 326,
        "deletions": 180,
        "date": "2020-03-15",
        "commitResults": [
          {
            "hash": "156cb45b5ce4910640b9c8b60a381a1797963759",
            "messageTitle": "Revert \"Fixed an annoying and irritating buggy class\"",
            "messageBody": "",
            "insertions": 21,
            "deletions": 36
          },
          {
            "hash": "5673ab965e9f9a6b2ec7390a3000e17d886d089a",
            "messageTitle": "test",
            "messageBody": "",
            "insertions": 303,
            "deletions": 83
          },
          {
            "hash": "3ec66686588d491447c1415fd5d274a2aaffb91b",
            "messageTitle": "Update ClearCommand.java",
            "messageBody": "",
            "insertions": 0,
            "deletions": 47
          },
          {
            "hash": "e48f10e258c01ad26e224477d911d39aa348c732",
            "messageTitle": "removed tests",
            "messageBody": "",
            "insertions": 1,
            "deletions": 13
          },
          {
            "hash": "ecea96c907ada5c5b7693d720814d5e02bbdfbfc",
            "messageTitle": "Changed IO test",
            "messageBody": "",
            "insertions": 1,
            "deletions": 1
          }
        ]
      },
      {
        "insertions": 317,
        "deletions": 43,
        "date": "2020-03-19",
        "commitResults": [
          {
            "hash": "7fab785d92c68b9a74dcbb2bb36430cba3a89635",
            "messageTitle": "Added search for all tasks and events. Added assertions for search",
            "messageBody": "",
            "insertions": 137,
            "deletions": 1
          },
          {
            "hash": "360ad4de6342d6192bf140699815b0d63d6df975",
            "messageTitle": "no message",
            "messageBody": "",
            "insertions": 0,
            "deletions": 16
          },
          {
            "hash": "f42c480df9a5fa0f7346d7cc8fa858487ef74f0a",
            "messageTitle": "updated ui test",
            "messageBody": "",
            "insertions": 16,
            "deletions": 0
          },
          {
            "hash": "9529e2a79d5cb79e6a53f4776344156113db89e2",
            "messageTitle": "Added a few more text-ui-test",
            "messageBody": "",
            "insertions": 2,
            "deletions": 0
          },
          {
            "hash": "614686c9f91367f021856c41ce9b5e522b985711",
            "messageTitle": "add assignments to search",
            "messageBody": "",
            "insertions": 162,
            "deletions": 26
          }
        ]
      },
      {
        "insertions": 101,
        "deletions": 35,
        "date": "2020-03-22",
        "commitResults": [
          {
            "hash": "883d810f2a159d8e53865e2a50fb937aac30d3b9",
            "messageTitle": "Changed display message from printing to string format. Changed tests for search accordingly.",
            "messageBody": "",
            "insertions": 101,
            "deletions": 35
          }
        ]
      },
      {
        "insertions": 70,
        "deletions": 63,
        "date": "2020-03-23",
        "commitResults": [
          {
            "hash": "e79a004b56e1ddd67ad45ca0b5c95dd4c540228f",
            "messageTitle": "Changed calendar command format.",
            "messageBody": "",
            "insertions": 34,
            "deletions": 10
          },
          {
            "hash": "9e887f5c6b30a253842bcf728a9e5eca806f829f",
            "messageTitle": "fixed checkstyle",
            "messageBody": "",
            "insertions": 2,
            "deletions": 22
          },
          {
            "hash": "9518b35421292c91ba74a7a3578a42d40f626ba1",
            "messageTitle": "reverted all Calendar changes",
            "messageBody": "",
            "insertions": 16,
            "deletions": 20
          },
          {
            "hash": "c9a24893d715505518bc5a64d4b5c169086a2398",
            "messageTitle": "Revert \"Remove unnecessary comments\"",
            "messageBody": "This reverts commit bdfbed6f81c8988672dfda21451e6f87d13f4594.\n",
            "insertions": 7,
            "deletions": 0
          },
          {
            "hash": "e0f7cb0870f20b6601a0576e52187ebd62758074",
            "messageTitle": "Changed calendarCommand",
            "messageBody": "",
            "insertions": 11,
            "deletions": 11
          }
        ]
      },
      {
        "insertions": 671,
        "deletions": 109,
        "date": "2020-03-24",
        "commitResults": [
          {
            "hash": "5a4d48da98bd928cc0338850bea11905d28925ce",
            "messageTitle": "Added searching by date. Renamed some tests. added search by date into help command.",
            "messageBody": "",
            "insertions": 328,
            "deletions": 3
          },
          {
            "hash": "8786a47be0280ec4881523490ab836fee9a23bb0",
            "messageTitle": "added searching with date. added tests for searching with date. changed help command accordingly. change names of some tests.",
            "messageBody": "",
            "insertions": 334,
            "deletions": 3
          },
          {
            "hash": "1fd8baf7eeae0595a4da67c7b575aea03739925a",
            "messageTitle": "resolve all merge conflicts",
            "messageBody": "",
            "insertions": 9,
            "deletions": 103
          }
        ]
      },
      {
        "insertions": 40,
        "deletions": 7,
        "date": "2020-03-25",
        "commitResults": [
          {
            "hash": "d239b94fcfac936418a947c0214c85560281910d",
            "messageTitle": "updated searchd file",
            "messageBody": "",
            "insertions": 10,
            "deletions": 4
          },
          {
            "hash": "3c899db2ffbc8ed848f104c74f963fa3faf0ae25",
            "messageTitle": "Added index of all search queries tasks.",
            "messageBody": "",
            "insertions": 30,
            "deletions": 3
          }
        ]
      },
      {
        "insertions": 69,
        "deletions": 49,
        "date": "2020-03-29",
        "commitResults": [
          {
            "hash": "19a716f5c283e7dcbcdfb2d28988e9ba15ec66db",
            "messageTitle": "Add author tagrs. Add user stories",
            "messageBody": "",
            "insertions": 64,
            "deletions": 49
          },
          {
            "hash": "723ab6c5a85991210cf69a1f9f32567a86718b7a",
            "messageTitle": "fixed checkstyle",
            "messageBody": "",
            "insertions": 2,
            "deletions": 0
          },
          {
            "hash": "b38f536967ba711bc495adee2ea957d50882cab9",
            "messageTitle": "Added support for escape sequence for windows.",
            "messageBody": "",
            "insertions": 3,
            "deletions": 0
          }
        ]
      },
      {
        "insertions": 1546,
        "deletions": 121,
        "date": "2020-03-30",
        "commitResults": [
          {
            "hash": "3a0f4d30c62e8fc07f143d17e4345bff4c5494f5",
            "messageTitle": "test md file",
            "messageBody": "",
            "insertions": 863,
            "deletions": 0
          },
          {
            "hash": "98307b67e2337b5618bd50395929ff9c9dc88e3d",
            "messageTitle": "UserGuide in md",
            "messageBody": "",
            "insertions": 479,
            "deletions": 0
          },
          {
            "hash": "513b77890d33ec802ed4357305a9a0bf410aca5b",
            "messageTitle": "Update README",
            "messageBody": "",
            "insertions": 100,
            "deletions": 22
          },
          {
            "hash": "9fcb7052847800cd559aa82ba8b07eefa5ef867a",
            "messageTitle": "Update README.md",
            "messageBody": "",
            "insertions": 3,
            "deletions": 3
          },
          {
            "hash": "cffb530f2f6b86125deb3ba32d965fefb10c244b",
            "messageTitle": "Update README.md",
            "messageBody": "",
            "insertions": 3,
            "deletions": 3
          },
          {
            "hash": "07c72d5e7089464a1d4545ce5d8e2507df662865",
            "messageTitle": "test DG",
            "messageBody": "",
            "insertions": 98,
            "deletions": 93
          }
        ]
      },
      {
        "insertions": 330,
        "deletions": 439,
        "date": "2020-03-31",
        "commitResults": [
          {
            "hash": "29bf289e7540b4643e88197a562bf495a146849c",
            "messageTitle": "no message",
            "messageBody": "",
            "insertions": 45,
            "deletions": 46
          },
          {
            "hash": "4e362eb5e858bed0c43ef7d7472b011c63b60259",
            "messageTitle": "no message",
            "messageBody": "",
            "insertions": 1,
            "deletions": 0
          },
          {
            "hash": "3f2f004847d8a70c9760b8ae9c9b7e42176548d8",
            "messageTitle": "no message",
            "messageBody": "",
            "insertions": 4,
            "deletions": 4
          },
          {
            "hash": "7708fdd65d1d119da51ec439f7bc6a8fcf1f101b",
            "messageTitle": "Update DeveloperGuide.md",
            "messageBody": "Ammended broken link",
            "insertions": 2,
            "deletions": 2
          },
          {
            "hash": "4551daf4f79c89520f98e0ebebca483df6f9e720",
            "messageTitle": "UG content page",
            "messageBody": "",
            "insertions": 72,
            "deletions": 72
          },
          {
            "hash": "457212a008db9627cee99f61873f6506405af543",
            "messageTitle": "fix broken links",
            "messageBody": "",
            "insertions": 3,
            "deletions": 5
          },
          {
            "hash": "57cb008dce7da9b5f02575af9e9ccb427e93ff69",
            "messageTitle": "Update UserGuide.md",
            "messageBody": "Wrong spelling",
            "insertions": 1,
            "deletions": 1
          },
          {
            "hash": "1ce987cbeba8bc1b1b3d8219b8f1afcef6f87a36",
            "messageTitle": "Fixed index bug for search commands of events and assignments",
            "messageBody": "",
            "insertions": 202,
            "deletions": 309
          }
        ]
      },
      {
        "insertions": 51,
        "deletions": 20,
        "date": "2020-04-02",
        "commitResults": [
          {
            "hash": "a002de007d2617210cf446a1a08c101f1fe23fad",
            "messageTitle": "Update search per bug report. add documentation page.",
            "messageBody": "",
            "insertions": 37,
            "deletions": 9
          },
          {
            "hash": "60d7384cf26f2e71752190691ca0ba631dc2d665",
            "messageTitle": "Update documentation guide.",
            "messageBody": "",
            "insertions": 1,
            "deletions": 1
          },
          {
            "hash": "414e3fb4131029fef44d0cd57925a9c7399be945",
            "messageTitle": "Update Documentation.md",
            "messageBody": "",
            "insertions": 3,
            "deletions": 3
          },
          {
            "hash": "8d34a4a5db4980a7fef4a42ea346322bf0ea1515",
            "messageTitle": "Update Documentation.md",
            "messageBody": "",
            "insertions": 4,
            "deletions": 4
          },
          {
            "hash": "8ea4c7a955320fba868fc113097a2c3a51510154",
            "messageTitle": "update documentaion",
            "messageBody": "",
            "insertions": 6,
            "deletions": 3
          }
        ]
      },
      {
        "insertions": 64,
        "deletions": 42,
        "date": "2020-04-03",
        "commitResults": [
          {
            "hash": "0170a3889fb8acd297a8c6a56724ba2fb6e7b810",
            "messageTitle": "Fixed UG index bug. Fixed DG bugs. Closed issue #154.",
            "messageBody": "",
            "insertions": 64,
            "deletions": 42
          }
        ]
      },
      {
        "insertions": 18,
        "deletions": 4,
        "date": "2020-04-04",
        "commitResults": [
          {
            "hash": "d2f128341d90f88821e86e2ee2f10d7615e39f62",
            "messageTitle": "Add appendix E for DG",
            "messageBody": "",
            "insertions": 18,
            "deletions": 4
          }
        ]
      },
      {
        "insertions": 16,
        "deletions": 7,
        "date": "2020-04-05",
        "commitResults": [
          {
            "hash": "21d020355ff7aab09af0f0e6ab38cdcc8ca35540",
            "messageTitle": "resolve issue #165",
            "messageBody": "",
            "insertions": 14,
            "deletions": 6
          },
          {
            "hash": "0c83d80c58f376f82ee33302a943a2e019a365a4",
            "messageTitle": "Fixed checkstyle",
            "messageBody": "",
            "insertions": 2,
            "deletions": 1
          }
        ]
      },
      {
        "insertions": 292,
        "deletions": 246,
        "date": "2020-04-07",
        "commitResults": [
          {
            "hash": "e430e50a3f075afca2abf9224f0ea4fc1dbb89a0",
            "messageTitle": "A few updates. refactor code and update ug,dg. add ppp",
            "messageBody": "",
            "insertions": 135,
            "deletions": 46
          },
          {
            "hash": "3c801e5a7d756eca6bb47196e5cacc59d2e8caf8",
            "messageTitle": "improved ppp",
            "messageBody": "",
            "insertions": 1,
            "deletions": 0
          },
          {
            "hash": "40e8609cb264dc5d19583f94e415a6e0dd905cd0",
            "messageTitle": "refactor tests for search",
            "messageBody": "",
            "insertions": 152,
            "deletions": 198
          },
          {
            "hash": "cf993aa03507a3e44736d110ddf739b619b450a9",
            "messageTitle": "add javadocs",
            "messageBody": "",
            "insertions": 3,
            "deletions": 1
          },
          {
            "hash": "0fd320282206226c2bbb54b75c7e929c9f26c769",
            "messageTitle": "ADD AN MISSING PERIOD TO JAVADOCS",
            "messageBody": "",
            "insertions": 1,
            "deletions": 1
          }
        ]
      },
      {
        "insertions": 95,
        "deletions": 72,
        "date": "2020-04-08",
        "commitResults": [
          {
            "hash": "1425e95b3e2280825ed0ad6b845adef3a9013fe0",
            "messageTitle": "Update DG. Change error message for search commands. updated dg diagram for search. Moved documentation to DG. Add missing symbols in PPP.",
            "messageBody": "",
            "insertions": 93,
            "deletions": 68
          },
          {
            "hash": "7abe639e652d2e698fff274353887a3d7da1fceb",
            "messageTitle": "update test",
            "messageBody": "",
            "insertions": 2,
            "deletions": 4
          }
        ]
      },
      {
        "insertions": 73,
        "deletions": 44,
        "date": "2020-04-09",
        "commitResults": [
          {
            "hash": "3f7f082f642eb9c4c55b17973fd6b466d93d7553",
            "messageTitle": "Search command date. fix corresponding test",
            "messageBody": "",
            "insertions": 73,
            "deletions": 44
          }
        ]
      },
      {
        "insertions": 81,
        "deletions": 83,
        "date": "2020-04-10",
        "commitResults": [
          {
            "hash": "6754bbed49e6775561e6cbda9453de9475c8d322",
            "messageTitle": "Update UG,DG. Add images.",
            "messageBody": "",
            "insertions": 56,
            "deletions": 58
          },
          {
            "hash": "72e342f092402164c7de135e932d966257bb8f46",
            "messageTitle": "Update joelczk.md",
            "messageBody": "",
            "insertions": 1,
            "deletions": 1
          },
          {
            "hash": "813249ed4f433a5231e36f0eaa0fb71763fb3e94",
            "messageTitle": "Update UserGuide.md",
            "messageBody": "",
            "insertions": 5,
            "deletions": 5
          },
          {
            "hash": "3d157ae31ab67575eb68afb07f39c09c93c533d8",
            "messageTitle": "Update UserGuide.md",
            "messageBody": "",
            "insertions": 4,
            "deletions": 4
          },
          {
            "hash": "eca60ea5aabdab5d51c5b6df94a1954fe20ce0db",
            "messageTitle": "Update DeveloperGuide.md",
            "messageBody": "",
            "insertions": 3,
            "deletions": 3
          },
          {
            "hash": "fa9147c5695cea842e0a33ff2b767c6b8fa01d7d",
            "messageTitle": "Update DeveloperGuide.md",
            "messageBody": "",
            "insertions": 8,
            "deletions": 8
          },
          {
            "hash": "9323b4e65c18b8e97fbacef5a1f0c4568d1c6d06",
            "messageTitle": "Update DeveloperGuide.md",
            "messageBody": "",
            "insertions": 1,
            "deletions": 1
          },
          {
            "hash": "aeca9012a86519d3410248d8a75efa52f7bbbc68",
            "messageTitle": "Update DeveloperGuide.md",
            "messageBody": "",
            "insertions": 2,
            "deletions": 2
          },
          {
            "hash": "f359fe8e753536eaaf2c6d521e49818c8df0c542",
            "messageTitle": "Update joelczk.md",
            "messageBody": "",
            "insertions": 1,
            "deletions": 1
          }
        ]
      },
      {
        "insertions": 14,
        "deletions": 13,
        "date": "2020-04-11",
        "commitResults": [
          {
            "hash": "48bd1352f140abffe1e0f7ffc608c0e7467470fa",
            "messageTitle": "Fixed UG calendar bug.",
            "messageBody": "",
            "insertions": 1,
            "deletions": 1
          },
          {
            "hash": "df05cd57dc2d765d5ef39f4a3dfeea54d698751e",
            "messageTitle": "Update joelczk.md",
            "messageBody": "",
            "insertions": 6,
            "deletions": 6
          },
          {
            "hash": "a89b397e68533d3ea726e65bb2afcc75c2f8b9e2",
            "messageTitle": "Update PPP.",
            "messageBody": "",
            "insertions": 7,
            "deletions": 6
          }
        ]
      }
    ],
    "Keith-JK": [
      {
        "insertions": 1,
        "deletions": 1,
        "date": "2020-03-02",
        "commitResults": [
          {
            "hash": "8e22dcaf070563b0bf8e3d9e9991acadd850844c",
            "messageTitle": "test test",
            "messageBody": "",
            "insertions": 1,
            "deletions": 1
          }
        ]
      },
      {
        "insertions": 116,
        "deletions": 0,
        "date": "2020-03-04",
        "commitResults": [
          {
            "hash": "c6679316f9bbc337c7fe1daaa0e96371dae4b758",
            "messageTitle": "Implemented Task Package with Assignment and Event classes",
            "messageBody": "",
            "insertions": 116,
            "deletions": 0
          }
        ]
      },
      {
        "insertions": 224,
        "deletions": 156,
        "date": "2020-03-05",
        "commitResults": [
          {
            "hash": "413926985c4290d58d05b570c7815358c43bdc80",
            "messageTitle": "Implement basic Ui",
            "messageBody": "",
            "insertions": 60,
            "deletions": 126
          },
          {
            "hash": "7d0a55979b22b1c3a02e6df15a8997c6ff4644f3",
            "messageTitle": "Changed JavaDocs comments to pass gradle tests",
            "messageBody": "",
            "insertions": 6,
            "deletions": 6
          },
          {
            "hash": "6eb832923f1c14760cab764703fee7dbfdb66e76",
            "messageTitle": "2nd change to pass text-ui-testing",
            "messageBody": "",
            "insertions": 1,
            "deletions": 1
          },
          {
            "hash": "7c3b2de8baad8dd4bb2e3e041a3d67089b6db749",
            "messageTitle": "Implmented following functions: Add Assignment, Add Event, Mark Task as Done",
            "messageBody": "",
            "insertions": 128,
            "deletions": 14
          },
          {
            "hash": "0f3356ca7582e17202bee4447cc535fa52ef5357",
            "messageTitle": "Removed extra imports",
            "messageBody": "",
            "insertions": 0,
            "deletions": 1
          },
          {
            "hash": "b292ba9a7e6a2c32ae080bc1e1969f8c1c190df3",
            "messageTitle": "Reformatted to fit checkstyleMain",
            "messageBody": "",
            "insertions": 28,
            "deletions": 7
          },
          {
            "hash": "0af1543f0d96ecab68fe49d6583ac67838b6ecd8",
            "messageTitle": "Corrected error in formatting of Ui message in previous commit",
            "messageBody": "",
            "insertions": 1,
            "deletions": 1
          }
        ]
      },
      {
        "insertions": 187,
        "deletions": 35,
        "date": "2020-03-11",
        "commitResults": [
          {
            "hash": "7c92a8529f3acb8ac961362763bfc217aee87159",
            "messageTitle": "Junit Test + Add Help Command",
            "messageBody": "",
            "insertions": 103,
            "deletions": 14
          },
          {
            "hash": "4f1481a88f80d22aca90718e83e4388c07e6f5bf",
            "messageTitle": "Added ExitCommand, changed Duke.main() to handle ExitCommand. Added Junit ExitCommandTests.",
            "messageBody": "",
            "insertions": 69,
            "deletions": 13
          },
          {
            "hash": "2343ba3aa752673ec1b0f9df68bce197dfc15b8a",
            "messageTitle": "Changed ExitCommand keyword to \"bb\"",
            "messageBody": "",
            "insertions": 2,
            "deletions": 2
          },
          {
            "hash": "3f175670904786d1d54e0f02fbabb15bec96161e",
            "messageTitle": "Add divider line after every command",
            "messageBody": "",
            "insertions": 8,
            "deletions": 5
          },
          {
            "hash": "87a07f27a7ea5c92eced2aa07a3281309cbf4e0c",
            "messageTitle": "Changed to Messages.DIVIDER",
            "messageBody": "",
            "insertions": 2,
            "deletions": 1
          },
          {
            "hash": "11703df011475220e4e91acdd6615bf1e17e3eee",
            "messageTitle": "Changed expected.txt",
            "messageBody": "",
            "insertions": 3,
            "deletions": 0
          }
        ]
      },
      {
        "insertions": 36,
        "deletions": 38,
        "date": "2020-03-13",
        "commitResults": [
          {
            "hash": "8b838d06e9f86de4f110fe0f33268925133dc6b0",
            "messageTitle": "Refactor Exit Command and related Junit",
            "messageBody": "",
            "insertions": 7,
            "deletions": 25
          },
          {
            "hash": "32ddbc0e04f113397b7ec11fe9b6d5e8f233d683",
            "messageTitle": "Refactor toString() for Assignment \u0026 Event class",
            "messageBody": "",
            "insertions": 29,
            "deletions": 13
          }
        ]
      },
      {
        "insertions": 16,
        "deletions": 8,
        "date": "2020-03-15",
        "commitResults": [
          {
            "hash": "d126ec9194525e62d9e904aa7412969f110f56f4",
            "messageTitle": "Add assertions for capitalise function",
            "messageBody": "",
            "insertions": 8,
            "deletions": 0
          },
          {
            "hash": "59a0e55e15243fe7874590b92a023f1599730732",
            "messageTitle": "Added assertions",
            "messageBody": "",
            "insertions": 8,
            "deletions": 8
          }
        ]
      },
      {
        "insertions": 14,
        "deletions": 41,
        "date": "2020-03-17",
        "commitResults": [
          {
            "hash": "58e0747943560f2e7cd0073a6a5fb94335ff8415",
            "messageTitle": "Redesigned Clear Done Command",
            "messageBody": "",
            "insertions": 14,
            "deletions": 41
          }
        ]
      },
      {
        "insertions": 332,
        "deletions": 4,
        "date": "2020-03-22",
        "commitResults": [
          {
            "hash": "19d40243b914d30d4ba296fd519a21ee7b8af555",
            "messageTitle": "Added Calendar Command.",
            "messageBody": "",
            "insertions": 275,
            "deletions": 3
          },
          {
            "hash": "16b3c593626995db3ea14551e263deff5aba1e3b",
            "messageTitle": "Add JavaDocs to CalendarCommand",
            "messageBody": "",
            "insertions": 57,
            "deletions": 1
          }
        ]
      },
      {
        "insertions": 259,
        "deletions": 18,
        "date": "2020-03-24",
        "commitResults": [
          {
            "hash": "060386f950455275d82569aac137e281b8018081",
            "messageTitle": "Added Calendar Command Test",
            "messageBody": "",
            "insertions": 259,
            "deletions": 18
          }
        ]
      },
      {
        "insertions": 209,
        "deletions": 12,
        "date": "2020-03-26",
        "commitResults": [
          {
            "hash": "96e63bc53bc0bad604774fba9e1cb5678f31e795",
            "messageTitle": "Updated Calendar Command to reflect RepeatCommand",
            "messageBody": "",
            "insertions": 209,
            "deletions": 12
          }
        ]
      },
      {
        "insertions": 20,
        "deletions": 2,
        "date": "2020-03-27",
        "commitResults": [
          {
            "hash": "bd8425a550171839805343db31a728cd772e22b6",
            "messageTitle": "Updated logic of CalendarCommand and added implementation of CalendarCommand in DG",
            "messageBody": "",
            "insertions": 19,
            "deletions": 2
          },
          {
            "hash": "0b6bcb827649042db405de300b048988637b5d56",
            "messageTitle": "Added extra CalendarCommand diagram. Corrected JavaDocs mistakes in TaskList",
            "messageBody": "",
            "insertions": 1,
            "deletions": 0
          }
        ]
      },
      {
        "insertions": 138,
        "deletions": 73,
        "date": "2020-04-02",
        "commitResults": [
          {
            "hash": "64587074c879a1b2117c59c48cdeb8e609e7d658",
            "messageTitle": "Refactor code to make methods shorter",
            "messageBody": "",
            "insertions": 138,
            "deletions": 73
          }
        ]
      },
      {
        "insertions": 35,
        "deletions": 24,
        "date": "2020-04-04",
        "commitResults": [
          {
            "hash": "178a54dca51d1febf800205f76188bbf2ee67ffa",
            "messageTitle": "Refactor CalendarCommand: input MMYY only + shorten methods",
            "messageBody": "",
            "insertions": 35,
            "deletions": 24
          }
        ]
      },
      {
        "insertions": 141,
        "deletions": 30,
        "date": "2020-04-05",
        "commitResults": [
          {
            "hash": "b0198ac2ce55b33e334e4d26166e5c95cdc76bf3",
            "messageTitle": "Improve CalendarCommand testing",
            "messageBody": "",
            "insertions": 123,
            "deletions": 19
          },
          {
            "hash": "7609136d2198bc00e163aa145335abeae89161b0",
            "messageTitle": "Update DG and UG on changes to CalendarCommand",
            "messageBody": "",
            "insertions": 4,
            "deletions": 4
          },
          {
            "hash": "b455acaae12b467f65a8f24b28d66cc48f63b63c",
            "messageTitle": "Corrected DG diagrams and add future enhancements",
            "messageBody": "",
            "insertions": 12,
            "deletions": 5
          },
          {
            "hash": "27298d4ff1418657cd07a0ae58dddbe889ab9bc6",
            "messageTitle": "Update UG summary to reflect changes in CalendarCommand",
            "messageBody": "",
            "insertions": 2,
            "deletions": 2
          }
        ]
      },
      {
        "insertions": 651,
        "deletions": 145,
        "date": "2020-04-07",
        "commitResults": [
          {
            "hash": "2973876ec3c054f7b728fed64292cdcd0d580542",
            "messageTitle": "PPPv1 + More CalendarTest",
            "messageBody": "",
            "insertions": 75,
            "deletions": 9
          },
          {
            "hash": "46f353a00c7905a42494e72774e1a40bba572c1d",
            "messageTitle": "Added Ui Test",
            "messageBody": "",
            "insertions": 101,
            "deletions": 0
          },
          {
            "hash": "b13096f9429e732381b6cab44c8ac256c32e3c9b",
            "messageTitle": "Cleanup redundant lines of code and fixed test code style",
            "messageBody": "",
            "insertions": 43,
            "deletions": 53
          },
          {
            "hash": "bdebcba7f719de2ecc83b12d04dea875de7f0f14",
            "messageTitle": "Improve DoneCommand test code coverage",
            "messageBody": "",
            "insertions": 62,
            "deletions": 1
          },
          {
            "hash": "b1553a9de275dd3e840ca8eb38bf1398bee80a75",
            "messageTitle": "Improve test coverage for DeleteCommand",
            "messageBody": "",
            "insertions": 49,
            "deletions": 2
          },
          {
            "hash": "9ccd4df6d070a05a88958a1b65a884aa30529a21",
            "messageTitle": "Rename methods in CalendarCommand",
            "messageBody": "",
            "insertions": 27,
            "deletions": 37
          },
          {
            "hash": "a3749fee29e26319b4a7745bebd534c35fcabdeb",
            "messageTitle": "Added Section A: Target user profile and Section D: non functional requirements",
            "messageBody": "",
            "insertions": 27,
            "deletions": 5
          },
          {
            "hash": "c46fee52db52c110e9d33cfe0792f82fcf7a64d5",
            "messageTitle": "Edit pppv1",
            "messageBody": "",
            "insertions": 14,
            "deletions": 9
          },
          {
            "hash": "b9e8b06d9f5a895a0866cae880b03e8441fc9f51",
            "messageTitle": "Fixed code style",
            "messageBody": "",
            "insertions": 17,
            "deletions": 17
          },
          {
            "hash": "bcb436864f16243b1a524360fa6e593c23fcc028",
            "messageTitle": "Added HelpTest",
            "messageBody": "",
            "insertions": 61,
            "deletions": 1
          },
          {
            "hash": "4620d9146c1a0939cd7b0aa1f76c7a2703fe5619",
            "messageTitle": "Increase EditCommandTest code coverage",
            "messageBody": "",
            "insertions": 156,
            "deletions": 5
          },
          {
            "hash": "ff4ec9d190cb4de4704010380deee64ef1cd4a3c",
            "messageTitle": "Removed * imports",
            "messageBody": "",
            "insertions": 15,
            "deletions": 4
          },
          {
            "hash": "ffb02f17545f481bd8fd3c42448bd79f7870325b",
            "messageTitle": "Correction to UML diagram",
            "messageBody": "",
            "insertions": 4,
            "deletions": 2
          }
        ]
      },
      {
        "insertions": 5,
        "deletions": 2,
        "date": "2020-04-08",
        "commitResults": [
          {
            "hash": "d6cb5c82423a03749b79a782ea029d629445de4e",
            "messageTitle": "Correct invalid date message for CalendarCommand",
            "messageBody": "",
            "insertions": 3,
            "deletions": 1
          },
          {
            "hash": "b1f383828f5af4c3d5c259fb751445baf9931a8c",
            "messageTitle": "Fix corresponding test for CalendarCommand",
            "messageBody": "",
            "insertions": 2,
            "deletions": 1
          }
        ]
      },
      {
        "insertions": 77,
        "deletions": 20,
        "date": "2020-04-10",
        "commitResults": [
          {
            "hash": "758788d7343bf7ee2ff1d10b5dbf4c60f45fb549",
            "messageTitle": "Fix bug in DG link. Fixed possible bug in CalendarCommand",
            "messageBody": "",
            "insertions": 14,
            "deletions": 4
          },
          {
            "hash": "1296a3255c2abfd0f9aa733b1d63b29176370c9a",
            "messageTitle": "Fix max CalendarRows for month with 6 rows",
            "messageBody": "",
            "insertions": 1,
            "deletions": 1
          },
          {
            "hash": "579378164ecf6dbf53591a915217ada794d4d3bd",
            "messageTitle": "Minor change to PPP. Add test for EditCommand in Parser",
            "messageBody": "",
            "insertions": 51,
            "deletions": 10
          },
          {
            "hash": "f72512cf7c75cbad1ca24ddd325b3d55989fb44d",
            "messageTitle": "Minor additions to DG/UG",
            "messageBody": "",
            "insertions": 9,
            "deletions": 3
          },
          {
            "hash": "a4be5aad44785d78267570a3e5896102a8b85d58",
            "messageTitle": "Fix Javadoc",
            "messageBody": "",
            "insertions": 2,
            "deletions": 2
          }
        ]
      },
      {
        "insertions": 4,
        "deletions": 3,
        "date": "2020-04-11",
        "commitResults": [
          {
            "hash": "96430371a2375d735e337d53da0b9fc2c29053a3",
            "messageTitle": "Change ppp name",
            "messageBody": "",
            "insertions": 0,
            "deletions": 0
          },
          {
            "hash": "e0438d184b9cf14cbd2dcbb0b05d08ff89878024",
            "messageTitle": "Fix link in AboutUs.md",
            "messageBody": "",
            "insertions": 1,
            "deletions": 1
          },
          {
            "hash": "543c29205abf94b94a8bf9588ae45541d206e73e",
            "messageTitle": "no message",
            "messageBody": "",
            "insertions": 1,
            "deletions": 0
          },
          {
            "hash": "1006e64ff60f4b154b0f62e96a9325a457c39337",
            "messageTitle": "no message",
            "messageBody": "",
            "insertions": 2,
            "deletions": 2
          }
        ]
      }
    ],
    "jichngan": [
      {
        "insertions": 1,
        "deletions": 1,
        "date": "2020-03-02",
        "commitResults": [
          {
            "hash": "8c2eccaf72e7ff63fd98fe4547ac00757f612807",
            "messageTitle": "Change about us.",
            "messageBody": "",
            "insertions": 1,
            "deletions": 1
          }
        ]
      },
      {
        "insertions": 153,
        "deletions": 38,
        "date": "2020-03-05",
        "commitResults": [
          {
            "hash": "c918d7dc52b73ccb4fe2aff25fbffa3393721ead",
            "messageTitle": "Add some lines of ListCommand code. Work in progress.",
            "messageBody": "",
            "insertions": 23,
            "deletions": 2
          },
          {
            "hash": "09779411d189513c5c520e0eee81c7d52c8eba49",
            "messageTitle": "Add skeleton code for TaskList.",
            "messageBody": "",
            "insertions": 39,
            "deletions": 0
          },
          {
            "hash": "fd03a0a92aa570cf317ba0eb82560249a18784d2",
            "messageTitle": "Update Javadoc.",
            "messageBody": "",
            "insertions": 3,
            "deletions": 3
          },
          {
            "hash": "5381358a8b222c10a3d476170884ecf4be1a4548",
            "messageTitle": "Remove taskList instantiation from Parser class.",
            "messageBody": "",
            "insertions": 0,
            "deletions": 1
          },
          {
            "hash": "9673b51622c895224587ff792257d3acae101279",
            "messageTitle": "Add TaskList tasks argument into abstract method execute.",
            "messageBody": "",
            "insertions": 3,
            "deletions": 1
          },
          {
            "hash": "86d2c5f7bd99a7ce62d9ec467d5a3cd4f9aa2b5f",
            "messageTitle": "Change ListCommand and TaskList",
            "messageBody": "",
            "insertions": 11,
            "deletions": 13
          },
          {
            "hash": "9e9050fefccfd9246e565e6462b87c0df49237f0",
            "messageTitle": "Add feature to list tasks that are scheduled or due today.",
            "messageBody": "",
            "insertions": 20,
            "deletions": 4
          },
          {
            "hash": "d991079123c6d7f52fb3ed6236ac8d9d5d7d0fcb",
            "messageTitle": "Correct coding style errors.",
            "messageBody": "",
            "insertions": 5,
            "deletions": 4
          },
          {
            "hash": "515706d72a003a39bedb43ff63e1739789490ae0",
            "messageTitle": "Fix coding style error.",
            "messageBody": "",
            "insertions": 2,
            "deletions": 2
          },
          {
            "hash": "09d258ca7e0f4647f5746e5c72d2fdb78492dc9c",
            "messageTitle": "Add static final to constant variable.",
            "messageBody": "",
            "insertions": 1,
            "deletions": 1
          },
          {
            "hash": "2e6c34cb30f9beb5471d75d05b47595f8fd846d4",
            "messageTitle": "Refractor code to include getter method for the current date.",
            "messageBody": "",
            "insertions": 1,
            "deletions": 0
          },
          {
            "hash": "3e3d33dfd4264e1ae53026941bbe96ce95fcc548",
            "messageTitle": "Add feature to list tasks within current week and next week.",
            "messageBody": "",
            "insertions": 43,
            "deletions": 5
          },
          {
            "hash": "7ac78ff947c4977af6c7e37b702ffda096417de2",
            "messageTitle": "Fix code to match Gradle Checkstyle.",
            "messageBody": "",
            "insertions": 1,
            "deletions": 1
          },
          {
            "hash": "87aa41d30369a5ae7abe4b39e80fbb94c14b8ad7",
            "messageTitle": "Fix for Gradle Checkstyle.",
            "messageBody": "",
            "insertions": 1,
            "deletions": 1
          }
        ]
      },
      {
        "insertions": 29,
        "deletions": 34,
        "date": "2020-03-12",
        "commitResults": [
          {
            "hash": "90ae1dafebb8d7133aeae5637845a7c10a4bf598",
            "messageTitle": "Refractor getter method for this week and next week tasks.",
            "messageBody": "",
            "insertions": 11,
            "deletions": 26
          },
          {
            "hash": "a5a083ecc7c9b72b44d1c0ff144bcdabd02f3fcf",
            "messageTitle": "Add Javadoc for methods in ListCommand.",
            "messageBody": "",
            "insertions": 8,
            "deletions": 2
          },
          {
            "hash": "672ccbe8469f908a6ba9538808d27b0dd3c9bef0",
            "messageTitle": "Changed Logo for ATAS.",
            "messageBody": "",
            "insertions": 10,
            "deletions": 6
          }
        ]
      },
      {
        "insertions": 80,
        "deletions": 25,
        "date": "2020-03-14",
        "commitResults": [
          {
            "hash": "e38185b89a95c1ca3163d418c2b9856877b0fec5",
            "messageTitle": "Add Junit testing for List today and List week.",
            "messageBody": "",
            "insertions": 70,
            "deletions": 1
          },
          {
            "hash": "2bcad79236c18a21d58e1b4bd7308d9e5188ae62",
            "messageTitle": "Rename Exception class. Refractor code.",
            "messageBody": "",
            "insertions": 2,
            "deletions": 16
          },
          {
            "hash": "e3c3b4353336b622b5897dc450dfef38609c1cbf",
            "messageTitle": "Add assertion for getTasksByDate method.",
            "messageBody": "",
            "insertions": 1,
            "deletions": 0
          },
          {
            "hash": "d4b69530276bbb1aa7723d1d0d6f65ed0a23fb4c",
            "messageTitle": "Fix checkstyle violations.",
            "messageBody": "",
            "insertions": 7,
            "deletions": 8
          }
        ]
      },
      {
        "insertions": 200,
        "deletions": 11,
        "date": "2020-03-19",
        "commitResults": [
          {
            "hash": "c60cc8e564378d77f18d21e1bece45dd7a47cbd7",
            "messageTitle": "Add feature to edit assignments.",
            "messageBody": "",
            "insertions": 105,
            "deletions": 1
          },
          {
            "hash": "15d4704f77adc7ea3b69d4277d3309d95200d3c9",
            "messageTitle": "Add edit command feature for event tasks.",
            "messageBody": "",
            "insertions": 88,
            "deletions": 8
          },
          {
            "hash": "efcbfa9adb1af6141057d141d07db58dd0ff3f4d",
            "messageTitle": "Add Checkstyle fixes.",
            "messageBody": "",
            "insertions": 7,
            "deletions": 2
          }
        ]
      },
      {
        "insertions": 77,
        "deletions": 47,
        "date": "2020-03-24",
        "commitResults": [
          {
            "hash": "fab633bde5302512ab48e567ba5c0ccab6e1697d",
            "messageTitle": "Add tests for EditCommand feature.",
            "messageBody": "",
            "insertions": 69,
            "deletions": 0
          },
          {
            "hash": "178ee7c4c457b48cc13b16b3fedce6c5ff448712",
            "messageTitle": "Add EditCommand into list of help commands.",
            "messageBody": "",
            "insertions": 2,
            "deletions": 0
          },
          {
            "hash": "8127219f267d645a3b9f2eab4cb8614996ed8410",
            "messageTitle": "Change JavaDocs for Atas class.",
            "messageBody": "",
            "insertions": 2,
            "deletions": 2
          },
          {
            "hash": "87967bdf28153d9a1ef80f1bdc92dcb345f953bf",
            "messageTitle": "Fix help command for Edit.",
            "messageBody": "",
            "insertions": 1,
            "deletions": 1
          },
          {
            "hash": "2db76472baac30661096209a8774a9f5da486263",
            "messageTitle": "Add EditCommand into ACTUAL.TXT test cases.",
            "messageBody": "",
            "insertions": 2,
            "deletions": 0
          },
          {
            "hash": "c2710ac5597cd92cf29393fc97a36be319a98a5a",
            "messageTitle": "Fix to pass Checkstyle.",
            "messageBody": "",
            "insertions": 0,
            "deletions": 2
          },
          {
            "hash": "7c8c0f99e0f1f5f7cd8a509da5baf51ae11465bd",
            "messageTitle": "Fix runtest.sh.",
            "messageBody": "",
            "insertions": 1,
            "deletions": 0
          },
          {
            "hash": "abcaf318cb46addfa1506dfdccaf95ad1be02b13",
            "messageTitle": "Add UserGuide.adoc document.",
            "messageBody": "",
            "insertions": 0,
            "deletions": 42
          }
        ]
      },
      {
        "insertions": 0,
        "deletions": 34,
        "date": "2020-03-25",
        "commitResults": [
          {
            "hash": "c5b80f1bc00826d21155927bec109f00987f19b2",
            "messageTitle": "Add Developer Guide Template.",
            "messageBody": "",
            "insertions": 0,
            "deletions": 34
          }
        ]
      },
      {
        "insertions": 2,
        "deletions": 2,
        "date": "2020-03-26",
        "commitResults": [
          {
            "hash": "44185ffc0737afff16bf57c6fb6934298d4d3373",
            "messageTitle": "Change README.",
            "messageBody": "",
            "insertions": 2,
            "deletions": 2
          }
        ]
      },
      {
        "insertions": 50,
        "deletions": 36,
        "date": "2020-03-29",
        "commitResults": [
          {
            "hash": "b8c098751ef18a443920354a1dbb7b64e448a207",
            "messageTitle": "Fix incorrect error message when user inputs only edit as command. Fix placement of error message when user edits a task number greater than index on list. Add author tag for edit commands.",
            "messageBody": "",
            "insertions": 31,
            "deletions": 24
          },
          {
            "hash": "e972be4fb96962d9b23bb8845d2a3c7aa7465719",
            "messageTitle": "Add new tests for EditCommandTest.",
            "messageBody": "",
            "insertions": 18,
            "deletions": 12
          },
          {
            "hash": "139517a3642c54fcf74801ea66b484d5c6aef57b",
            "messageTitle": "Fix CheckStyle errors.",
            "messageBody": "",
            "insertions": 1,
            "deletions": 0
          }
        ]
      },
      {
        "insertions": 35,
        "deletions": 25,
        "date": "2020-04-03",
        "commitResults": [
          {
            "hash": "75755f6fadc38a448f07692eff33bb9ba147cbb5",
            "messageTitle": "Fix bugs for editing Assignment and Event tasks.",
            "messageBody": "",
            "insertions": 35,
            "deletions": 25
          }
        ]
      },
      {
        "insertions": 47,
        "deletions": 16,
        "date": "2020-04-04",
        "commitResults": [
          {
            "hash": "12efafe38e12d2b0925292777c76b6927b963bc6",
            "messageTitle": "Fix bug to display error when task index supplied is less than or equals to 0.",
            "messageBody": "",
            "insertions": 1,
            "deletions": 1
          },
          {
            "hash": "11f2f835ce309f887132e4a94fb4e160cbb84bd4",
            "messageTitle": "Fix bug which created a new event if RepeatedEvents are edited.",
            "messageBody": "",
            "insertions": 31,
            "deletions": 5
          },
          {
            "hash": "567154d40f21c1cff1dabf8c49323356a0daee94",
            "messageTitle": "Fix regex for Assignment and Event command.",
            "messageBody": "",
            "insertions": 13,
            "deletions": 9
          },
          {
            "hash": "3828b47741f1443d98ee9a9d47f3f56c61e0dfdd",
            "messageTitle": "Fix Checkstyle Violations",
            "messageBody": "",
            "insertions": 2,
            "deletions": 1
          }
        ]
      },
      {
        "insertions": 43,
        "deletions": 28,
        "date": "2020-04-07",
        "commitResults": [
          {
            "hash": "6a3e5f5df414284731d8fce88a88a1588b4f6876",
            "messageTitle": "Edit User Guide.",
            "messageBody": "",
            "insertions": 23,
            "deletions": 19
          },
          {
            "hash": "bbac69776ae4f1ad8c139d9be082a0b1bfa09777",
            "messageTitle": "Edit DG (Minor).",
            "messageBody": "",
            "insertions": 5,
            "deletions": 8
          },
          {
            "hash": "e304385811b4a062cd5f88aa7727b24d19795bb7",
            "messageTitle": "Add new Sequence Diagrams for DG. Add new description to DG.",
            "messageBody": "",
            "insertions": 10,
            "deletions": 1
          },
          {
            "hash": "82540e79e867667c351492bb79218d26b091948b",
            "messageTitle": "Add Appendix F for manual testing of program.",
            "messageBody": "",
            "insertions": 5,
            "deletions": 0
          }
        ]
      },
      {
        "insertions": 360,
        "deletions": 33,
        "date": "2020-04-08",
        "commitResults": [
          {
            "hash": "fc715c646807d53805851209b5ec23da2a38e38f",
            "messageTitle": "Add Appendix F into DG.",
            "messageBody": "",
            "insertions": 78,
            "deletions": 1
          },
          {
            "hash": "1376f61171b8d60cbf29684ca3a0b60be3ddb5b3",
            "messageTitle": "Add Appendix F.",
            "messageBody": "",
            "insertions": 131,
            "deletions": 23
          },
          {
            "hash": "743454ce1a1844d45ff9f6c060a5348dd7be9038",
            "messageTitle": "Add Bulk of Appendix F.",
            "messageBody": "",
            "insertions": 148,
            "deletions": 7
          },
          {
            "hash": "349a471c81a8537d8d00cf3d2e4ffd8d54e5f854",
            "messageTitle": "Update Search Command in UG.",
            "messageBody": "",
            "insertions": 2,
            "deletions": 2
          },
          {
            "hash": "fcbd916826e7a5bb11ccea8a83ff68c7c7af5d27",
            "messageTitle": "Add Table Of Contents for DG.",
            "messageBody": "",
            "insertions": 1,
            "deletions": 0
          }
        ]
      },
      {
        "insertions": 39,
        "deletions": 9,
        "date": "2020-04-09",
        "commitResults": [
          {
            "hash": "298ead2128c64ef9d8f1ba338c9b799812979302",
            "messageTitle": "Fix bug in editCommand which did not allow user to edit the time, comments of the task while keeping the same name.",
            "messageBody": "",
            "insertions": 21,
            "deletions": 3
          },
          {
            "hash": "b28758539f2e629b44940de603f7a1fbbdd23f84",
            "messageTitle": "Fix edit command prompt message.",
            "messageBody": "",
            "insertions": 1,
            "deletions": 1
          },
          {
            "hash": "66bd690ce31841c658c874212de66d8effcc2966",
            "messageTitle": "Fix Bug which display success message when user changes task type of task to be edit. (i.e. Assignment task edited to be event task) Error message to be displayed if the above is done.",
            "messageBody": "",
            "insertions": 13,
            "deletions": 2
          },
          {
            "hash": "f4fb25a394ef2969ad6f9a728f6aefb351f7cb81",
            "messageTitle": "Fix Checkstyle violations.",
            "messageBody": "",
            "insertions": 2,
            "deletions": 2
          },
          {
            "hash": "b41dfe5e92c7aff69b61f1814f03c83acefd601d",
            "messageTitle": "Fix EditCommand test error.",
            "messageBody": "",
            "insertions": 2,
            "deletions": 1
          }
        ]
      },
      {
        "insertions": 223,
        "deletions": 121,
        "date": "2020-04-10",
        "commitResults": [
          {
            "hash": "768c153468802e1ec5e9c44c927d17e15d1b1151",
            "messageTitle": "Add Prompt to notify user that he is no longer in \"editing\" mode.",
            "messageBody": "",
            "insertions": 23,
            "deletions": 12
          },
          {
            "hash": "9cd4ca2ff0cbb67d3b5b0bbfc43ada5da27983f8",
            "messageTitle": "Update EditCommandTest to match the changes to editCommand.",
            "messageBody": "",
            "insertions": 16,
            "deletions": 14
          },
          {
            "hash": "59f91a12b7044e25d2a16b530f4a0dd0a0adc338",
            "messageTitle": "Edit EditCommand Implementation.",
            "messageBody": "",
            "insertions": 25,
            "deletions": 4
          },
          {
            "hash": "ffc654c5dfdd30a788b93876cc1448536afefe78",
            "messageTitle": "Add more test cases to Appendix F.",
            "messageBody": "",
            "insertions": 18,
            "deletions": 2
          },
          {
            "hash": "403c5701d2d67149624ba13a49d840f7b3e4f6d1",
            "messageTitle": "Add draft of PPP.",
            "messageBody": "",
            "insertions": 28,
            "deletions": 0
          },
          {
            "hash": "f8ce1577fe77d66bcea9e90a450f4e7a7f5f2e6c",
            "messageTitle": "Add PPP first part",
            "messageBody": "",
            "insertions": 10,
            "deletions": 1
          },
          {
            "hash": "03d54c65adb34c6bfc133b8b8520e6e2e588ebbe",
            "messageTitle": "Add PPP.",
            "messageBody": "",
            "insertions": 28,
            "deletions": 1
          },
          {
            "hash": "8c22b95b76dc748664b3c3950f9326f05f7b112c",
            "messageTitle": "Update PPP.",
            "messageBody": "",
            "insertions": 1,
            "deletions": 0
          },
          {
            "hash": "ea472dc9d24664a84b060fe665e5d713631ab503",
            "messageTitle": "Format UG.",
            "messageBody": "",
            "insertions": 40,
            "deletions": 26
          },
          {
            "hash": "9965479d61b738b2af10d42088fdca2273013940",
            "messageTitle": "Edit UG.",
            "messageBody": "",
            "insertions": 7,
            "deletions": 4
          },
          {
            "hash": "31c05545fcf60753d684aadede65b7ca4928d231",
            "messageTitle": "Edit UG.",
            "messageBody": "",
            "insertions": 7,
            "deletions": 8
          },
          {
            "hash": "ae8261371750a1eadfccb03d1994ed0e2593eb82",
            "messageTitle": "Edit UG. Final Version 1.0",
            "messageBody": "",
            "insertions": 2,
            "deletions": 2
          },
          {
            "hash": "ee2a91b8c7a80219607c56d918908c7f0fbacd3d",
            "messageTitle": "Add ReadME for github.",
            "messageBody": "",
            "insertions": 14,
            "deletions": 45
          },
          {
            "hash": "e7fe4cae04a3f5b2bcc3825e4d9823327d057161",
            "messageTitle": "Add README for GitHub.",
            "messageBody": "",
            "insertions": 4,
            "deletions": 2
          }
        ]
      },
      {
        "insertions": 9,
        "deletions": 5,
        "date": "2020-04-11",
        "commitResults": [
          {
            "hash": "75539e8da1b4aaf70b7a80b5bf6b83364bfc7438",
            "messageTitle": "Edit PPP.",
            "messageBody": "",
            "insertions": 9,
            "deletions": 5
          }
        ]
      }
    ],
    "e0309556": [
      {
        "insertions": 1,
        "deletions": 2,
        "date": "2020-03-02",
        "commitResults": [
          {
            "hash": "b2066c8bebe8ff7524a8f2ecfcf2286a75a18882",
            "messageTitle": "Add name to AboutUs",
            "messageBody": "",
            "insertions": 1,
            "deletions": 1
          },
          {
            "hash": "7a26e3eaa71036811fdccb4a1fdd1a275cfd0ffe",
            "messageTitle": "Remove typo in AboutUs",
            "messageBody": "",
            "insertions": 0,
            "deletions": 1
          }
        ]
      },
      {
        "insertions": 69,
        "deletions": 8,
        "date": "2020-03-07",
        "commitResults": [
          {
            "hash": "aea3aef6dd6d089d9218cffe11f18b0b1adb9d53",
            "messageTitle": "Add List to show all tasks.",
            "messageBody": "",
            "insertions": 21,
            "deletions": 4
          },
          {
            "hash": "e62b91df7c519651b7371ae4cbc075a62a20b071",
            "messageTitle": "Add list upcoming events",
            "messageBody": "",
            "insertions": 22,
            "deletions": 0
          },
          {
            "hash": "1e2750874e7e5f183c06b3db623337c009461a20",
            "messageTitle": "Add list incomplete assignments",
            "messageBody": "",
            "insertions": 15,
            "deletions": 1
          },
          {
            "hash": "6db1b424d906b1350038eb4bb270f1414226fc5d",
            "messageTitle": "Add javaDoc for getting incomplete assignment task.",
            "messageBody": "",
            "insertions": 4,
            "deletions": 0
          },
          {
            "hash": "37947444fa9cbd1967003a0603c297290282cb9e",
            "messageTitle": "Fix checkstyle for missing whitespace in ListCommand. Add javaDoc for conversion of ArrayList to text.",
            "messageBody": "",
            "insertions": 7,
            "deletions": 3
          }
        ]
      },
      {
        "insertions": 325,
        "deletions": 144,
        "date": "2020-03-09",
        "commitResults": [
          {
            "hash": "2b80ea7951af9b4c2f52c1c5fefc5878fa3239b5",
            "messageTitle": "Add class CommandResult, Messages Add junit ListCommandTest Refactor code related to Command",
            "messageBody": "",
            "insertions": 281,
            "deletions": 113
          },
          {
            "hash": "501ba917affd8a32ab70b59ff2c6bdde2d12b5d6",
            "messageTitle": "Fix checkstyle violations",
            "messageBody": "",
            "insertions": 20,
            "deletions": 15
          },
          {
            "hash": "433a0f4f9ec2beacc36a226e1a625c75b42106df",
            "messageTitle": "Fix checkstyle violations",
            "messageBody": "",
            "insertions": 5,
            "deletions": 3
          },
          {
            "hash": "a6e86fdbdf90c7453c9d7f9d35eb2f4d2b570475",
            "messageTitle": "Fix checkstyle violations",
            "messageBody": "",
            "insertions": 13,
            "deletions": 6
          },
          {
            "hash": "b63783f7e40010df5757d1823dc9354d51f4eb06",
            "messageTitle": "Fix checkstyle violation",
            "messageBody": "",
            "insertions": 1,
            "deletions": 1
          },
          {
            "hash": "2e15ae8f90f45c9c31bd223c5fb4c5fee1779a2b",
            "messageTitle": "Remove space",
            "messageBody": "",
            "insertions": 5,
            "deletions": 6
          }
        ]
      },
      {
        "insertions": 53,
        "deletions": 1,
        "date": "2020-03-12",
        "commitResults": [
          {
            "hash": "8366f868cae020b5bad61c3797fa1707423f737c",
            "messageTitle": "Prevent repeated task from being added.",
            "messageBody": "",
            "insertions": 53,
            "deletions": 1
          }
        ]
      },
      {
        "insertions": 61,
        "deletions": 52,
        "date": "2020-03-13",
        "commitResults": [
          {
            "hash": "f7b5f26eadcdcfd9ae7dac65ecb8a87d8150603d",
            "messageTitle": "Fix merge conflict with upstream.",
            "messageBody": "",
            "insertions": 59,
            "deletions": 34
          },
          {
            "hash": "2b83334d882434b12a34ce72a6455a08df68a8de",
            "messageTitle": "Update Tasks to only prevent tasks with same name from being added.",
            "messageBody": "",
            "insertions": 1,
            "deletions": 17
          },
          {
            "hash": "c2f7ff344ac103f69ba4290e2010b62e9b67f051",
            "messageTitle": "Fix checkstyle violation",
            "messageBody": "",
            "insertions": 1,
            "deletions": 1
          }
        ]
      },
      {
        "insertions": 100,
        "deletions": 64,
        "date": "2020-03-14",
        "commitResults": [
          {
            "hash": "4deee4e0cc0d44351070b89a33d8433f69d87c85",
            "messageTitle": "Add assertion",
            "messageBody": "",
            "insertions": 4,
            "deletions": 0
          },
          {
            "hash": "5ff55752bb05a8c77afa0c3843ca4145fc4e00da",
            "messageTitle": "Change index shown on specific list to be the same as listing all tasks.",
            "messageBody": "",
            "insertions": 24,
            "deletions": 16
          },
          {
            "hash": "7131a6d4efb9a4866ecabe28898f69856a827d4d",
            "messageTitle": "Add more test for text-ui-test and Junit",
            "messageBody": "",
            "insertions": 21,
            "deletions": 6
          },
          {
            "hash": "2992901189fd90757d2e48733e1090197bd7cc26",
            "messageTitle": "Remove unnecessary import.",
            "messageBody": "",
            "insertions": 0,
            "deletions": 1
          },
          {
            "hash": "e7ae716cfac722395f1a52dcc0af151a24fe44e7",
            "messageTitle": "Add more Assertion. Rearranged Messages. Fix small inconsistencies in code spacing.",
            "messageBody": "",
            "insertions": 44,
            "deletions": 37
          },
          {
            "hash": "5cf357fb9583e0971b9d5fdc691ab312f30f587b",
            "messageTitle": "Fix checkstyle violation",
            "messageBody": "",
            "insertions": 6,
            "deletions": 3
          },
          {
            "hash": "44e273ffdd5f57cc4728d19165053760039dd477",
            "messageTitle": "Fix JUnit testing for listing",
            "messageBody": "",
            "insertions": 1,
            "deletions": 1
          }
        ]
      },
      {
        "insertions": 13,
        "deletions": 1,
        "date": "2020-03-15",
        "commitResults": [
          {
            "hash": "adfd45cdfed0815afe58b26db7763ab590b35a5e",
            "messageTitle": "Fix time discrepancy in ListCommandTest assertion failure",
            "messageBody": "",
            "insertions": 13,
            "deletions": 1
          }
        ]
      },
      {
        "insertions": 6,
        "deletions": 2,
        "date": "2020-03-16",
        "commitResults": [
          {
            "hash": "c71e490dc55de585271d56618ca7910fa48dd8e6",
            "messageTitle": "Add assertion to build gradle",
            "messageBody": "",
            "insertions": 6,
            "deletions": 1
          },
          {
            "hash": "722702b5d57c6be6076cb5befc5e18f2da0b25a1",
            "messageTitle": "Remove assertion added for test",
            "messageBody": "",
            "insertions": 0,
            "deletions": 1
          }
        ]
      },
      {
        "insertions": 7,
        "deletions": 0,
        "date": "2020-03-19",
        "commitResults": [
          {
            "hash": "4b12ddac8f3de8543fdabdbb5d927ca81b148864",
            "messageTitle": "Add equality checking for assignment to include modules",
            "messageBody": "",
            "insertions": 7,
            "deletions": 0
          }
        ]
      },
      {
        "insertions": 401,
        "deletions": 47,
        "date": "2020-03-22",
        "commitResults": [
          {
            "hash": "9fdbc1d68a62016a685811d3448f40a6c5cf52d8",
            "messageTitle": "Add feature: repeating events",
            "messageBody": "",
            "insertions": 355,
            "deletions": 36
          },
          {
            "hash": "146ab8f4ed7b68b863c67615f2f6cf9a3b2fc575",
            "messageTitle": "Fix checkstyle violation",
            "messageBody": "",
            "insertions": 46,
            "deletions": 11
          }
        ]
      },
      {
        "insertions": 335,
        "deletions": 231,
        "date": "2020-03-23",
        "commitResults": [
          {
            "hash": "bdee2b8e03d89f6751bbf64407e08cfe40a7a7fd",
            "messageTitle": "Refactor help command",
            "messageBody": "",
            "insertions": 78,
            "deletions": 48
          },
          {
            "hash": "bdfbed6f81c8988672dfda21451e6f87d13f4594",
            "messageTitle": "Remove unnecessary comments",
            "messageBody": "",
            "insertions": 0,
            "deletions": 7
          },
          {
            "hash": "2fbd56ebaf92460fde27853efe96facb9b7fa87e",
            "messageTitle": "Change RepeatCommand to use regex for parsing parameters.",
            "messageBody": "",
            "insertions": 127,
            "deletions": 72
          },
          {
            "hash": "b70020a2ee5189980635fbaee7e582709536644e",
            "messageTitle": "Add test for code not covered in ListCommand",
            "messageBody": "",
            "insertions": 8,
            "deletions": 2
          },
          {
            "hash": "e9dbcf2d0c226e4ab5adfee9d3d434497d30805f",
            "messageTitle": "Refactor printing messages.",
            "messageBody": "",
            "insertions": 119,
            "deletions": 101
          },
          {
            "hash": "3b3ac6f90c2c6298658d9726602e47b87846cdc1",
            "messageTitle": "Add assertion and updated regex for Parser of repeat command",
            "messageBody": "",
            "insertions": 3,
            "deletions": 1
          }
        ]
      },
      {
        "insertions": 44,
        "deletions": 25,
        "date": "2020-03-26",
        "commitResults": [
          {
            "hash": "687f570b9ee5e2ac5a959202ffca24c79786df00",
            "messageTitle": "Fix minor bug in repeat command and small inconsistency with DG writeup.",
            "messageBody": "",
            "insertions": 34,
            "deletions": 16
          },
          {
            "hash": "cf2e8d01da11d66891fc6fe85a9d3767308964b5",
            "messageTitle": "Fix change in tests arising from fixing minor bugs for repeat command.",
            "messageBody": "",
            "insertions": 10,
            "deletions": 9
          }
        ]
      },
      {
        "insertions": 2,
        "deletions": 1,
        "date": "2020-03-27",
        "commitResults": [
          {
            "hash": "5544ce7d40378dbf35b07838c626708c89b2b550",
            "messageTitle": "Remove failing test",
            "messageBody": "",
            "insertions": 2,
            "deletions": 1
          }
        ]
      },
      {
        "insertions": 626,
        "deletions": 380,
        "date": "2020-03-28",
        "commitResults": [
          {
            "hash": "822f42fbcc8c03ab61adede1d8c314449ba9c0ff",
            "messageTitle": "Fix RepeatEvent command for time related bugs",
            "messageBody": "",
            "insertions": 104,
            "deletions": 38
          },
          {
            "hash": "dd3f0287b3854cb1f00006fa58b70c1508e8ccc7",
            "messageTitle": "Refactor RepeatCommand class to reflect more accurate relationship.",
            "messageBody": "",
            "insertions": 449,
            "deletions": 309
          },
          {
            "hash": "bb3e5773e92637cdbefb0ef44e6398a63c0d087c",
            "messageTitle": "Add documentation for repeat command",
            "messageBody": "",
            "insertions": 22,
            "deletions": 16
          },
          {
            "hash": "0a3d9b0f5109c2d732f4dc3ca913695aea7a1810",
            "messageTitle": "Fix encode decode bug on RepeatEvent class",
            "messageBody": "",
            "insertions": 8,
            "deletions": 9
          },
          {
            "hash": "b27acab98bca5a3180a361c0ee2be63395490a84",
            "messageTitle": "Fix equality check for RepeatEvent and Events.",
            "messageBody": "",
            "insertions": 10,
            "deletions": 2
          },
          {
            "hash": "00fea3d977da39365e52534c8fb855b7af652930",
            "messageTitle": "Fix checkstyle violation.",
            "messageBody": "",
            "insertions": 33,
            "deletions": 6
          }
        ]
      },
      {
        "insertions": 168,
        "deletions": 150,
        "date": "2020-03-31",
        "commitResults": [
          {
            "hash": "bd0877a047a696b0a21daf4f285da0124b33afaa",
            "messageTitle": "Add formating and missing links for UG due to conversion to md from adoc.",
            "messageBody": "",
            "insertions": 72,
            "deletions": 50
          },
          {
            "hash": "e539ffebab6cf09d11d44649e37d6a3050d35993",
            "messageTitle": "Add formating and missing links for DG due to conversion to md from adoc.",
            "messageBody": "",
            "insertions": 88,
            "deletions": 92
          },
          {
            "hash": "2a46930d6a376ca0504edd4173db601e82ddc21d",
            "messageTitle": "Fix broken links on content page",
            "messageBody": "",
            "insertions": 4,
            "deletions": 4
          },
          {
            "hash": "1dc414c72e6606b90550102f455f1a12ac2f8fdd",
            "messageTitle": "Add back to top for UG and DG",
            "messageBody": "",
            "insertions": 3,
            "deletions": 2
          },
          {
            "hash": "eb28b041b6918eaa658c6fca5ade3832d51a7c7b",
            "messageTitle": "Add minor changes repeat event content for UG",
            "messageBody": "",
            "insertions": 1,
            "deletions": 2
          }
        ]
      },
      {
        "insertions": 216,
        "deletions": 137,
        "date": "2020-04-05",
        "commitResults": [
          {
            "hash": "842922d435f64c90dc3f184704c5feeed9d14d22",
            "messageTitle": "Fixed relevant bugs reported during PE dry run",
            "messageBody": "",
            "insertions": 30,
            "deletions": 5
          },
          {
            "hash": "c307121689a6dd62caeff02c9aa2c6d3d85136bc",
            "messageTitle": "Update UG and DG for Repeat Command.",
            "messageBody": "",
            "insertions": 176,
            "deletions": 129
          },
          {
            "hash": "30e509e3ac844a0876081268ef42762ec15c0a55",
            "messageTitle": "Add more information for Testing section in DG.",
            "messageBody": "",
            "insertions": 9,
            "deletions": 2
          },
          {
            "hash": "5ead1f207ecdbdbaa3721c4bf5f97dfdd7858e2f",
            "messageTitle": "Fix failed test case arising from changes in RepeatCommand implementation.",
            "messageBody": "",
            "insertions": 1,
            "deletions": 1
          }
        ]
      },
      {
        "insertions": 283,
        "deletions": 116,
        "date": "2020-04-08",
        "commitResults": [
          {
            "hash": "a294ad8620eeb56c22abae5a26fc1aa0877df56b",
            "messageTitle": "Add individual Project Portfolio Page",
            "messageBody": "",
            "insertions": 61,
            "deletions": 0
          },
          {
            "hash": "ee2fd1fb9d17c40e036e090db828d9b9d392f633",
            "messageTitle": "Add JUnit for RepeatCommand, fix some bugs for RepeatCommand and refactor some parts of code",
            "messageBody": "",
            "insertions": 222,
            "deletions": 116
          }
        ]
      },
      {
        "insertions": 32,
        "deletions": 12,
        "date": "2020-04-09",
        "commitResults": [
          {
            "hash": "c23c40d1495e6bbfe01ec71621059e9999dad5d6",
            "messageTitle": "Add more details to UG.",
            "messageBody": "",
            "insertions": 32,
            "deletions": 12
          }
        ]
      },
      {
        "insertions": 21,
        "deletions": 20,
        "date": "2020-04-10",
        "commitResults": [
          {
            "hash": "4d7325161f61ba9958f9ae471b60a3f665723bd5",
            "messageTitle": "Update UserGuide.md",
            "messageBody": "",
            "insertions": 6,
            "deletions": 6
          },
          {
            "hash": "70535c2642d48e72935ae54de225914d4128d792",
            "messageTitle": "Update DeveloperGuide.md",
            "messageBody": "",
            "insertions": 7,
            "deletions": 7
          },
          {
            "hash": "ec5a7fad8dc0a9be0d4b2f0257e41654aa93583c",
            "messageTitle": "Update DeveloperGuide.md",
            "messageBody": "",
            "insertions": 1,
            "deletions": 0
          },
          {
            "hash": "b8ad636a5207e9a81f7413cb12c2e65a807731ef",
            "messageTitle": "Update e0309556.md",
            "messageBody": "",
            "insertions": 2,
            "deletions": 3
          },
          {
            "hash": "5fde901792715d608a12770517584eb2ff508df5",
            "messageTitle": "Update e0309556.md",
            "messageBody": "",
            "insertions": 5,
            "deletions": 4
          }
        ]
      },
      {
        "insertions": 14,
        "deletions": 18,
        "date": "2020-04-11",
        "commitResults": [
          {
            "hash": "9474aacb8aa9c77779cca51e90cbaf918b2c9f88",
            "messageTitle": "Update UserGuide.md",
            "messageBody": "",
            "insertions": 3,
            "deletions": 3
          },
          {
            "hash": "5b8536a79981135ab1b5fec480e72c74f8f4f118",
            "messageTitle": "Update DeveloperGuide.md",
            "messageBody": "",
            "insertions": 8,
            "deletions": 8
          },
          {
            "hash": "e429a3ed64fdbca97df383a195ba8248c74ef0a0",
            "messageTitle": "Update e0309556.md",
            "messageBody": "",
            "insertions": 3,
            "deletions": 3
          },
          {
            "hash": "1d0e47174ba3e73df18c9c63e75871d2b46c5390",
            "messageTitle": "Update DeveloperGuide.md",
            "messageBody": "",
            "insertions": 0,
            "deletions": 2
          },
          {
            "hash": "0728182d679bf44dc44d0c916d92a549ca3c7a64",
            "messageTitle": "Update UserGuide.md",
            "messageBody": "",
            "insertions": 0,
            "deletions": 2
          }
        ]
      }
    ]
  },
  "authorFinalContributionMap": {
    "lwxymere": 1661,
    "joelczk": 2375,
    "Keith-JK": 1739,
    "jichngan": 677,
    "e0309556": 1605
  },
  "authorFileTypeContributionMap": {
    "lwxymere": {
      "docs": 592,
      "functional-code": 780,
      "test-code": 284,
      "other": 5
    },
    "joelczk": {
      "docs": 1125,
      "functional-code": 588,
      "test-code": 635,
      "other": 27
    },
    "Keith-JK": {
      "docs": 96,
      "functional-code": 741,
      "test-code": 902
    },
    "jichngan": {
      "docs": 184,
      "functional-code": 349,
      "test-code": 143,
      "other": 1
    },
    "e0309556": {
      "docs": 375,
      "functional-code": 741,
      "test-code": 488,
      "other": 1
    }
  },
  "authorContributionVariance": {
    "lwxymere": 19698.701,
    "joelczk": 94325.586,
    "Keith-JK": 22621.672,
    "jichngan": 7847.09,
    "e0309556": 42348.26
  },
  "authorDisplayNameMap": {
    "lwxymere": "CS2113T-M16-1 LAI ..REMY",
    "joelczk": "CS2113T-M16-1 JOEL.. KAI",
    "Keith-JK": "CS2113T-M16-1 KEIT.. KAI",
    "jichngan": "CS2113T-M16-1 NGAN..HENG",
    "e0309556": "CS2113T-M16-1 TSHI.. REN"
  }
}
