{
  "authorDailyContributionsMap": {
    "kokjoon97": [
      {
        "insertions": 1,
        "deletions": 1,
        "date": "2020-03-03",
        "commitResults": [
          {
            "hash": "e966b466dae8127f8fb2cef5203db18e61dc21d7",
            "messageTitle": "Update AboutUs",
            "messageBody": "",
            "insertions": 1,
            "deletions": 1
          }
        ]
      },
      {
        "insertions": 201,
        "deletions": 31,
        "date": "2020-03-06",
        "commitResults": [
          {
            "hash": "de900bed94dfcf3caf286c0b5c60e0f3423a816a",
            "messageTitle": "Add set budget and delete item function",
            "messageBody": "",
            "insertions": 138,
            "deletions": 6
          },
          {
            "hash": "dfee21dda63815ae9c157f4fe5ff3647073c1a73",
            "messageTitle": "Add JUnit test for Budget class",
            "messageBody": "",
            "insertions": 62,
            "deletions": 24
          },
          {
            "hash": "2b065bf8bf22169aafeb5672d343f7ca02b5cb63",
            "messageTitle": "Change command word \"bye\" to \"BYE\"",
            "messageBody": "",
            "insertions": 1,
            "deletions": 1
          }
        ]
      },
      {
        "insertions": 16,
        "deletions": 7,
        "date": "2020-03-08",
        "commitResults": [
          {
            "hash": "f8a984ff85d4ba2cd979cbd3ee73368b92249a27",
            "messageTitle": "Change execute method signature",
            "messageBody": "",
            "insertions": 16,
            "deletions": 7
          }
        ]
      },
      {
        "insertions": 59,
        "deletions": 16,
        "date": "2020-03-09",
        "commitResults": [
          {
            "hash": "b99ceac7577466210a50a49c70511c9d8ce501ac",
            "messageTitle": "Resolved checkstyle issues in Item and Budget class files",
            "messageBody": "",
            "insertions": 22,
            "deletions": 4
          },
          {
            "hash": "8f12ccb13bf9b9dab1a8ea02c675a5041d6d5eb6",
            "messageTitle": "Fix bug with displaying budget",
            "messageBody": "",
            "insertions": 8,
            "deletions": 4
          },
          {
            "hash": "35fdcf25cbd5573ff399e00245877a20eb1ac337",
            "messageTitle": "Add exception handling for DEL and SET",
            "messageBody": "",
            "insertions": 29,
            "deletions": 8
          }
        ]
      },
      {
        "insertions": 85,
        "deletions": 17,
        "date": "2020-03-11",
        "commitResults": [
          {
            "hash": "d3446cf930ebfa54b23e160961c6c0d00e2b41cf",
            "messageTitle": "Add DeleteCommandTest, create new package for command tests",
            "messageBody": "",
            "insertions": 66,
            "deletions": 8
          },
          {
            "hash": "7375a6cf83a8a991ab55e15cd988a7e052fe2a4b",
            "messageTitle": "Fix bug with SetBudgetCommand, fix checkstyle violations",
            "messageBody": "",
            "insertions": 19,
            "deletions": 9
          }
        ]
      },
      {
        "insertions": 6,
        "deletions": 5,
        "date": "2020-03-12",
        "commitResults": [
          {
            "hash": "811fdd2763c454e970593a81b38ee5c8c5b4d0e2",
            "messageTitle": "Fix input bug",
            "messageBody": "",
            "insertions": 1,
            "deletions": 3
          },
          {
            "hash": "0e88d07dfec4c01fe4db25e78e6aac8938c25056",
            "messageTitle": "Resolve input error",
            "messageBody": "",
            "insertions": 4,
            "deletions": 1
          },
          {
            "hash": "8654258dc2dadf08e06b02880e69b408761e58a1",
            "messageTitle": "Fix runtest bug",
            "messageBody": "",
            "insertions": 1,
            "deletions": 1
          }
        ]
      },
      {
        "insertions": 75,
        "deletions": 13,
        "date": "2020-03-13",
        "commitResults": [
          {
            "hash": "271185bae4e3d4d912bf4ba3791b3c1bb9301023",
            "messageTitle": "Add assertions",
            "messageBody": "",
            "insertions": 9,
            "deletions": 6
          },
          {
            "hash": "8612ea8a3628678801ec65972906469cdd5af66e",
            "messageTitle": "Add logging to DeleteCommand and SetBudgetCommand",
            "messageBody": "",
            "insertions": 66,
            "deletions": 7
          }
        ]
      },
      {
        "insertions": 8,
        "deletions": 8,
        "date": "2020-03-14",
        "commitResults": [
          {
            "hash": "9d2fd0144f3d2534a045000355c1c18b228a9e69",
            "messageTitle": "Make minor changes according to PR review",
            "messageBody": "",
            "insertions": 8,
            "deletions": 8
          }
        ]
      },
      {
        "insertions": 260,
        "deletions": 113,
        "date": "2020-03-20",
        "commitResults": [
          {
            "hash": "fb6ec493c5d7279dcb873b834855844f9cc0de31",
            "messageTitle": "Add exceed budget warning",
            "messageBody": "",
            "insertions": 26,
            "deletions": 0
          },
          {
            "hash": "3884a9b2a2ff4be5292cabad84b48bbe59178f05",
            "messageTitle": "Fix checkstyle violations",
            "messageBody": "",
            "insertions": 5,
            "deletions": 5
          },
          {
            "hash": "b19a7681d14df2884c31c17bad2fd246f43c5d58",
            "messageTitle": "Fix JUnit test, null pointer dereferencing problem",
            "messageBody": "",
            "insertions": 73,
            "deletions": 26
          },
          {
            "hash": "54caaf07dd7f2ab662aad2c2d4ae192695964ad6",
            "messageTitle": "Add find command",
            "messageBody": "",
            "insertions": 80,
            "deletions": 0
          },
          {
            "hash": "2945b5434a8453c3aee97deaeefbc4f2b7c978dc",
            "messageTitle": "Add logging and assertions",
            "messageBody": "",
            "insertions": 20,
            "deletions": 0
          },
          {
            "hash": "87f855f116e4cefcc96c74e47fea24bb30550bf1",
            "messageTitle": "Add logging and assertions",
            "messageBody": "",
            "insertions": 9,
            "deletions": 1
          },
          {
            "hash": "62ce9d3971e2700b87df6b3adbb313c86fc92beb",
            "messageTitle": "Edit input and expected output",
            "messageBody": "",
            "insertions": 2,
            "deletions": 0
          },
          {
            "hash": "5aa7ffc313ebcee7505f20a41645bc861dc9c6db",
            "messageTitle": "Change tests to include initialisation of budget",
            "messageBody": "",
            "insertions": 38,
            "deletions": 77
          },
          {
            "hash": "bfb02117ea7581dcdae28f03f5a9e7994a9bf676",
            "messageTitle": "Add description for FIND into help function",
            "messageBody": "",
            "insertions": 1,
            "deletions": 0
          },
          {
            "hash": "871d9ca8c3888623d86212103136f45652e3afa1",
            "messageTitle": "Ensure index of items in FIND follows original list",
            "messageBody": "",
            "insertions": 6,
            "deletions": 4
          }
        ]
      },
      {
        "insertions": 148,
        "deletions": 23,
        "date": "2020-03-21",
        "commitResults": [
          {
            "hash": "beb5553757c84c830c11473aea876db2e83bc6e0",
            "messageTitle": "Update DG till v1.0",
            "messageBody": "",
            "insertions": 102,
            "deletions": 12
          },
          {
            "hash": "da5d8a416ddfad369cda1c7371b4de76ce2a15bc",
            "messageTitle": "Fix numbering error",
            "messageBody": "",
            "insertions": 2,
            "deletions": 2
          },
          {
            "hash": "e440125aac6ecf1ea8b53cd64adf21273819c5ac",
            "messageTitle": "Add author tags",
            "messageBody": "",
            "insertions": 37,
            "deletions": 8
          },
          {
            "hash": "ef3e67139a39f8cd6063673804ca10108f2ddfa1",
            "messageTitle": "Fix checkstyle violations",
            "messageBody": "",
            "insertions": 5,
            "deletions": 0
          },
          {
            "hash": "a087032d6e000af0a16553da50d6c561db69f844",
            "messageTitle": "Edit DG",
            "messageBody": "",
            "insertions": 2,
            "deletions": 1
          }
        ]
      },
      {
        "insertions": 5,
        "deletions": 4,
        "date": "2020-03-23",
        "commitResults": [
          {
            "hash": "747ccd9cd9b26f0341f6c4d2ab88d2266c33a126",
            "messageTitle": "Add quantity to display of search results",
            "messageBody": "",
            "insertions": 3,
            "deletions": 2
          },
          {
            "hash": "a5b98074f659cd8d4fc9a742bdabacad356bb42c",
            "messageTitle": "Fix diagram size",
            "messageBody": "",
            "insertions": 1,
            "deletions": 1
          },
          {
            "hash": "b014816837b9879d80c274ba59e36ed8350a4b4e",
            "messageTitle": "Change diagram size",
            "messageBody": "",
            "insertions": 1,
            "deletions": 1
          }
        ]
      },
      {
        "insertions": 61,
        "deletions": 32,
        "date": "2020-03-24",
        "commitResults": [
          {
            "hash": "57969889bb51d2321821451397270eab33b405ee",
            "messageTitle": "Edit images",
            "messageBody": "",
            "insertions": 2,
            "deletions": 2
          },
          {
            "hash": "59bab0f791cfff920be0fcd0939d8470cf5e230c",
            "messageTitle": "Change size of diagram",
            "messageBody": "",
            "insertions": 1,
            "deletions": 1
          },
          {
            "hash": "f404c9b6c79e3099093c3f5314c7944999389b23",
            "messageTitle": "Change sizing again",
            "messageBody": "",
            "insertions": 2,
            "deletions": 2
          },
          {
            "hash": "ef7b95291ccafe41c6cc98bc4d636d9bfa28a521",
            "messageTitle": "Change sizing of diagram",
            "messageBody": "",
            "insertions": 2,
            "deletions": 2
          },
          {
            "hash": "096eda313d8c7c51d59080a54fe092a600eadd9e",
            "messageTitle": "Finalize sizing of diagram",
            "messageBody": "",
            "insertions": 2,
            "deletions": 2
          },
          {
            "hash": "5e47593d3a1d1888ae806c1c6aee0ab6d9a0eeee",
            "messageTitle": "Edit UG",
            "messageBody": "",
            "insertions": 41,
            "deletions": 12
          },
          {
            "hash": "10fe90ca68d7263de18512f75dc2f8d49a9922f8",
            "messageTitle": "Remove square brackets",
            "messageBody": "",
            "insertions": 11,
            "deletions": 11
          }
        ]
      },
      {
        "insertions": 169,
        "deletions": 80,
        "date": "2020-03-27",
        "commitResults": [
          {
            "hash": "cb227e376c1d90d97753b951c9be5daecb83b5e6",
            "messageTitle": "Edit UG and DG",
            "messageBody": "",
            "insertions": 146,
            "deletions": 56
          },
          {
            "hash": "fc67b7397f0ad22b749a45568add04da3cfc48ba",
            "messageTitle": "Add author tags to UGDG",
            "messageBody": "",
            "insertions": 23,
            "deletions": 24
          }
        ]
      },
      {
        "insertions": 22,
        "deletions": 8,
        "date": "2020-03-28",
        "commitResults": [
          {
            "hash": "ce7e8d1ec58406f5bd29c8a8d54d29ca4ae453e7",
            "messageTitle": "Edit UG",
            "messageBody": "",
            "insertions": 2,
            "deletions": 3
          },
          {
            "hash": "f83982d44ba0154dd1219eaf612577d7aa6c8909",
            "messageTitle": "Edit DG",
            "messageBody": "",
            "insertions": 20,
            "deletions": 5
          }
        ]
      },
      {
        "insertions": 16,
        "deletions": 1,
        "date": "2020-04-01",
        "commitResults": [
          {
            "hash": "4618c70cdde0fc22e749babb3c225c5ea759bcd8",
            "messageTitle": "Make find function case-insensitive",
            "messageBody": "",
            "insertions": 5,
            "deletions": 1
          },
          {
            "hash": "f748a74f8773aef9847ac9040a46243b8d7fe49c",
            "messageTitle": "Add paragraph under Command Format",
            "messageBody": "",
            "insertions": 4,
            "deletions": 0
          },
          {
            "hash": "e23986f4f26ed44fe4af78061146f81050f3c850",
            "messageTitle": "Add link to top for Additional Information section",
            "messageBody": "",
            "insertions": 7,
            "deletions": 0
          }
        ]
      },
      {
        "insertions": 74,
        "deletions": 69,
        "date": "2020-04-02",
        "commitResults": [
          {
            "hash": "95954699b9eed64fb162334f97e14cae206f44b3",
            "messageTitle": "Change to v2.1, add association between Parser and Command",
            "messageBody": "",
            "insertions": 2,
            "deletions": 2
          },
          {
            "hash": "4745883aed0318a09bac4337ed34f3f0e40e69c9",
            "messageTitle": "Omit activation bars, change Shoco to Duke",
            "messageBody": "",
            "insertions": 26,
            "deletions": 26
          },
          {
            "hash": "75b953d1155ad488214a37cdf1e150101e9bd2bf",
            "messageTitle": "Change format to include \"#\" for methods",
            "messageBody": "",
            "insertions": 10,
            "deletions": 16
          },
          {
            "hash": "85f4f852107b6c2a214e59fbbbd1e2d1779d4e57",
            "messageTitle": "Add reason for choice of design option",
            "messageBody": "",
            "insertions": 10,
            "deletions": 1
          },
          {
            "hash": "02f5945fb49fc3b8300209dc1e84ffc3f72ce171",
            "messageTitle": "Add paragraphing",
            "messageBody": "",
            "insertions": 20,
            "deletions": 18
          },
          {
            "hash": "d4af70440544a35617e16855bcefdfdf471d70b6",
            "messageTitle": "Fix sizing of class diagram",
            "messageBody": "",
            "insertions": 1,
            "deletions": 1
          },
          {
            "hash": "36db1d1053327bd7c510b3b24080e943644db883",
            "messageTitle": "Add return arrow in reference frame",
            "messageBody": "",
            "insertions": 1,
            "deletions": 1
          },
          {
            "hash": "eeab6ee890172eb090014ada7357d2383eb37c49",
            "messageTitle": "Fix diagrams",
            "messageBody": "",
            "insertions": 4,
            "deletions": 4
          }
        ]
      },
      {
        "insertions": 356,
        "deletions": 20,
        "date": "2020-04-03",
        "commitResults": [
          {
            "hash": "c19d0f08d56e220b045bbf9ce8712a3423afa210",
            "messageTitle": "Add trimming of arguments, add PPP",
            "messageBody": "",
            "insertions": 78,
            "deletions": 9
          },
          {
            "hash": "ae395c879df351e2eca0f99d8aeabed8c5ce388c",
            "messageTitle": "Add back original md file",
            "messageBody": "",
            "insertions": 6,
            "deletions": 0
          },
          {
            "hash": "858a29708f13ca2144fc70f31df856646aaf90c0",
            "messageTitle": "Add more content to PPP",
            "messageBody": "",
            "insertions": 268,
            "deletions": 7
          },
          {
            "hash": "74d63e114586d992d0c9e9f9e603cb929c9ca4c0",
            "messageTitle": "Change links to PR",
            "messageBody": "",
            "insertions": 3,
            "deletions": 3
          },
          {
            "hash": "26e9ef52b60359987760f45c32a73c6615749bf3",
            "messageTitle": "Add exception handling to fix bug",
            "messageBody": "",
            "insertions": 1,
            "deletions": 1
          }
        ]
      },
      {
        "insertions": 15,
        "deletions": 18,
        "date": "2020-04-04",
        "commitResults": [
          {
            "hash": "e8c1d2983fd57b5230a218ecd109fc867d4ee117",
            "messageTitle": "Edit ppp",
            "messageBody": "",
            "insertions": 15,
            "deletions": 18
          }
        ]
      },
      {
        "insertions": 98,
        "deletions": 17,
        "date": "2020-04-05",
        "commitResults": [
          {
            "hash": "bfa1400624ce66e7f6ffa124eacaeb05f26d47e2",
            "messageTitle": "Edit author tags",
            "messageBody": "",
            "insertions": 0,
            "deletions": 2
          },
          {
            "hash": "c2541dfb148992897f6327e480f46fb7447fbccf",
            "messageTitle": "Add JUnit test for FindCommand",
            "messageBody": "",
            "insertions": 52,
            "deletions": 0
          },
          {
            "hash": "04a3cbdc9a796ea30637d26e0a710ba524bc09e1",
            "messageTitle": "Add javadoc comments",
            "messageBody": "",
            "insertions": 34,
            "deletions": 3
          },
          {
            "hash": "7ffdc079d83f59e679cfd2753e639446b0e33291",
            "messageTitle": "Change coloring of diagram",
            "messageBody": "",
            "insertions": 4,
            "deletions": 4
          },
          {
            "hash": "cc28dcc225e61c90408c30a05b3080f14737735a",
            "messageTitle": "Change diagrams again",
            "messageBody": "",
            "insertions": 4,
            "deletions": 4
          },
          {
            "hash": "ed34abcadd1d5d1e2f50e8665676feeada569564",
            "messageTitle": "Change diagram again and again",
            "messageBody": "",
            "insertions": 4,
            "deletions": 4
          }
        ]
      }
    ],
    "JLoh579": [
      {
        "insertions": 1,
        "deletions": 1,
        "date": "2020-03-03",
        "commitResults": [
          {
            "hash": "d454148dbd93449d18d00ec58a43f8c9ea1f75c6",
            "messageTitle": "Add my name to AboutUs.md file",
            "messageBody": "",
            "insertions": 1,
            "deletions": 1
          }
        ]
      },
      {
        "insertions": 160,
        "deletions": 6,
        "date": "2020-03-06",
        "commitResults": [
          {
            "hash": "b69248716b643791a2f57d6a93d829e3ec1d7984",
            "messageTitle": "Add display list and clear list function",
            "messageBody": "",
            "insertions": 132,
            "deletions": 6
          },
          {
            "hash": "6c278bd8fcd27e83ceac8636756665ba75db4c91",
            "messageTitle": "Add JUnit tests for Budget class\u0027s getRemaining() method.",
            "messageBody": "",
            "insertions": 28,
            "deletions": 0
          }
        ]
      },
      {
        "insertions": 10,
        "deletions": 7,
        "date": "2020-03-09",
        "commitResults": [
          {
            "hash": "4cba187f66486ca3ea695e91b41252c8ab2c8abb",
            "messageTitle": "Resolve remaining checkstyle violations for all classes",
            "messageBody": "",
            "insertions": 10,
            "deletions": 7
          }
        ]
      },
      {
        "insertions": 38,
        "deletions": 24,
        "date": "2020-03-10",
        "commitResults": [
          {
            "hash": "a6b612b9e32b68cad999badd130e64273a236ee6",
            "messageTitle": "Add input validation for list and clear commands. Tidy the code for list command.",
            "messageBody": "",
            "insertions": 38,
            "deletions": 24
          }
        ]
      },
      {
        "insertions": 42,
        "deletions": 30,
        "date": "2020-03-14",
        "commitResults": [
          {
            "hash": "183b774848a61574290842a5263cea6fc5a7afdf",
            "messageTitle": "Add logging for List command and Clear command",
            "messageBody": "",
            "insertions": 23,
            "deletions": 6
          },
          {
            "hash": "24a78b177d2fa7b29f26486c36ab79287ba4de88",
            "messageTitle": "Add assertion to Clear command",
            "messageBody": "",
            "insertions": 1,
            "deletions": 0
          },
          {
            "hash": "93abddfdc40a1d42602e464ca04d672efa411e4e",
            "messageTitle": "Minor changes to code, including making some attributes private",
            "messageBody": "",
            "insertions": 15,
            "deletions": 20
          },
          {
            "hash": "053f4ee699b8a2f85d3a04dcfca2067d13aacc52",
            "messageTitle": "Simplify Exit command",
            "messageBody": "",
            "insertions": 3,
            "deletions": 4
          }
        ]
      },
      {
        "insertions": 121,
        "deletions": 122,
        "date": "2020-03-15",
        "commitResults": [
          {
            "hash": "d637dbc2204a27c0ce6db3b43b0f43cfc5787853",
            "messageTitle": "Add and edit some Javadocs.",
            "messageBody": "",
            "insertions": 38,
            "deletions": 14
          },
          {
            "hash": "b941852575573c53f3f97a994205656f001c442e",
            "messageTitle": "Fix bug involving user input",
            "messageBody": "",
            "insertions": 1,
            "deletions": 1
          },
          {
            "hash": "62ce962aa48076a6fb5a00f7d26f10f76c04a84a",
            "messageTitle": "Remove the need for CommandResult class. Store result in the commands instead.",
            "messageBody": "",
            "insertions": 72,
            "deletions": 106
          },
          {
            "hash": "6dcf30a642454d84c6fc90d70c8414a633dac9bc",
            "messageTitle": "Update to input.txt",
            "messageBody": "",
            "insertions": 10,
            "deletions": 1
          }
        ]
      },
      {
        "insertions": 82,
        "deletions": 52,
        "date": "2020-03-20",
        "commitResults": [
          {
            "hash": "fdb17e0f8ef567c4260b4de7127a119ae9eef9cd",
            "messageTitle": "Add a Ui class. Change Duke class to use Ui class.",
            "messageBody": "",
            "insertions": 71,
            "deletions": 46
          },
          {
            "hash": "bc93b7a6960bdbc83db720436aa0a3185651cb78",
            "messageTitle": "Minor changes to Ui class and Duke class.",
            "messageBody": "",
            "insertions": 11,
            "deletions": 6
          }
        ]
      },
      {
        "insertions": 155,
        "deletions": 97,
        "date": "2020-03-22",
        "commitResults": [
          {
            "hash": "f279c89b9f2c7f3ba0b40e1b970a8feba8b62e5d",
            "messageTitle": "Add load and store functionality using GSON",
            "messageBody": "",
            "insertions": 151,
            "deletions": 93
          },
          {
            "hash": "5ff2210acb93e3c683496d080c224179d67d1767",
            "messageTitle": "Change filepath",
            "messageBody": "",
            "insertions": 4,
            "deletions": 4
          }
        ]
      },
      {
        "insertions": 139,
        "deletions": 42,
        "date": "2020-03-25",
        "commitResults": [
          {
            "hash": "bfc3b80ecb4f08e467e4a9739b7b898b199a086b",
            "messageTitle": "Update cost and remaining budget based on quantity, minor changes to aesthetics of display",
            "messageBody": "",
            "insertions": 14,
            "deletions": 8
          },
          {
            "hash": "bdee49c8ee4eb85c4c28c0dbf3bb27f8501ffcba",
            "messageTitle": "Add sections for list and clear commands in DG. Add user stories.",
            "messageBody": "",
            "insertions": 93,
            "deletions": 17
          },
          {
            "hash": "815464ab5b1ac67e11f8946b1699dbcb4bec7a10",
            "messageTitle": "Update UG with clear and display features",
            "messageBody": "",
            "insertions": 31,
            "deletions": 15
          },
          {
            "hash": "f2d3147b481670782dae4fce29fcb769be54a04a",
            "messageTitle": "Fix an issue regarding the display of a user story",
            "messageBody": "",
            "insertions": 1,
            "deletions": 2
          }
        ]
      },
      {
        "insertions": 108,
        "deletions": 97,
        "date": "2020-03-27",
        "commitResults": [
          {
            "hash": "27aee59360fd47e858176d3d497ab4e98956e814",
            "messageTitle": "Rename Duke and ListCommand classes, ignore log file",
            "messageBody": "",
            "insertions": 16,
            "deletions": 16
          },
          {
            "hash": "8bc1555984b745c20c77e99f237e91e9d84a4aea",
            "messageTitle": "Add Overview section, add prefaces for some sections, update diagrams for display and clear",
            "messageBody": "",
            "insertions": 74,
            "deletions": 60
          },
          {
            "hash": "ef101bdc02536a0777ef70a7294370535c862ef4",
            "messageTitle": "Rename back to Duke",
            "messageBody": "",
            "insertions": 4,
            "deletions": 4
          },
          {
            "hash": "9e377e375764890c1ee134d8cd9c8a6423c13a65",
            "messageTitle": "Make some edits to UG.",
            "messageBody": "",
            "insertions": 10,
            "deletions": 13
          },
          {
            "hash": "f011b1d71d298b7d256c5fd1b17784098b13c639",
            "messageTitle": "Fix errors in DG",
            "messageBody": "",
            "insertions": 3,
            "deletions": 3
          },
          {
            "hash": "2044c1cfba529a43eee609fbf85357644fe7bdbc",
            "messageTitle": "Fix grammar",
            "messageBody": "",
            "insertions": 1,
            "deletions": 1
          }
        ]
      },
      {
        "insertions": 21,
        "deletions": 19,
        "date": "2020-04-03",
        "commitResults": [
          {
            "hash": "126d138d82b032ee12feefbdbc6b280bb13d1ff5",
            "messageTitle": "Save after every command",
            "messageBody": "",
            "insertions": 1,
            "deletions": 5
          },
          {
            "hash": "cb0f6aeef1c12a47ae95d0826529c13d453d896c",
            "messageTitle": "DG changes for display and clear commands",
            "messageBody": "",
            "insertions": 20,
            "deletions": 14
          }
        ]
      },
      {
        "insertions": 164,
        "deletions": 22,
        "date": "2020-04-06",
        "commitResults": [
          {
            "hash": "876a387b66191719cdf669c70130c784438062fb",
            "messageTitle": "Add project portfolio",
            "messageBody": "",
            "insertions": 153,
            "deletions": 1
          },
          {
            "hash": "be98d363cdcfdf7643904d9e9fb797eb9e384340",
            "messageTitle": "Remove glossary in DG. Add author tags in UG.",
            "messageBody": "",
            "insertions": 7,
            "deletions": 17
          },
          {
            "hash": "538dd40be3da8170a185d5af2309cd1214d80399",
            "messageTitle": "Fix image links. Fix heading.",
            "messageBody": "",
            "insertions": 4,
            "deletions": 4
          }
        ]
      }
    ],
    "Shannonwje": [
      {
        "insertions": 1,
        "deletions": 1,
        "date": "2020-03-03",
        "commitResults": [
          {
            "hash": "3d5f4243b068ce26171daad3daf961a9755d80e1",
            "messageTitle": "Personalised Name on AboutUs",
            "messageBody": "",
            "insertions": 1,
            "deletions": 1
          }
        ]
      },
      {
        "insertions": 66,
        "deletions": 4,
        "date": "2020-03-06",
        "commitResults": [
          {
            "hash": "e28a67a5137cc4b2703f41ca0787a9045290bc79",
            "messageTitle": "Added a BoughtCommand",
            "messageBody": "",
            "insertions": 65,
            "deletions": 3
          },
          {
            "hash": "ced3033dcd6e72c188f72769793acb0876aaaf7f",
            "messageTitle": "Edited name of command",
            "messageBody": "",
            "insertions": 1,
            "deletions": 1
          }
        ]
      },
      {
        "insertions": 100,
        "deletions": 12,
        "date": "2020-03-07",
        "commitResults": [
          {
            "hash": "723b20e748d8a7d73d6a1ccbe543e330a2d52ffa",
            "messageTitle": "Added a Reset Budget Command",
            "messageBody": "",
            "insertions": 25,
            "deletions": 0
          },
          {
            "hash": "e8090cd0d94085deb8940d8debe33c8d5d5fca8e",
            "messageTitle": "Added an Unmark Command and renamed Bought Command to Mark Command",
            "messageBody": "",
            "insertions": 73,
            "deletions": 10
          },
          {
            "hash": "af0a45657ad2180b9a1f96f5eb013bd9a24cfab2",
            "messageTitle": "Edited the index bug",
            "messageBody": "",
            "insertions": 2,
            "deletions": 2
          }
        ]
      },
      {
        "insertions": 61,
        "deletions": 41,
        "date": "2020-03-08",
        "commitResults": [
          {
            "hash": "2bb162e4c7b9b283101a1def503e85640e7ceded",
            "messageTitle": "Edited to Coding Standard",
            "messageBody": "",
            "insertions": 8,
            "deletions": 8
          },
          {
            "hash": "92d15118299b098b14351e7abef634460c0d0677",
            "messageTitle": "Moved Command from Shopping List Class to Budget Class",
            "messageBody": "",
            "insertions": 22,
            "deletions": 5
          },
          {
            "hash": "2bddb275512042970cb109fc11a9823eafb75185",
            "messageTitle": "Added break to my Parser",
            "messageBody": "",
            "insertions": 1,
            "deletions": 0
          },
          {
            "hash": "2da3bcb30b6b1ea03f8eff6293ca5c627c8e52bb",
            "messageTitle": "Edited to fit group\u0027s coding style",
            "messageBody": "",
            "insertions": 8,
            "deletions": 6
          },
          {
            "hash": "be55e63af24c1cad2e6afdcc246f390ea75c77a4",
            "messageTitle": "Edited to fit group\u0027s coding style",
            "messageBody": "",
            "insertions": 12,
            "deletions": 6
          },
          {
            "hash": "940fdc4953193e4cab68dbf8534d52b0be604c66",
            "messageTitle": "Deleted unnecessary exceptions",
            "messageBody": "",
            "insertions": 10,
            "deletions": 16
          }
        ]
      },
      {
        "insertions": 160,
        "deletions": 28,
        "date": "2020-03-09",
        "commitResults": [
          {
            "hash": "8cdbd9ea0d20176f55ded146902d5a3101014104",
            "messageTitle": "ShoppingList.java \u0026 EditCommand.java check style",
            "messageBody": "",
            "insertions": 23,
            "deletions": 10
          },
          {
            "hash": "ee25b6acc970da71949659cb354489e1c68bd740",
            "messageTitle": "Created Mark \u0026 Unmark Command Test files and caught exceptions",
            "messageBody": "",
            "insertions": 137,
            "deletions": 18
          }
        ]
      },
      {
        "insertions": 18,
        "deletions": 10,
        "date": "2020-03-11",
        "commitResults": [
          {
            "hash": "33b323d58c2f1666df5d8417899719f131d2becf",
            "messageTitle": "Edited false positive bug in JUnit of Mark \u0026 Unmark command",
            "messageBody": "",
            "insertions": 18,
            "deletions": 10
          }
        ]
      },
      {
        "insertions": 47,
        "deletions": 10,
        "date": "2020-03-12",
        "commitResults": [
          {
            "hash": "56f587596f89f97ed2b8c4942fcc1d55b0ba25af",
            "messageTitle": "Fixed JUnit Mark \u0026 Unmark Command Bug",
            "messageBody": "",
            "insertions": 33,
            "deletions": 4
          },
          {
            "hash": "9771fb6bb688c3234e7a402accdd0fe496fff2b2",
            "messageTitle": "fixed from \u0027P\u0027 to \u0027p\u0027",
            "messageBody": "",
            "insertions": 1,
            "deletions": 1
          },
          {
            "hash": "efe92a66d0002eb61c87a9a65efb898ca5d1864f",
            "messageTitle": "Adhered to checkstyle \u0026 coding style",
            "messageBody": "",
            "insertions": 12,
            "deletions": 5
          },
          {
            "hash": "77aaa63e18adaed72b6a51480e7a4dee4da8837f",
            "messageTitle": "Changed input file and the expected output file",
            "messageBody": "",
            "insertions": 1,
            "deletions": 0
          }
        ]
      },
      {
        "insertions": 43,
        "deletions": 31,
        "date": "2020-03-14",
        "commitResults": [
          {
            "hash": "afdbcdb66cb3aa04bd7437635d9705c3f0f1d6ff",
            "messageTitle": "Edited bug in Mark \u0026 Unmark command in Parser.java",
            "messageBody": "",
            "insertions": 22,
            "deletions": 10
          },
          {
            "hash": "9ca78490b2f9295b9bd8f008020c1e246dbc6bc2",
            "messageTitle": "Minor changes to string to print",
            "messageBody": "",
            "insertions": 8,
            "deletions": 12
          },
          {
            "hash": "c4a9fcb8c736940bf5d90e735b6b5df527cae102",
            "messageTitle": "Edited error messages to print",
            "messageBody": "",
            "insertions": 10,
            "deletions": 9
          },
          {
            "hash": "b7073dd6239191493e6e980d63d59be66b29f5fc",
            "messageTitle": "Edited ParserTest.java",
            "messageBody": "",
            "insertions": 3,
            "deletions": 0
          }
        ]
      },
      {
        "insertions": 41,
        "deletions": 3,
        "date": "2020-03-16",
        "commitResults": [
          {
            "hash": "2fb8453ea06a4a21af59457fa225226018e87bc2",
            "messageTitle": "Did Logging and Assertions for Reset Budget Command, Mark \u0026 Unmark Command. Also added how to use List Command in Help Command",
            "messageBody": "",
            "insertions": 41,
            "deletions": 3
          }
        ]
      },
      {
        "insertions": 118,
        "deletions": 19,
        "date": "2020-03-22",
        "commitResults": [
          {
            "hash": "60ae95f6c4bd82e1085a49152af4eb97f837f952",
            "messageTitle": "Created Storage class to save list offline and load offline list",
            "messageBody": "",
            "insertions": 66,
            "deletions": 7
          },
          {
            "hash": "3b471bf0776eef090f43cbc1fd49d11ca8855f60",
            "messageTitle": "Created methods for save list",
            "messageBody": "",
            "insertions": 52,
            "deletions": 12
          }
        ]
      },
      {
        "insertions": 137,
        "deletions": 33,
        "date": "2020-03-23",
        "commitResults": [
          {
            "hash": "dc681a5d34985d6f542ae77b967d01f0980ad685",
            "messageTitle": "Started on Developer Guide for Mark and Unmark Command",
            "messageBody": "",
            "insertions": 9,
            "deletions": 0
          },
          {
            "hash": "45b5b60f94946ee3e6e4505c5edcef2f52ad005d",
            "messageTitle": "Added Developer Guide for Mark and Unmark feature, and edited Developer Guide for Delete feature",
            "messageBody": "",
            "insertions": 45,
            "deletions": 8
          },
          {
            "hash": "f37a419ff06a9f6831b3836dc120f6a9535a1009",
            "messageTitle": "Edited diagrams for DG",
            "messageBody": "",
            "insertions": 3,
            "deletions": 3
          },
          {
            "hash": "e68a23155635fbea9887edb7ab6446830dd03817",
            "messageTitle": "Added in DG for reset budget feature and also indicated author for code that belongs to Shannon",
            "messageBody": "",
            "insertions": 58,
            "deletions": 5
          },
          {
            "hash": "46af1c125cf0fc0ad1f62a45778c0684283f3413",
            "messageTitle": "Fixed minor grammar errors in DG",
            "messageBody": "",
            "insertions": 3,
            "deletions": 4
          },
          {
            "hash": "410d00a33a2137d3ed1e0a1c3e4f89486a761c9c",
            "messageTitle": "Edited Checkstyle and resized diagrams for Developer Guide",
            "messageBody": "",
            "insertions": 10,
            "deletions": 10
          },
          {
            "hash": "05428c99037b4743d7f440bb8dfb0ee887aeecd3",
            "messageTitle": "Add user stories to Developer Guide",
            "messageBody": "",
            "insertions": 5,
            "deletions": 1
          },
          {
            "hash": "1cdd7c8903e276e7c46920a35817775c5be3a258",
            "messageTitle": "Edited formatting",
            "messageBody": "",
            "insertions": 4,
            "deletions": 2
          }
        ]
      },
      {
        "insertions": 50,
        "deletions": 19,
        "date": "2020-03-25",
        "commitResults": [
          {
            "hash": "cd616fa92dc8a6f8b9ccc6532e52f5727412a4af",
            "messageTitle": "UG for Mark \u0026 Un-mark \u0026 Reset Budget Command, minor changes to errors in UG",
            "messageBody": "",
            "insertions": 49,
            "deletions": 11
          },
          {
            "hash": "15eaa365acb24190e8f24cbcfb3329cad20cfaf5",
            "messageTitle": "Edited Formating errors and simplified UG",
            "messageBody": "",
            "insertions": 0,
            "deletions": 7
          },
          {
            "hash": "3ca9552abd602858b2a714f6ed438acb163332a9",
            "messageTitle": "Minor errors in UG",
            "messageBody": "",
            "insertions": 1,
            "deletions": 1
          }
        ]
      },
      {
        "insertions": 8,
        "deletions": 0,
        "date": "2020-03-26",
        "commitResults": [
          {
            "hash": "68c332b44648f8a7ff84a55aacb4330c85a352ca",
            "messageTitle": "*GROUP EFFORT* Added in description and class diagram overview for DG",
            "messageBody": "",
            "insertions": 8,
            "deletions": 0
          }
        ]
      },
      {
        "insertions": 69,
        "deletions": 59,
        "date": "2020-04-02",
        "commitResults": [
          {
            "hash": "4742589e99e5959926a9156f685eb11fb7a8c4b9",
            "messageTitle": "Changes Sequence Diagram for DG \u0026 shifted and aligned features in DG",
            "messageBody": "",
            "insertions": 63,
            "deletions": 59
          },
          {
            "hash": "ed2eff2bef3047cf640dc9671bc6ea7380383b75",
            "messageTitle": "Indicated difference in status for items marked as bought and not marked as bought.",
            "messageBody": "",
            "insertions": 6,
            "deletions": 0
          }
        ]
      },
      {
        "insertions": 40,
        "deletions": 25,
        "date": "2020-04-04",
        "commitResults": [
          {
            "hash": "b8d0a687a44b3b3e3d72bc4d8d4f5b1e08e5d21c",
            "messageTitle": "Edited sequence diagrams for mark, unmark and reset budget feature",
            "messageBody": "",
            "insertions": 7,
            "deletions": 3
          },
          {
            "hash": "8d597152d168c22fda578941058cf9aa30ce7acc",
            "messageTitle": "date and time in DG",
            "messageBody": "",
            "insertions": 2,
            "deletions": 0
          },
          {
            "hash": "7549c1c07499695c1d64c6007a315e38c076b09f",
            "messageTitle": "Made changes to file names",
            "messageBody": "",
            "insertions": 8,
            "deletions": 8
          },
          {
            "hash": "491dea839c862f48cc2285f9fbe67c8f2671f7d9",
            "messageTitle": "minor changes",
            "messageBody": "",
            "insertions": 23,
            "deletions": 14
          }
        ]
      },
      {
        "insertions": 435,
        "deletions": 77,
        "date": "2020-04-06",
        "commitResults": [
          {
            "hash": "c4749e5e3f60019c04f352ac4fbf2cb98523e3e0",
            "messageTitle": "Rearranged order of UG",
            "messageBody": "",
            "insertions": 18,
            "deletions": 18
          },
          {
            "hash": "927a1005487697c9926bf4a07ded3fb747fbea76",
            "messageTitle": "Edited download instructions",
            "messageBody": "",
            "insertions": 3,
            "deletions": 2
          },
          {
            "hash": "74668245cef1f0657bcdfb9cd0f8d71b8580b902",
            "messageTitle": "Added in more comprehensive description to UG, Added testing instructions to DG, edited name in AboutUs",
            "messageBody": "",
            "insertions": 94,
            "deletions": 12
          },
          {
            "hash": "8231a3da5d6388c6d0a77065de6b76e9de350f46",
            "messageTitle": "added in author tag for overview",
            "messageBody": "",
            "insertions": 2,
            "deletions": 2
          },
          {
            "hash": "c8bcdd971bf27a230e29ef26fcad7c896985000e",
            "messageTitle": "Added in portfolio",
            "messageBody": "",
            "insertions": 292,
            "deletions": 1
          },
          {
            "hash": "ce74a47c042304dc9fc670794ae765838be5dc5b",
            "messageTitle": "Edited formatting errors in portfolio",
            "messageBody": "",
            "insertions": 26,
            "deletions": 42
          }
        ]
      }
    ],
    "jiajuinphoon": [
      {
        "insertions": 1,
        "deletions": 1,
        "date": "2020-03-03",
        "commitResults": [
          {
            "hash": "d5f696a03d0a4593e7cd5cf8237efa7a82f71e6d",
            "messageTitle": "Change on About Us",
            "messageBody": "",
            "insertions": 1,
            "deletions": 1
          }
        ]
      },
      {
        "insertions": 58,
        "deletions": 10,
        "date": "2020-03-06",
        "commitResults": [
          {
            "hash": "e7043140261e96e86d3608b9c6368edaa334b934",
            "messageTitle": "Implemented CommandAdd to add item.",
            "messageBody": "",
            "insertions": 46,
            "deletions": 4
          },
          {
            "hash": "c9ee38c07738cb5d10ae8d2cad53526459eb7d62",
            "messageTitle": "Small Changes for CommandAdd.",
            "messageBody": "",
            "insertions": 12,
            "deletions": 6
          }
        ]
      },
      {
        "insertions": 64,
        "deletions": 36,
        "date": "2020-03-08",
        "commitResults": [
          {
            "hash": "386e025a5912bd8afcb55615e040c7c294f0dcc1",
            "messageTitle": "Update for Add Command",
            "messageBody": "",
            "insertions": 53,
            "deletions": 30
          },
          {
            "hash": "4e8c2de52108008a455aa641e9810bd867a586cf",
            "messageTitle": "Updated Add Command",
            "messageBody": "",
            "insertions": 6,
            "deletions": 1
          },
          {
            "hash": "8851f342e33fe148c1a64e576b9a5ba51a8f3c12",
            "messageTitle": "Final update for Add Command",
            "messageBody": "",
            "insertions": 4,
            "deletions": 4
          },
          {
            "hash": "5b6dfadf35e33e9f3d6342d70f01191f398b33bd",
            "messageTitle": "Final update",
            "messageBody": "",
            "insertions": 1,
            "deletions": 1
          }
        ]
      },
      {
        "insertions": 74,
        "deletions": 11,
        "date": "2020-03-09",
        "commitResults": [
          {
            "hash": "c3802ff1172cd3b9fe82afc5acf8ffea8b1ef6d2",
            "messageTitle": "CheckStyle for Duke and AddCommand",
            "messageBody": "",
            "insertions": 15,
            "deletions": 11
          },
          {
            "hash": "50befcb106d1a73bcdde928c157bc3b372d86713",
            "messageTitle": "JUnit for AddCommand (v1.0) and mini change at Create Add Command",
            "messageBody": "",
            "insertions": 59,
            "deletions": 0
          }
        ]
      },
      {
        "insertions": 26,
        "deletions": 11,
        "date": "2020-03-12",
        "commitResults": [
          {
            "hash": "abeb74d57a820e1c320e0ac4038c150ea4507686",
            "messageTitle": "Minor Change for Add Command, AddCommandTest",
            "messageBody": "",
            "insertions": 21,
            "deletions": 8
          },
          {
            "hash": "361513ebaa32771ce25e4db42b1ee404081915bf",
            "messageTitle": "Minor changes for AddCommandTest",
            "messageBody": "",
            "insertions": 5,
            "deletions": 3
          }
        ]
      },
      {
        "insertions": 35,
        "deletions": 9,
        "date": "2020-03-15",
        "commitResults": [
          {
            "hash": "4b9f4b7e53644427cc252ca52ab6f4a63dc90bf3",
            "messageTitle": "Catch invalid price at add command",
            "messageBody": "",
            "insertions": 23,
            "deletions": 5
          },
          {
            "hash": "8ff393d4694f372852299f4108cf1437e5ab6ca9",
            "messageTitle": "ParserTest passed",
            "messageBody": "",
            "insertions": 12,
            "deletions": 4
          }
        ]
      },
      {
        "insertions": 11,
        "deletions": 2,
        "date": "2020-03-16",
        "commitResults": [
          {
            "hash": "2ae3c19e3ff355d259dcdf955a1c686e7be33435",
            "messageTitle": "Assertion",
            "messageBody": "",
            "insertions": 9,
            "deletions": 0
          },
          {
            "hash": "f672199f13d3a53f41740ca1eeb22480b972822f",
            "messageTitle": "Fixed the assertion to pass the cases",
            "messageBody": "",
            "insertions": 1,
            "deletions": 1
          },
          {
            "hash": "38b64be8b9252e7e766a8d32d43e240194ffb3cf",
            "messageTitle": "Fixed Logger",
            "messageBody": "",
            "insertions": 1,
            "deletions": 1
          }
        ]
      },
      {
        "insertions": 413,
        "deletions": 245,
        "date": "2020-03-24",
        "commitResults": [
          {
            "hash": "50771753366c597a4973a8fdd04cc2b8bbe1745a",
            "messageTitle": "Check for duplicates of item in the list",
            "messageBody": "",
            "insertions": 146,
            "deletions": 85
          },
          {
            "hash": "2c141225653556989be0fe969fabd071d8894148",
            "messageTitle": "minor fix",
            "messageBody": "",
            "insertions": 4,
            "deletions": 4
          },
          {
            "hash": "12552057e561683fc074bb420dfee95b77a3ce64",
            "messageTitle": "no message",
            "messageBody": "",
            "insertions": 1,
            "deletions": 1
          },
          {
            "hash": "4b23f5f684309daeb27951b272e9a04f8029f06b",
            "messageTitle": "no message",
            "messageBody": "",
            "insertions": 8,
            "deletions": 8
          },
          {
            "hash": "8fb9d0b2db9efdac1f9817006b0cd54b93ea8321",
            "messageTitle": "no message",
            "messageBody": "",
            "insertions": 1,
            "deletions": 3
          },
          {
            "hash": "3d7947ccb131aecd46e46aa5f04c9ba0e25ceb76",
            "messageTitle": "no message",
            "messageBody": "",
            "insertions": 1,
            "deletions": 2
          },
          {
            "hash": "4e92ae46502a99309843e8574a59199ffa995245",
            "messageTitle": "Not using pattern format",
            "messageBody": "",
            "insertions": 136,
            "deletions": 58
          },
          {
            "hash": "9bc09723e068dc5d70926888da375f34b271862c",
            "messageTitle": "no message",
            "messageBody": "",
            "insertions": 31,
            "deletions": 5
          },
          {
            "hash": "397444a8e740cd32edc66775992d16e68439ab32",
            "messageTitle": "bug fixed",
            "messageBody": "",
            "insertions": 85,
            "deletions": 79
          }
        ]
      },
      {
        "insertions": 69,
        "deletions": 0,
        "date": "2020-03-25",
        "commitResults": [
          {
            "hash": "043f4d72cc95c627c83effc48ec943b54eecd631",
            "messageTitle": "UGDG",
            "messageBody": "",
            "insertions": 69,
            "deletions": 0
          }
        ]
      },
      {
        "insertions": 73,
        "deletions": 67,
        "date": "2020-03-26",
        "commitResults": [
          {
            "hash": "aeb4123227ac192e5fccb3b9850568d7b0f8aa66",
            "messageTitle": "Minor fixed for UGDG in a new branch-UGDG(AddCommand)",
            "messageBody": "",
            "insertions": 9,
            "deletions": 8
          },
          {
            "hash": "68ca8a56e156d55eb73f5f09e87ec52d987288f7",
            "messageTitle": "Add author",
            "messageBody": "",
            "insertions": 8,
            "deletions": 5
          },
          {
            "hash": "4f1e8a8a5f6e58906ddfa33d421b26626207f86c",
            "messageTitle": "no message",
            "messageBody": "",
            "insertions": 2,
            "deletions": 0
          },
          {
            "hash": "295a2faaa2374ec94fb879e69f8c9acd4baa1e35",
            "messageTitle": "Attempt to fix the error for reposense",
            "messageBody": "",
            "insertions": 0,
            "deletions": 51
          },
          {
            "hash": "03c6943fd747ed7fa4d2840ace37504bbede052c",
            "messageTitle": "Attempt to fix the bug in reposense",
            "messageBody": "",
            "insertions": 52,
            "deletions": 0
          },
          {
            "hash": "5c0bbaf7e93509ee204cb1d6e100276f103bf5e3",
            "messageTitle": "Final fixed for bugs in reposense",
            "messageBody": "",
            "insertions": 2,
            "deletions": 3
          }
        ]
      },
      {
        "insertions": 18,
        "deletions": 2,
        "date": "2020-03-27",
        "commitResults": [
          {
            "hash": "6a9217574022d8bb3b8c30abdcfac06845f1009b",
            "messageTitle": "Bug fixed for Add",
            "messageBody": "",
            "insertions": 18,
            "deletions": 2
          }
        ]
      },
      {
        "insertions": 14,
        "deletions": 8,
        "date": "2020-03-29",
        "commitResults": [
          {
            "hash": "a445049b023ad71dca7ce1259dbf6af18cbb566b",
            "messageTitle": "Minor fixed for UG and DG",
            "messageBody": "",
            "insertions": 14,
            "deletions": 8
          }
        ]
      },
      {
        "insertions": 2,
        "deletions": 2,
        "date": "2020-03-30",
        "commitResults": [
          {
            "hash": "c9c2e6a41ea0417be9585974a78d49c23b0f70ac",
            "messageTitle": "Minor fixed in display function",
            "messageBody": "",
            "insertions": 2,
            "deletions": 2
          }
        ]
      },
      {
        "insertions": 118,
        "deletions": 134,
        "date": "2020-04-02",
        "commitResults": [
          {
            "hash": "48651da16e12fe91f013a2aa31600b4545e298d6",
            "messageTitle": "Bug fixed for empty string, negative values, wrong variables for each input.",
            "messageBody": "",
            "insertions": 111,
            "deletions": 131
          },
          {
            "hash": "82030bd448c15e1f4dd96e9d5114d37e6fa7c5f4",
            "messageTitle": "Minor fix for DG",
            "messageBody": "",
            "insertions": 7,
            "deletions": 3
          }
        ]
      },
      {
        "insertions": 224,
        "deletions": 73,
        "date": "2020-04-03",
        "commitResults": [
          {
            "hash": "4ce28585d79c959c3c1357cabca201f03d104810",
            "messageTitle": "bug fix for add command",
            "messageBody": "",
            "insertions": 82,
            "deletions": 63
          },
          {
            "hash": "18b594a862cdf6aeae96241a43f95871f544571d",
            "messageTitle": "fix bug for add",
            "messageBody": "",
            "insertions": 1,
            "deletions": 2
          },
          {
            "hash": "f649e954ed55278ee2890b914f0c23f753e4ecaa",
            "messageTitle": "portfolio included.",
            "messageBody": "",
            "insertions": 134,
            "deletions": 1
          },
          {
            "hash": "44164aaa918a4059682df04b7ad2f4f26ac36c22",
            "messageTitle": "portfolio",
            "messageBody": "",
            "insertions": 1,
            "deletions": 1
          },
          {
            "hash": "42fa4b689bed633ca0bde2b57c96c8d09bfe0faf",
            "messageTitle": "no message",
            "messageBody": "",
            "insertions": 1,
            "deletions": 1
          },
          {
            "hash": "e70b63f9ea9a88843d83f77cec517f8bbac4a39a",
            "messageTitle": "minor change for about us",
            "messageBody": "",
            "insertions": 5,
            "deletions": 5
          }
        ]
      },
      {
        "insertions": 3,
        "deletions": 2,
        "date": "2020-04-05",
        "commitResults": [
          {
            "hash": "0d906c01c8cad81e8adee6fc18b2a01947217f1c",
            "messageTitle": "fix minor error for welcome message",
            "messageBody": "",
            "insertions": 2,
            "deletions": 1
          },
          {
            "hash": "5c2e329c828c8c315919d49ce10792b742d24b0a",
            "messageTitle": "no message",
            "messageBody": "",
            "insertions": 1,
            "deletions": 1
          }
        ]
      }
    ],
    "trishaangelica": [
      {
        "insertions": 1,
        "deletions": 1,
        "date": "2020-03-03",
        "commitResults": [
          {
            "hash": "21da74acac2ff9f02a1c2f140c402f615241dc1b",
            "messageTitle": "Include my name (Trisha Labi) in AboutUs.md",
            "messageBody": "",
            "insertions": 1,
            "deletions": 1
          }
        ]
      },
      {
        "insertions": 206,
        "deletions": 8,
        "date": "2020-03-05",
        "commitResults": [
          {
            "hash": "66f33ec9bcfd9ca7f007142b0c2d77f8624142bb",
            "messageTitle": "Add skeleton classes (Done together as a team)",
            "messageBody": "",
            "insertions": 206,
            "deletions": 8
          }
        ]
      },
      {
        "insertions": 167,
        "deletions": 21,
        "date": "2020-03-06",
        "commitResults": [
          {
            "hash": "b6b191fa6ec7f3a4f2023503c9ddb364519e80f6",
            "messageTitle": "Edit item command added",
            "messageBody": "",
            "insertions": 12,
            "deletions": 0
          },
          {
            "hash": "d2b353411ca21153a0442b614eb3ca0072535a55",
            "messageTitle": "Edit item command Added",
            "messageBody": "",
            "insertions": 155,
            "deletions": 21
          }
        ]
      },
      {
        "insertions": 32,
        "deletions": 13,
        "date": "2020-03-08",
        "commitResults": [
          {
            "hash": "25f5a2633fd8a1bc9e04d3c1c05c301f3e801746",
            "messageTitle": "Slight changes made to: Error messages, initialization of data in duke, help command",
            "messageBody": "",
            "insertions": 29,
            "deletions": 8
          },
          {
            "hash": "fd03294b2d7151de3b0698e83c28f4456258067c",
            "messageTitle": "Removed unncessary colons",
            "messageBody": "",
            "insertions": 1,
            "deletions": 3
          },
          {
            "hash": "6f0c8a127edd526e2e01da44f7dddd17d4978b39",
            "messageTitle": "Changed method name",
            "messageBody": "",
            "insertions": 2,
            "deletions": 2
          }
        ]
      },
      {
        "insertions": 246,
        "deletions": 92,
        "date": "2020-03-09",
        "commitResults": [
          {
            "hash": "bdbbe51a477c6f83a9885bd94430d3a2b0ce3ac2",
            "messageTitle": "Add JUnit Tests for Edit Command",
            "messageBody": "",
            "insertions": 66,
            "deletions": 2
          },
          {
            "hash": "8c38d82b08b77a946de180e81660d5bb32c4ac7c",
            "messageTitle": "Removed redundant variables",
            "messageBody": "",
            "insertions": 1,
            "deletions": 3
          },
          {
            "hash": "f15223e793b90278a788eb8eb17da97ad4fe18f3",
            "messageTitle": "Changes made according to PR review",
            "messageBody": "",
            "insertions": 8,
            "deletions": 8
          },
          {
            "hash": "c9587174054176df5c16215f3da05f08cd6e5eca",
            "messageTitle": "Checkstyle for Parser and CommandResult done",
            "messageBody": "",
            "insertions": 43,
            "deletions": 32
          },
          {
            "hash": "c6223c9c30bb8fa99c52cfb3ac8bc0e2f58d9240",
            "messageTitle": "Resolve bug in set Budget Method",
            "messageBody": "",
            "insertions": 5,
            "deletions": 2
          },
          {
            "hash": "2d923819308efcfab5a9210476c7a944e3f0345b",
            "messageTitle": "Add JavaDoc comment for setBudget",
            "messageBody": "",
            "insertions": 3,
            "deletions": 0
          },
          {
            "hash": "b92c5950780cd7614c96746a28819535611f6cce",
            "messageTitle": "AssertEquals(Expected, Actual); -\u003e Before Actual was the first parameter Set Budget instead of if-else (reorganized code)",
            "messageBody": "",
            "insertions": 7,
            "deletions": 9
          },
          {
            "hash": "b7f03ea3d55f08d7387a29334ebb0013646e5b7f",
            "messageTitle": "Resolve ADD command Bug",
            "messageBody": "",
            "insertions": 35,
            "deletions": 22
          },
          {
            "hash": "bc7dd5bf86a98d24ef5d02a402c8366ea29de5e5",
            "messageTitle": "Add help command",
            "messageBody": "",
            "insertions": 77,
            "deletions": 12
          },
          {
            "hash": "b1e3dc534f9615c921a0aa1a12973f2f18089e2b",
            "messageTitle": "Remove redundant imports",
            "messageBody": "",
            "insertions": 1,
            "deletions": 2
          }
        ]
      },
      {
        "insertions": 165,
        "deletions": 43,
        "date": "2020-03-10",
        "commitResults": [
          {
            "hash": "19b7cffa122d470cef10362eee9acffecda05df9",
            "messageTitle": "Add support for IO redirection",
            "messageBody": "",
            "insertions": 31,
            "deletions": 5
          },
          {
            "hash": "4dcbcb9ec830c5badb60c3655533efb1989d7870",
            "messageTitle": "Pretty Printing of List and Help Command",
            "messageBody": "",
            "insertions": 99,
            "deletions": 11
          },
          {
            "hash": "e4c29616a6becaec52170a486d71e0042853995d",
            "messageTitle": "Removed pattern regex, and used simple split, easier for all to understand and work on same variable",
            "messageBody": "",
            "insertions": 34,
            "deletions": 16
          },
          {
            "hash": "95c25179959de3b911bb0e92ec8ccd4e039616c9",
            "messageTitle": "Remove incorrect code",
            "messageBody": "",
            "insertions": 1,
            "deletions": 11
          }
        ]
      },
      {
        "insertions": 6,
        "deletions": 8,
        "date": "2020-03-11",
        "commitResults": [
          {
            "hash": "e0eac3d3044b4e13f9f9be219a9da3c54395c579",
            "messageTitle": "Made changes to EditCommandJunitTest",
            "messageBody": "",
            "insertions": 6,
            "deletions": 8
          }
        ]
      },
      {
        "insertions": 141,
        "deletions": 159,
        "date": "2020-03-12",
        "commitResults": [
          {
            "hash": "2354bb61e639f00927a47aefb9181eda1c7f2fca",
            "messageTitle": "Minor changes in JUnitTest",
            "messageBody": "",
            "insertions": 4,
            "deletions": 8
          },
          {
            "hash": "a31dc3b6f11ddd04008632b5deb9a012c02b4cda",
            "messageTitle": "Minor changes",
            "messageBody": "",
            "insertions": 86,
            "deletions": 85
          },
          {
            "hash": "9d5098e774f8f19060d55bf8cdeaa252a66bbb8b",
            "messageTitle": "Changes done as a team. Resolved some JUnit Tests.",
            "messageBody": "",
            "insertions": 51,
            "deletions": 66
          }
        ]
      },
      {
        "insertions": 303,
        "deletions": 30,
        "date": "2020-03-13",
        "commitResults": [
          {
            "hash": "18da10c8fcbe3cf3e7059fc25cd00ee729280685",
            "messageTitle": "Add ParserTest.java to project. Changes made to EditCommand to handle some bugs thrown in ParserTest. Added possible incorrect input string to input.txt so that program ensures it runs error messages instead of crashing.",
            "messageBody": "",
            "insertions": 287,
            "deletions": 25
          },
          {
            "hash": "0da7ac8875a321d467be61308279de6c8f89d4ca",
            "messageTitle": "Commented out failed test cases other team members have yet to work on",
            "messageBody": "",
            "insertions": 13,
            "deletions": 3
          },
          {
            "hash": "748e03f0adf21831f1d3f8a2f10486d73e6475f6",
            "messageTitle": "CheckStyle Run",
            "messageBody": "",
            "insertions": 3,
            "deletions": 2
          }
        ]
      },
      {
        "insertions": 53,
        "deletions": 29,
        "date": "2020-03-14",
        "commitResults": [
          {
            "hash": "89e3623d6f4292b13d351898fcafaabc16d8b71e",
            "messageTitle": "Add assertions and logging for Edit Command",
            "messageBody": "",
            "insertions": 53,
            "deletions": 29
          }
        ]
      },
      {
        "insertions": 8,
        "deletions": 19,
        "date": "2020-03-16",
        "commitResults": [
          {
            "hash": "9af774f052fd2007e997091067b1dd86ad24312a",
            "messageTitle": "Made slight changes to assertion for edit command",
            "messageBody": "",
            "insertions": 8,
            "deletions": 19
          }
        ]
      },
      {
        "insertions": 27,
        "deletions": 2,
        "date": "2020-03-19",
        "commitResults": [
          {
            "hash": "0c9872b5bd811a6f1b038b7910ea5e67db397b0e",
            "messageTitle": "Add SHOCO logo",
            "messageBody": "",
            "insertions": 26,
            "deletions": 1
          },
          {
            "hash": "b13933925841c4ba65b13b2d597351a20b25c70d",
            "messageTitle": "Added changes to EXPECTED.txt",
            "messageBody": "",
            "insertions": 1,
            "deletions": 1
          }
        ]
      },
      {
        "insertions": 202,
        "deletions": 101,
        "date": "2020-03-20",
        "commitResults": [
          {
            "hash": "ee23a9308e40371bdf9b8c53f1473d76c174631c",
            "messageTitle": "Add support for quantity in edit command.",
            "messageBody": "",
            "insertions": 202,
            "deletions": 101
          }
        ]
      },
      {
        "insertions": 355,
        "deletions": 580,
        "date": "2020-03-23",
        "commitResults": [
          {
            "hash": "27ac0358ac365911fc9e670ca4106ad77ab826cb",
            "messageTitle": "no message",
            "messageBody": "",
            "insertions": 302,
            "deletions": 578
          },
          {
            "hash": "bfd12ae18cfd8e60ba3f9507e121d19f194e0b52",
            "messageTitle": "Gradle build failed - Commented out Storage.java (causing error)",
            "messageBody": "",
            "insertions": 6,
            "deletions": 1
          },
          {
            "hash": "89e0d8bd08d07272405dec171c4ba76d99945b63",
            "messageTitle": "Add developer guide details",
            "messageBody": "",
            "insertions": 46,
            "deletions": 0
          },
          {
            "hash": "8b7bbcfc33303ba7baaef3f1dd00cc23ccf579e3",
            "messageTitle": "fixed broken image link in developer guide.md",
            "messageBody": "",
            "insertions": 1,
            "deletions": 1
          }
        ]
      },
      {
        "insertions": 234,
        "deletions": 34,
        "date": "2020-03-24",
        "commitResults": [
          {
            "hash": "046950625db0b3e3e789b04142d39bbf8de621a0",
            "messageTitle": "Check for duplicate description values",
            "messageBody": "",
            "insertions": 37,
            "deletions": 7
          },
          {
            "hash": "ddbcc33a85b79ef0abc93c36d2e31cba4b99049b",
            "messageTitle": "Checkstyle \u0026 included test case in input.txt",
            "messageBody": "",
            "insertions": 23,
            "deletions": 5
          },
          {
            "hash": "a9797b2a14a97a345119d5e82b1da2e75e45675c",
            "messageTitle": "Add details for Edit Command, some formatting",
            "messageBody": "",
            "insertions": 62,
            "deletions": 4
          },
          {
            "hash": "d8757ec910c1de54b32a271f0038418ea8c92828",
            "messageTitle": "Add fail test case for edit in input.txt",
            "messageBody": "",
            "insertions": 2,
            "deletions": 1
          },
          {
            "hash": "6b35dd3e7825e18c81093b0e60a3b917606b7008",
            "messageTitle": "Add table of contents",
            "messageBody": "",
            "insertions": 90,
            "deletions": 3
          },
          {
            "hash": "e96418d087d971452eecd8d2cf4df36e98f58e93",
            "messageTitle": "Add icon for back to top",
            "messageBody": "",
            "insertions": 13,
            "deletions": 13
          },
          {
            "hash": "79b803cc0edab4883c3ae6795c3723cb6dfc19c7",
            "messageTitle": "Update UserGuide.md",
            "messageBody": "Format Changes",
            "insertions": 7,
            "deletions": 1
          }
        ]
      },
      {
        "insertions": 386,
        "deletions": 138,
        "date": "2020-03-25",
        "commitResults": [
          {
            "hash": "b304ef800e29eb1e1e0c0e76d78bf642e4f06eb8",
            "messageTitle": "Organize sections of DG to match UG",
            "messageBody": "",
            "insertions": 203,
            "deletions": 90
          },
          {
            "hash": "8a423e5d521f41d60396d7c9b63a8544b20e6e26",
            "messageTitle": "Update DeveloperGuide.md",
            "messageBody": "Add spacing after add command",
            "insertions": 4,
            "deletions": 1
          },
          {
            "hash": "18eb19f92663bc40d1baff4a9bbcd99907aacaac",
            "messageTitle": "Update DG -typo",
            "messageBody": "",
            "insertions": 49,
            "deletions": 11
          },
          {
            "hash": "932b4e0d7e663514a501df6a6a8f8b1ef17ec93f",
            "messageTitle": "Add TOC \u0026 Introduction Section",
            "messageBody": "",
            "insertions": 100,
            "deletions": 21
          },
          {
            "hash": "56a1095fd9c9eaa4ffd814b2222700438f5b70ee",
            "messageTitle": "Make TOC collapsible",
            "messageBody": "",
            "insertions": 23,
            "deletions": 12
          },
          {
            "hash": "199f5825e43f8a42f276ec66b3e8cf14c8a0f74c",
            "messageTitle": "Fix link for developer guide",
            "messageBody": "",
            "insertions": 7,
            "deletions": 3
          }
        ]
      },
      {
        "insertions": 23,
        "deletions": 25,
        "date": "2020-03-26",
        "commitResults": [
          {
            "hash": "5b009f7130e940c048b15461a3a7a6ddee240357",
            "messageTitle": "Parse collapsible TOC",
            "messageBody": "",
            "insertions": 6,
            "deletions": 2
          },
          {
            "hash": "d349e40525307109f8b1a36497d7bcc396152710",
            "messageTitle": "Align spacing for TOC",
            "messageBody": "",
            "insertions": 4,
            "deletions": 5
          },
          {
            "hash": "8c9c2dd39cd90e1ee0b3b2769c6f17288a7d68e6",
            "messageTitle": "Change to a normal TOC (collapsible markdown not compatible)",
            "messageBody": "",
            "insertions": 13,
            "deletions": 18
          }
        ]
      },
      {
        "insertions": 8,
        "deletions": 1,
        "date": "2020-03-27",
        "commitResults": [
          {
            "hash": "55f211dfe08e5ea8f8eea993e5837cc587df7c56",
            "messageTitle": "Add author tags",
            "messageBody": "",
            "insertions": 8,
            "deletions": 1
          }
        ]
      },
      {
        "insertions": 224,
        "deletions": 100,
        "date": "2020-03-28",
        "commitResults": [
          {
            "hash": "7133b46d5a572d59da1f7833c7cf714c5f1536ad",
            "messageTitle": "Edit Command allow any order of delimiter",
            "messageBody": "",
            "insertions": 164,
            "deletions": 46
          },
          {
            "hash": "47d24e114fd9b7f6540a208d07bd25489afe247b",
            "messageTitle": "Changes made according to PR review",
            "messageBody": "",
            "insertions": 18,
            "deletions": 20
          },
          {
            "hash": "3a2d8dfeacc2821b7e0ed59b2cae2358f6d318c2",
            "messageTitle": "Fixed grammer errors for Edit Feature, added author quotes for Edit",
            "messageBody": "",
            "insertions": 13,
            "deletions": 8
          },
          {
            "hash": "1ed78e45c939716901cffd8e30150505b0872736",
            "messageTitle": "Fix broken links \u0026 Bolded Content Page in DG",
            "messageBody": "",
            "insertions": 24,
            "deletions": 24
          },
          {
            "hash": "7942472b3f14306e57bfc7fc496687803f70613f",
            "messageTitle": "UG format",
            "messageBody": "",
            "insertions": 5,
            "deletions": 2
          }
        ]
      },
      {
        "insertions": 25,
        "deletions": 17,
        "date": "2020-04-01",
        "commitResults": [
          {
            "hash": "8b88c9d42b71ffaa588b3930f958fde6b26df59f",
            "messageTitle": "Allow description in edit command to contain numbers",
            "messageBody": "",
            "insertions": 3,
            "deletions": 3
          },
          {
            "hash": "99948067ba634bd1df8bb1f92669dca5e1f68b61",
            "messageTitle": "Checkstyle test",
            "messageBody": "",
            "insertions": 1,
            "deletions": 1
          },
          {
            "hash": "d3abae80e9f5c27c455ddb72efcc0cab4388a4c1",
            "messageTitle": "Handled NumberFormatException for incorrect format of index, price or quantity",
            "messageBody": "",
            "insertions": 13,
            "deletions": 5
          },
          {
            "hash": "2e6431779a4f4725f95e243f325dbe438d633b8e",
            "messageTitle": "checkstyle",
            "messageBody": "",
            "insertions": 8,
            "deletions": 8
          }
        ]
      },
      {
        "insertions": 60,
        "deletions": 50,
        "date": "2020-04-02",
        "commitResults": [
          {
            "hash": "f6b18828000ef6685e1b2f419e820f81bcd861c3",
            "messageTitle": "Disallow negative price / quantity.",
            "messageBody": "",
            "insertions": 13,
            "deletions": 6
          },
          {
            "hash": "59e88b1216803765ed9ffbadf13e390cfb428faf",
            "messageTitle": "Update UG and DG for Edit Feature",
            "messageBody": "",
            "insertions": 12,
            "deletions": 12
          },
          {
            "hash": "242a91a21a07c526a98af1ae5c887acf4389512e",
            "messageTitle": "Update DG images",
            "messageBody": "",
            "insertions": 1,
            "deletions": 1
          },
          {
            "hash": "ea10da3a9a65c5f7302a74569cece8cadbb63ac1",
            "messageTitle": "Changes to validate arguments",
            "messageBody": "",
            "insertions": 11,
            "deletions": 15
          },
          {
            "hash": "f448fe88e7de5f9484937ab800c1442b4568e93d",
            "messageTitle": "Changes to validate arguments",
            "messageBody": "",
            "insertions": 4,
            "deletions": 4
          },
          {
            "hash": "ba10b3bc1c8d76b95c41a5814d14cd485b214d16",
            "messageTitle": "Split code evenly.",
            "messageBody": "",
            "insertions": 19,
            "deletions": 11
          },
          {
            "hash": "deddd93e4bcd678787a7f0d2faa296b1f425225e",
            "messageTitle": "remove empty author",
            "messageBody": "",
            "insertions": 0,
            "deletions": 1
          }
        ]
      },
      {
        "insertions": 214,
        "deletions": 18,
        "date": "2020-04-03",
        "commitResults": [
          {
            "hash": "94234bf5f16a95cac89fbadaf8cf80c27ef8f5b3",
            "messageTitle": "Include UG\u0026DG.adoc for testing",
            "messageBody": "",
            "insertions": 2,
            "deletions": 0
          },
          {
            "hash": "5e092d5549264d25ce28c7a02bb69d5d92460d5b",
            "messageTitle": "Add project portfolio page",
            "messageBody": "",
            "insertions": 1,
            "deletions": 1
          },
          {
            "hash": "fb41dd935978a1470826a78a358918aad320abe7",
            "messageTitle": "Remove .adoc in ReadMe.md",
            "messageBody": "",
            "insertions": 0,
            "deletions": 2
          },
          {
            "hash": "14e6f1ddea462615ba83c777fdb6881b17157647",
            "messageTitle": "Fix broken link",
            "messageBody": "",
            "insertions": 1,
            "deletions": 1
          },
          {
            "hash": "da42959eb3c6f0ee6e06ba205e09e0710e389501",
            "messageTitle": "Fix broken link",
            "messageBody": "",
            "insertions": 1,
            "deletions": 1
          },
          {
            "hash": "d730c6033f173dbc4e2c7d4ae084218f0c7f4b29",
            "messageTitle": "Fix Link in AboutUs.md",
            "messageBody": "",
            "insertions": 1,
            "deletions": 1
          },
          {
            "hash": "87c5a8f132000cc17e6de58996b0379c2c5bed60",
            "messageTitle": "Changed to .md",
            "messageBody": "",
            "insertions": 187,
            "deletions": 6
          },
          {
            "hash": "7d61b77f7fe530a10c19089579dc4528d9dd5615",
            "messageTitle": "Rename heading",
            "messageBody": "",
            "insertions": 4,
            "deletions": 1
          },
          {
            "hash": "e6e183c0bd80bcd61d6433beea42263a33f5725c",
            "messageTitle": "Add ending author tag as reposense isn\u0027t detecting",
            "messageBody": "",
            "insertions": 16,
            "deletions": 4
          },
          {
            "hash": "58e6374d2d0896f4a91fa6f2ffe0c234da599fc4",
            "messageTitle": "Rename portfolio",
            "messageBody": "",
            "insertions": 1,
            "deletions": 1
          }
        ]
      },
      {
        "insertions": 239,
        "deletions": 94,
        "date": "2020-04-05",
        "commitResults": [
          {
            "hash": "a30d734ac05cbe1d089f3f10cc173231655a6b30",
            "messageTitle": "Add author tags for developer guide and Manaul Testing Section (to be continued)",
            "messageBody": "",
            "insertions": 53,
            "deletions": 4
          },
          {
            "hash": "4e5fd4c4e6b34107d2de2310b66a592237013b5d",
            "messageTitle": "Add author tags",
            "messageBody": "",
            "insertions": 36,
            "deletions": 8
          },
          {
            "hash": "bbd8747b6ddf4f2de461b3e73fdbfb0755d2c142",
            "messageTitle": "Add author tags and changes image link",
            "messageBody": "",
            "insertions": 5,
            "deletions": 2
          },
          {
            "hash": "41b784e5ef1bebe7187664debc81c1a86d06e7f2",
            "messageTitle": "Add author tags",
            "messageBody": "",
            "insertions": 9,
            "deletions": 21
          },
          {
            "hash": "9840fa5bc2a3e2ba19cd7c3638547a5fd83f2f92",
            "messageTitle": "ParserTest CheckStyle Fixed",
            "messageBody": "",
            "insertions": 2,
            "deletions": 1
          },
          {
            "hash": "5c58efa8cd379b99d78b25c77943c55b8479de45",
            "messageTitle": "Add author tags",
            "messageBody": "",
            "insertions": 30,
            "deletions": 31
          },
          {
            "hash": "27f877211602c76025ad5e43ae290d53dc8c5d59",
            "messageTitle": "Add manual testing",
            "messageBody": "",
            "insertions": 102,
            "deletions": 26
          },
          {
            "hash": "5705b6244885c1596e9f9b4dc69beeda9f77f456",
            "messageTitle": "Move tags to top",
            "messageBody": "",
            "insertions": 2,
            "deletions": 1
          }
        ]
      },
      {
        "insertions": 380,
        "deletions": 125,
        "date": "2020-04-06",
        "commitResults": [
          {
            "hash": "69da59ca8ecd29368e04bbab68fd3fdc529428e3",
            "messageTitle": "rename file name to small letters",
            "messageBody": "",
            "insertions": 0,
            "deletions": 0
          },
          {
            "hash": "5bc9fbc169bd0e0c8848977eac0fa735fa2ae8de",
            "messageTitle": "rename reference link to small letters",
            "messageBody": "",
            "insertions": 1,
            "deletions": 1
          },
          {
            "hash": "a95d7ebc33a3ec0aa663018e49296b8146ab7bd5",
            "messageTitle": "Made slight changes to UGDG",
            "messageBody": "",
            "insertions": 126,
            "deletions": 73
          },
          {
            "hash": "77b810b1ba4b935953f6b04b6e002fd5fee5638d",
            "messageTitle": "Slight changes made",
            "messageBody": "",
            "insertions": 251,
            "deletions": 49
          },
          {
            "hash": "7e953f91b73766da755d4a573155eed5f9ee8d27",
            "messageTitle": "Fix broken links",
            "messageBody": "",
            "insertions": 2,
            "deletions": 2
          }
        ]
      },
      {
        "insertions": 35,
        "deletions": 11,
        "date": "2020-04-07",
        "commitResults": [
          {
            "hash": "b6a907c18aeabe158f40926e0fdcd87fb3d81ad8",
            "messageTitle": "Move line after logo",
            "messageBody": "",
            "insertions": 1,
            "deletions": 1
          },
          {
            "hash": "3c7d3aed710f632a90ea9fb6c0a239927b6bcdca",
            "messageTitle": "Disallow any extra argument for Help and Exit commands",
            "messageBody": "",
            "insertions": 29,
            "deletions": 7
          },
          {
            "hash": "775e3c15d1ae2dbdf8c1d0585327ebbae698d23e",
            "messageTitle": "Update PPP",
            "messageBody": "",
            "insertions": 3,
            "deletions": 3
          },
          {
            "hash": "6ec47d6e0d9d2b1a7a835e5536a1035674920215",
            "messageTitle": "runtest fixed",
            "messageBody": "",
            "insertions": 2,
            "deletions": 0
          }
        ]
      }
    ]
  },
  "authorFinalContributionMap": {
    "kokjoon97": 1186,
    "JLoh579": 799,
    "Shannonwje": 965,
    "jiajuinphoon": 636,
    "trishaangelica": 1891
  },
  "authorFileTypeContributionMap": {
    "kokjoon97": {
      "docs": 645,
      "functional-code": 415,
      "test-code": 120,
      "other": 6
    },
    "JLoh579": {
      "docs": 286,
      "functional-code": 475,
      "test-code": 27,
      "other": 11
    },
    "Shannonwje": {
      "docs": 539,
      "functional-code": 299,
      "test-code": 126,
      "other": 1
    },
    "jiajuinphoon": {
      "docs": 229,
      "functional-code": 351,
      "test-code": 54,
      "other": 2
    },
    "trishaangelica": {
      "docs": 925,
      "functional-code": 546,
      "test-code": 375,
      "other": 45
    }
  },
  "authorContributionVariance": {
    "kokjoon97": 9799.586,
    "JLoh579": 5903.311,
    "Shannonwje": 8626.724,
    "jiajuinphoon": 14434.322,
    "trishaangelica": 40035.28
  },
  "authorDisplayNameMap": {
    "kokjoon97": "CS2113T-T13-1 TAN ..JOON",
    "JLoh579": "CS2113T-T13-1 LOH ..SHUA",
    "Shannonwje": "CS2113T-T13-1 WONG..NNON",
    "jiajuinphoon": "CS2113T-T13-1 PHOO..JUIN",
    "trishaangelica": "CS2113T-T13-1 LABI..GARA"
  }
}
