{
  "authorDailyContributionsMap": {
    "kokjoon97": [
      {
        "insertions": 1,
        "deletions": 1,
        "date": "2020-03-03",
        "commitResults": [
          {
            "hash": "e966b466dae8127f8fb2cef5203db18e61dc21d7",
            "messageTitle": "Update AboutUs",
            "messageBody": "",
            "insertions": 1,
            "deletions": 1
          }
        ]
      },
      {
        "insertions": 201,
        "deletions": 31,
        "date": "2020-03-06",
        "commitResults": [
          {
            "hash": "de900bed94dfcf3caf286c0b5c60e0f3423a816a",
            "messageTitle": "Add set budget and delete item function",
            "messageBody": "",
            "insertions": 138,
            "deletions": 6
          },
          {
            "hash": "dfee21dda63815ae9c157f4fe5ff3647073c1a73",
            "messageTitle": "Add JUnit test for Budget class",
            "messageBody": "",
            "insertions": 62,
            "deletions": 24
          },
          {
            "hash": "2b065bf8bf22169aafeb5672d343f7ca02b5cb63",
            "messageTitle": "Change command word \"bye\" to \"BYE\"",
            "messageBody": "",
            "insertions": 1,
            "deletions": 1
          }
        ]
      },
      {
        "insertions": 16,
        "deletions": 7,
        "date": "2020-03-08",
        "commitResults": [
          {
            "hash": "f8a984ff85d4ba2cd979cbd3ee73368b92249a27",
            "messageTitle": "Change execute method signature",
            "messageBody": "",
            "insertions": 16,
            "deletions": 7
          }
        ]
      },
      {
        "insertions": 59,
        "deletions": 16,
        "date": "2020-03-09",
        "commitResults": [
          {
            "hash": "b99ceac7577466210a50a49c70511c9d8ce501ac",
            "messageTitle": "Resolved checkstyle issues in Item and Budget class files",
            "messageBody": "",
            "insertions": 22,
            "deletions": 4
          },
          {
            "hash": "8f12ccb13bf9b9dab1a8ea02c675a5041d6d5eb6",
            "messageTitle": "Fix bug with displaying budget",
            "messageBody": "",
            "insertions": 8,
            "deletions": 4
          },
          {
            "hash": "35fdcf25cbd5573ff399e00245877a20eb1ac337",
            "messageTitle": "Add exception handling for DEL and SET",
            "messageBody": "",
            "insertions": 29,
            "deletions": 8
          }
        ]
      },
      {
        "insertions": 85,
        "deletions": 17,
        "date": "2020-03-11",
        "commitResults": [
          {
            "hash": "d3446cf930ebfa54b23e160961c6c0d00e2b41cf",
            "messageTitle": "Add DeleteCommandTest, create new package for command tests",
            "messageBody": "",
            "insertions": 66,
            "deletions": 8
          },
          {
            "hash": "7375a6cf83a8a991ab55e15cd988a7e052fe2a4b",
            "messageTitle": "Fix bug with SetBudgetCommand, fix checkstyle violations",
            "messageBody": "",
            "insertions": 19,
            "deletions": 9
          }
        ]
      },
      {
        "insertions": 6,
        "deletions": 5,
        "date": "2020-03-12",
        "commitResults": [
          {
            "hash": "811fdd2763c454e970593a81b38ee5c8c5b4d0e2",
            "messageTitle": "Fix input bug",
            "messageBody": "",
            "insertions": 1,
            "deletions": 3
          },
          {
            "hash": "0e88d07dfec4c01fe4db25e78e6aac8938c25056",
            "messageTitle": "Resolve input error",
            "messageBody": "",
            "insertions": 4,
            "deletions": 1
          },
          {
            "hash": "8654258dc2dadf08e06b02880e69b408761e58a1",
            "messageTitle": "Fix runtest bug",
            "messageBody": "",
            "insertions": 1,
            "deletions": 1
          }
        ]
      },
      {
        "insertions": 75,
        "deletions": 13,
        "date": "2020-03-13",
        "commitResults": [
          {
            "hash": "271185bae4e3d4d912bf4ba3791b3c1bb9301023",
            "messageTitle": "Add assertions",
            "messageBody": "",
            "insertions": 9,
            "deletions": 6
          },
          {
            "hash": "8612ea8a3628678801ec65972906469cdd5af66e",
            "messageTitle": "Add logging to DeleteCommand and SetBudgetCommand",
            "messageBody": "",
            "insertions": 66,
            "deletions": 7
          }
        ]
      },
      {
        "insertions": 8,
        "deletions": 8,
        "date": "2020-03-14",
        "commitResults": [
          {
            "hash": "9d2fd0144f3d2534a045000355c1c18b228a9e69",
            "messageTitle": "Make minor changes according to PR review",
            "messageBody": "",
            "insertions": 8,
            "deletions": 8
          }
        ]
      }
    ],
    "JLoh579": [
      {
        "insertions": 1,
        "deletions": 1,
        "date": "2020-03-03",
        "commitResults": [
          {
            "hash": "d454148dbd93449d18d00ec58a43f8c9ea1f75c6",
            "messageTitle": "Add my name to AboutUs.md file",
            "messageBody": "",
            "insertions": 1,
            "deletions": 1
          }
        ]
      },
      {
        "insertions": 160,
        "deletions": 6,
        "date": "2020-03-06",
        "commitResults": [
          {
            "hash": "b69248716b643791a2f57d6a93d829e3ec1d7984",
            "messageTitle": "Add display list and clear list function",
            "messageBody": "",
            "insertions": 132,
            "deletions": 6
          },
          {
            "hash": "6c278bd8fcd27e83ceac8636756665ba75db4c91",
            "messageTitle": "Add JUnit tests for Budget class\u0027s getRemaining() method.",
            "messageBody": "",
            "insertions": 28,
            "deletions": 0
          }
        ]
      },
      {
        "insertions": 10,
        "deletions": 7,
        "date": "2020-03-09",
        "commitResults": [
          {
            "hash": "4cba187f66486ca3ea695e91b41252c8ab2c8abb",
            "messageTitle": "Resolve remaining checkstyle violations for all classes",
            "messageBody": "",
            "insertions": 10,
            "deletions": 7
          }
        ]
      },
      {
        "insertions": 38,
        "deletions": 24,
        "date": "2020-03-10",
        "commitResults": [
          {
            "hash": "a6b612b9e32b68cad999badd130e64273a236ee6",
            "messageTitle": "Add input validation for list and clear commands. Tidy the code for list command.",
            "messageBody": "",
            "insertions": 38,
            "deletions": 24
          }
        ]
      },
      {
        "insertions": 42,
        "deletions": 30,
        "date": "2020-03-14",
        "commitResults": [
          {
            "hash": "183b774848a61574290842a5263cea6fc5a7afdf",
            "messageTitle": "Add logging for List command and Clear command",
            "messageBody": "",
            "insertions": 23,
            "deletions": 6
          },
          {
            "hash": "24a78b177d2fa7b29f26486c36ab79287ba4de88",
            "messageTitle": "Add assertion to Clear command",
            "messageBody": "",
            "insertions": 1,
            "deletions": 0
          },
          {
            "hash": "93abddfdc40a1d42602e464ca04d672efa411e4e",
            "messageTitle": "Minor changes to code, including making some attributes private",
            "messageBody": "",
            "insertions": 15,
            "deletions": 20
          },
          {
            "hash": "053f4ee699b8a2f85d3a04dcfca2067d13aacc52",
            "messageTitle": "Simplify Exit command",
            "messageBody": "",
            "insertions": 3,
            "deletions": 4
          }
        ]
      },
      {
        "insertions": 121,
        "deletions": 122,
        "date": "2020-03-15",
        "commitResults": [
          {
            "hash": "d637dbc2204a27c0ce6db3b43b0f43cfc5787853",
            "messageTitle": "Add and edit some Javadocs.",
            "messageBody": "",
            "insertions": 38,
            "deletions": 14
          },
          {
            "hash": "b941852575573c53f3f97a994205656f001c442e",
            "messageTitle": "Fix bug involving user input",
            "messageBody": "",
            "insertions": 1,
            "deletions": 1
          },
          {
            "hash": "62ce962aa48076a6fb5a00f7d26f10f76c04a84a",
            "messageTitle": "Remove the need for CommandResult class. Store result in the commands instead.",
            "messageBody": "",
            "insertions": 72,
            "deletions": 106
          },
          {
            "hash": "6dcf30a642454d84c6fc90d70c8414a633dac9bc",
            "messageTitle": "Update to input.txt",
            "messageBody": "",
            "insertions": 10,
            "deletions": 1
          }
        ]
      }
    ],
    "Shannonwje": [
      {
        "insertions": 1,
        "deletions": 1,
        "date": "2020-03-03",
        "commitResults": [
          {
            "hash": "3d5f4243b068ce26171daad3daf961a9755d80e1",
            "messageTitle": "Personalised Name on AboutUs",
            "messageBody": "",
            "insertions": 1,
            "deletions": 1
          }
        ]
      },
      {
        "insertions": 66,
        "deletions": 4,
        "date": "2020-03-06",
        "commitResults": [
          {
            "hash": "e28a67a5137cc4b2703f41ca0787a9045290bc79",
            "messageTitle": "Added a BoughtCommand",
            "messageBody": "",
            "insertions": 65,
            "deletions": 3
          },
          {
            "hash": "ced3033dcd6e72c188f72769793acb0876aaaf7f",
            "messageTitle": "Edited name of command",
            "messageBody": "",
            "insertions": 1,
            "deletions": 1
          }
        ]
      },
      {
        "insertions": 100,
        "deletions": 12,
        "date": "2020-03-07",
        "commitResults": [
          {
            "hash": "723b20e748d8a7d73d6a1ccbe543e330a2d52ffa",
            "messageTitle": "Added a Reset Budget Command",
            "messageBody": "",
            "insertions": 25,
            "deletions": 0
          },
          {
            "hash": "e8090cd0d94085deb8940d8debe33c8d5d5fca8e",
            "messageTitle": "Added an Unmark Command and renamed Bought Command to Mark Command",
            "messageBody": "",
            "insertions": 73,
            "deletions": 10
          },
          {
            "hash": "af0a45657ad2180b9a1f96f5eb013bd9a24cfab2",
            "messageTitle": "Edited the index bug",
            "messageBody": "",
            "insertions": 2,
            "deletions": 2
          }
        ]
      },
      {
        "insertions": 61,
        "deletions": 41,
        "date": "2020-03-08",
        "commitResults": [
          {
            "hash": "2bb162e4c7b9b283101a1def503e85640e7ceded",
            "messageTitle": "Edited to Coding Standard",
            "messageBody": "",
            "insertions": 8,
            "deletions": 8
          },
          {
            "hash": "92d15118299b098b14351e7abef634460c0d0677",
            "messageTitle": "Moved Command from Shopping List Class to Budget Class",
            "messageBody": "",
            "insertions": 22,
            "deletions": 5
          },
          {
            "hash": "2bddb275512042970cb109fc11a9823eafb75185",
            "messageTitle": "Added break to my Parser",
            "messageBody": "",
            "insertions": 1,
            "deletions": 0
          },
          {
            "hash": "2da3bcb30b6b1ea03f8eff6293ca5c627c8e52bb",
            "messageTitle": "Edited to fit group\u0027s coding style",
            "messageBody": "",
            "insertions": 8,
            "deletions": 6
          },
          {
            "hash": "be55e63af24c1cad2e6afdcc246f390ea75c77a4",
            "messageTitle": "Edited to fit group\u0027s coding style",
            "messageBody": "",
            "insertions": 12,
            "deletions": 6
          },
          {
            "hash": "940fdc4953193e4cab68dbf8534d52b0be604c66",
            "messageTitle": "Deleted unnecessary exceptions",
            "messageBody": "",
            "insertions": 10,
            "deletions": 16
          }
        ]
      },
      {
        "insertions": 160,
        "deletions": 28,
        "date": "2020-03-09",
        "commitResults": [
          {
            "hash": "8cdbd9ea0d20176f55ded146902d5a3101014104",
            "messageTitle": "ShoppingList.java \u0026 EditCommand.java check style",
            "messageBody": "",
            "insertions": 23,
            "deletions": 10
          },
          {
            "hash": "ee25b6acc970da71949659cb354489e1c68bd740",
            "messageTitle": "Created Mark \u0026 Unmark Command Test files and caught exceptions",
            "messageBody": "",
            "insertions": 137,
            "deletions": 18
          }
        ]
      },
      {
        "insertions": 18,
        "deletions": 10,
        "date": "2020-03-11",
        "commitResults": [
          {
            "hash": "33b323d58c2f1666df5d8417899719f131d2becf",
            "messageTitle": "Edited false positive bug in JUnit of Mark \u0026 Unmark command",
            "messageBody": "",
            "insertions": 18,
            "deletions": 10
          }
        ]
      },
      {
        "insertions": 47,
        "deletions": 10,
        "date": "2020-03-12",
        "commitResults": [
          {
            "hash": "56f587596f89f97ed2b8c4942fcc1d55b0ba25af",
            "messageTitle": "Fixed JUnit Mark \u0026 Unmark Command Bug",
            "messageBody": "",
            "insertions": 33,
            "deletions": 4
          },
          {
            "hash": "9771fb6bb688c3234e7a402accdd0fe496fff2b2",
            "messageTitle": "fixed from \u0027P\u0027 to \u0027p\u0027",
            "messageBody": "",
            "insertions": 1,
            "deletions": 1
          },
          {
            "hash": "efe92a66d0002eb61c87a9a65efb898ca5d1864f",
            "messageTitle": "Adhered to checkstyle \u0026 coding style",
            "messageBody": "",
            "insertions": 12,
            "deletions": 5
          },
          {
            "hash": "77aaa63e18adaed72b6a51480e7a4dee4da8837f",
            "messageTitle": "Changed input file and the expected output file",
            "messageBody": "",
            "insertions": 1,
            "deletions": 0
          }
        ]
      },
      {
        "insertions": 43,
        "deletions": 31,
        "date": "2020-03-14",
        "commitResults": [
          {
            "hash": "afdbcdb66cb3aa04bd7437635d9705c3f0f1d6ff",
            "messageTitle": "Edited bug in Mark \u0026 Unmark command in Parser.java",
            "messageBody": "",
            "insertions": 22,
            "deletions": 10
          },
          {
            "hash": "9ca78490b2f9295b9bd8f008020c1e246dbc6bc2",
            "messageTitle": "Minor changes to string to print",
            "messageBody": "",
            "insertions": 8,
            "deletions": 12
          },
          {
            "hash": "c4a9fcb8c736940bf5d90e735b6b5df527cae102",
            "messageTitle": "Edited error messages to print",
            "messageBody": "",
            "insertions": 10,
            "deletions": 9
          },
          {
            "hash": "b7073dd6239191493e6e980d63d59be66b29f5fc",
            "messageTitle": "Edited ParserTest.java",
            "messageBody": "",
            "insertions": 3,
            "deletions": 0
          }
        ]
      },
      {
        "insertions": 41,
        "deletions": 3,
        "date": "2020-03-16",
        "commitResults": [
          {
            "hash": "2fb8453ea06a4a21af59457fa225226018e87bc2",
            "messageTitle": "Did Logging and Assertions for Reset Budget Command, Mark \u0026 Unmark Command. Also added how to use List Command in Help Command",
            "messageBody": "",
            "insertions": 41,
            "deletions": 3
          }
        ]
      }
    ],
    "jiajuinphoon": [
      {
        "insertions": 1,
        "deletions": 1,
        "date": "2020-03-03",
        "commitResults": [
          {
            "hash": "d5f696a03d0a4593e7cd5cf8237efa7a82f71e6d",
            "messageTitle": "Change on About Us",
            "messageBody": "",
            "insertions": 1,
            "deletions": 1
          }
        ]
      },
      {
        "insertions": 58,
        "deletions": 10,
        "date": "2020-03-06",
        "commitResults": [
          {
            "hash": "e7043140261e96e86d3608b9c6368edaa334b934",
            "messageTitle": "Implemented CommandAdd to add item.",
            "messageBody": "",
            "insertions": 46,
            "deletions": 4
          },
          {
            "hash": "c9ee38c07738cb5d10ae8d2cad53526459eb7d62",
            "messageTitle": "Small Changes for CommandAdd.",
            "messageBody": "",
            "insertions": 12,
            "deletions": 6
          }
        ]
      },
      {
        "insertions": 64,
        "deletions": 36,
        "date": "2020-03-08",
        "commitResults": [
          {
            "hash": "386e025a5912bd8afcb55615e040c7c294f0dcc1",
            "messageTitle": "Update for Add Command",
            "messageBody": "",
            "insertions": 53,
            "deletions": 30
          },
          {
            "hash": "4e8c2de52108008a455aa641e9810bd867a586cf",
            "messageTitle": "Updated Add Command",
            "messageBody": "",
            "insertions": 6,
            "deletions": 1
          },
          {
            "hash": "8851f342e33fe148c1a64e576b9a5ba51a8f3c12",
            "messageTitle": "Final update for Add Command",
            "messageBody": "",
            "insertions": 4,
            "deletions": 4
          },
          {
            "hash": "5b6dfadf35e33e9f3d6342d70f01191f398b33bd",
            "messageTitle": "Final update",
            "messageBody": "",
            "insertions": 1,
            "deletions": 1
          }
        ]
      },
      {
        "insertions": 74,
        "deletions": 11,
        "date": "2020-03-09",
        "commitResults": [
          {
            "hash": "c3802ff1172cd3b9fe82afc5acf8ffea8b1ef6d2",
            "messageTitle": "CheckStyle for Duke and AddCommand",
            "messageBody": "",
            "insertions": 15,
            "deletions": 11
          },
          {
            "hash": "50befcb106d1a73bcdde928c157bc3b372d86713",
            "messageTitle": "JUnit for AddCommand (v1.0) and mini change at Create Add Command",
            "messageBody": "",
            "insertions": 59,
            "deletions": 0
          }
        ]
      },
      {
        "insertions": 26,
        "deletions": 11,
        "date": "2020-03-12",
        "commitResults": [
          {
            "hash": "abeb74d57a820e1c320e0ac4038c150ea4507686",
            "messageTitle": "Minor Change for Add Command, AddCommandTest",
            "messageBody": "",
            "insertions": 21,
            "deletions": 8
          },
          {
            "hash": "361513ebaa32771ce25e4db42b1ee404081915bf",
            "messageTitle": "Minor changes for AddCommandTest",
            "messageBody": "",
            "insertions": 5,
            "deletions": 3
          }
        ]
      },
      {
        "insertions": 35,
        "deletions": 9,
        "date": "2020-03-15",
        "commitResults": [
          {
            "hash": "4b9f4b7e53644427cc252ca52ab6f4a63dc90bf3",
            "messageTitle": "Catch invalid price at add command",
            "messageBody": "",
            "insertions": 23,
            "deletions": 5
          },
          {
            "hash": "8ff393d4694f372852299f4108cf1437e5ab6ca9",
            "messageTitle": "ParserTest passed",
            "messageBody": "",
            "insertions": 12,
            "deletions": 4
          }
        ]
      },
      {
        "insertions": 11,
        "deletions": 2,
        "date": "2020-03-16",
        "commitResults": [
          {
            "hash": "2ae3c19e3ff355d259dcdf955a1c686e7be33435",
            "messageTitle": "Assertion",
            "messageBody": "",
            "insertions": 9,
            "deletions": 0
          },
          {
            "hash": "f672199f13d3a53f41740ca1eeb22480b972822f",
            "messageTitle": "Fixed the assertion to pass the cases",
            "messageBody": "",
            "insertions": 1,
            "deletions": 1
          },
          {
            "hash": "38b64be8b9252e7e766a8d32d43e240194ffb3cf",
            "messageTitle": "Fixed Logger",
            "messageBody": "",
            "insertions": 1,
            "deletions": 1
          }
        ]
      }
    ],
    "trishaangelica": [
      {
        "insertions": 1,
        "deletions": 1,
        "date": "2020-03-03",
        "commitResults": [
          {
            "hash": "21da74acac2ff9f02a1c2f140c402f615241dc1b",
            "messageTitle": "Include my name (Trisha Labi) in AboutUs.md",
            "messageBody": "",
            "insertions": 1,
            "deletions": 1
          }
        ]
      },
      {
        "insertions": 206,
        "deletions": 8,
        "date": "2020-03-05",
        "commitResults": [
          {
            "hash": "66f33ec9bcfd9ca7f007142b0c2d77f8624142bb",
            "messageTitle": "Add skeleton classes (Done together as a team)",
            "messageBody": "",
            "insertions": 206,
            "deletions": 8
          }
        ]
      },
      {
        "insertions": 167,
        "deletions": 21,
        "date": "2020-03-06",
        "commitResults": [
          {
            "hash": "b6b191fa6ec7f3a4f2023503c9ddb364519e80f6",
            "messageTitle": "Edit item command added",
            "messageBody": "",
            "insertions": 12,
            "deletions": 0
          },
          {
            "hash": "d2b353411ca21153a0442b614eb3ca0072535a55",
            "messageTitle": "Edit item command Added",
            "messageBody": "",
            "insertions": 155,
            "deletions": 21
          }
        ]
      },
      {
        "insertions": 32,
        "deletions": 13,
        "date": "2020-03-08",
        "commitResults": [
          {
            "hash": "25f5a2633fd8a1bc9e04d3c1c05c301f3e801746",
            "messageTitle": "Slight changes made to: Error messages, initialization of data in duke, help command",
            "messageBody": "",
            "insertions": 29,
            "deletions": 8
          },
          {
            "hash": "fd03294b2d7151de3b0698e83c28f4456258067c",
            "messageTitle": "Removed unncessary colons",
            "messageBody": "",
            "insertions": 1,
            "deletions": 3
          },
          {
            "hash": "6f0c8a127edd526e2e01da44f7dddd17d4978b39",
            "messageTitle": "Changed method name",
            "messageBody": "",
            "insertions": 2,
            "deletions": 2
          }
        ]
      },
      {
        "insertions": 246,
        "deletions": 92,
        "date": "2020-03-09",
        "commitResults": [
          {
            "hash": "bdbbe51a477c6f83a9885bd94430d3a2b0ce3ac2",
            "messageTitle": "Add JUnit Tests for Edit Command",
            "messageBody": "",
            "insertions": 66,
            "deletions": 2
          },
          {
            "hash": "8c38d82b08b77a946de180e81660d5bb32c4ac7c",
            "messageTitle": "Removed redundant variables",
            "messageBody": "",
            "insertions": 1,
            "deletions": 3
          },
          {
            "hash": "f15223e793b90278a788eb8eb17da97ad4fe18f3",
            "messageTitle": "Changes made according to PR review",
            "messageBody": "",
            "insertions": 8,
            "deletions": 8
          },
          {
            "hash": "c9587174054176df5c16215f3da05f08cd6e5eca",
            "messageTitle": "Checkstyle for Parser and CommandResult done",
            "messageBody": "",
            "insertions": 43,
            "deletions": 32
          },
          {
            "hash": "c6223c9c30bb8fa99c52cfb3ac8bc0e2f58d9240",
            "messageTitle": "Resolve bug in set Budget Method",
            "messageBody": "",
            "insertions": 5,
            "deletions": 2
          },
          {
            "hash": "2d923819308efcfab5a9210476c7a944e3f0345b",
            "messageTitle": "Add JavaDoc comment for setBudget",
            "messageBody": "",
            "insertions": 3,
            "deletions": 0
          },
          {
            "hash": "b92c5950780cd7614c96746a28819535611f6cce",
            "messageTitle": "AssertEquals(Expected, Actual); -\u003e Before Actual was the first parameter Set Budget instead of if-else (reorganized code)",
            "messageBody": "",
            "insertions": 7,
            "deletions": 9
          },
          {
            "hash": "b7f03ea3d55f08d7387a29334ebb0013646e5b7f",
            "messageTitle": "Resolve ADD command Bug",
            "messageBody": "",
            "insertions": 35,
            "deletions": 22
          },
          {
            "hash": "bc7dd5bf86a98d24ef5d02a402c8366ea29de5e5",
            "messageTitle": "Add help command",
            "messageBody": "",
            "insertions": 77,
            "deletions": 12
          },
          {
            "hash": "b1e3dc534f9615c921a0aa1a12973f2f18089e2b",
            "messageTitle": "Remove redundant imports",
            "messageBody": "",
            "insertions": 1,
            "deletions": 2
          }
        ]
      },
      {
        "insertions": 165,
        "deletions": 43,
        "date": "2020-03-10",
        "commitResults": [
          {
            "hash": "19b7cffa122d470cef10362eee9acffecda05df9",
            "messageTitle": "Add support for IO redirection",
            "messageBody": "",
            "insertions": 31,
            "deletions": 5
          },
          {
            "hash": "4dcbcb9ec830c5badb60c3655533efb1989d7870",
            "messageTitle": "Pretty Printing of List and Help Command",
            "messageBody": "",
            "insertions": 99,
            "deletions": 11
          },
          {
            "hash": "e4c29616a6becaec52170a486d71e0042853995d",
            "messageTitle": "Removed pattern regex, and used simple split, easier for all to understand and work on same variable",
            "messageBody": "",
            "insertions": 34,
            "deletions": 16
          },
          {
            "hash": "95c25179959de3b911bb0e92ec8ccd4e039616c9",
            "messageTitle": "Remove incorrect code",
            "messageBody": "",
            "insertions": 1,
            "deletions": 11
          }
        ]
      },
      {
        "insertions": 6,
        "deletions": 8,
        "date": "2020-03-11",
        "commitResults": [
          {
            "hash": "e0eac3d3044b4e13f9f9be219a9da3c54395c579",
            "messageTitle": "Made changes to EditCommandJunitTest",
            "messageBody": "",
            "insertions": 6,
            "deletions": 8
          }
        ]
      },
      {
        "insertions": 141,
        "deletions": 159,
        "date": "2020-03-12",
        "commitResults": [
          {
            "hash": "2354bb61e639f00927a47aefb9181eda1c7f2fca",
            "messageTitle": "Minor changes in JUnitTest",
            "messageBody": "",
            "insertions": 4,
            "deletions": 8
          },
          {
            "hash": "a31dc3b6f11ddd04008632b5deb9a012c02b4cda",
            "messageTitle": "Minor changes",
            "messageBody": "",
            "insertions": 86,
            "deletions": 85
          },
          {
            "hash": "9d5098e774f8f19060d55bf8cdeaa252a66bbb8b",
            "messageTitle": "Changes done as a team. Resolved some JUnit Tests.",
            "messageBody": "",
            "insertions": 51,
            "deletions": 66
          }
        ]
      },
      {
        "insertions": 303,
        "deletions": 30,
        "date": "2020-03-13",
        "commitResults": [
          {
            "hash": "18da10c8fcbe3cf3e7059fc25cd00ee729280685",
            "messageTitle": "Add ParserTest.java to project. Changes made to EditCommand to handle some bugs thrown in ParserTest. Added possible incorrect input string to input.txt so that program ensures it runs error messages instead of crashing.",
            "messageBody": "",
            "insertions": 287,
            "deletions": 25
          },
          {
            "hash": "0da7ac8875a321d467be61308279de6c8f89d4ca",
            "messageTitle": "Commented out failed test cases other team members have yet to work on",
            "messageBody": "",
            "insertions": 13,
            "deletions": 3
          },
          {
            "hash": "748e03f0adf21831f1d3f8a2f10486d73e6475f6",
            "messageTitle": "CheckStyle Run",
            "messageBody": "",
            "insertions": 3,
            "deletions": 2
          }
        ]
      },
      {
        "insertions": 53,
        "deletions": 29,
        "date": "2020-03-14",
        "commitResults": [
          {
            "hash": "89e3623d6f4292b13d351898fcafaabc16d8b71e",
            "messageTitle": "Add assertions and logging for Edit Command",
            "messageBody": "",
            "insertions": 53,
            "deletions": 29
          }
        ]
      },
      {
        "insertions": 8,
        "deletions": 19,
        "date": "2020-03-16",
        "commitResults": [
          {
            "hash": "9af774f052fd2007e997091067b1dd86ad24312a",
            "messageTitle": "Made slight changes to assertion for edit command",
            "messageBody": "",
            "insertions": 8,
            "deletions": 19
          }
        ]
      },
      {
        "insertions": 27,
        "deletions": 2,
        "date": "2020-03-19",
        "commitResults": [
          {
            "hash": "0c9872b5bd811a6f1b038b7910ea5e67db397b0e",
            "messageTitle": "Add SHOCO logo",
            "messageBody": "",
            "insertions": 26,
            "deletions": 1
          },
          {
            "hash": "b13933925841c4ba65b13b2d597351a20b25c70d",
            "messageTitle": "Added changes to EXPECTED.txt",
            "messageBody": "",
            "insertions": 1,
            "deletions": 1
          }
        ]
      }
    ]
  },
  "authorFinalContributionMap": {
    "kokjoon97": 261,
    "JLoh579": 277,
    "Shannonwje": 326,
    "jiajuinphoon": 135,
    "trishaangelica": 989
  },
  "authorFileTypeContributionMap": {
    "kokjoon97": {
      "java": 259,
      "md": 1,
      "fxml": 0,
      "sh": 0,
      "bat": 1,
      "gradle": 0,
      "txt": 0
    },
    "JLoh579": {
      "java": 266,
      "md": 1,
      "fxml": 0,
      "sh": 0,
      "bat": 0,
      "gradle": 0,
      "txt": 10
    },
    "Shannonwje": {
      "java": 323,
      "md": 1,
      "fxml": 0,
      "sh": 0,
      "bat": 0,
      "gradle": 0,
      "txt": 2
    },
    "jiajuinphoon": {
      "java": 133,
      "md": 2,
      "fxml": 0,
      "sh": 0,
      "bat": 0,
      "gradle": 0,
      "txt": 0
    },
    "trishaangelica": {
      "java": 947,
      "md": 1,
      "fxml": 0,
      "sh": 1,
      "bat": 0,
      "gradle": 10,
      "txt": 30
    }
  },
  "authorContributionVariance": {
    "kokjoon97": 3297.0415,
    "JLoh579": 4173.8228,
    "Shannonwje": 2658.8645,
    "jiajuinphoon": 995.6008,
    "trishaangelica": 14910.428
  },
  "authorDisplayNameMap": {
    "kokjoon97": "CS2113T-T13-1 TAN ..JOON",
    "JLoh579": "CS2113T-T13-1 LOH ..SHUA",
    "Shannonwje": "CS2113T-T13-1 WONG..NNON",
    "jiajuinphoon": "CS2113T-T13-1 PHOO..JUIN",
    "trishaangelica": "CS2113T-T13-1 LABI..GARA"
  }
}
