{
  "authorDailyContributionsMap": {
    "kokjoon97": [
      {
        "insertions": 1,
        "deletions": 1,
        "date": "2020-03-03",
        "commitResults": [
          {
            "hash": "e966b466dae8127f8fb2cef5203db18e61dc21d7",
            "messageTitle": "Update AboutUs",
            "messageBody": "",
            "insertions": 1,
            "deletions": 1
          }
        ]
      }
    ],
    "JLoh579": [
      {
        "insertions": 1,
        "deletions": 1,
        "date": "2020-03-03",
        "commitResults": [
          {
            "hash": "d454148dbd93449d18d00ec58a43f8c9ea1f75c6",
            "messageTitle": "Add my name to AboutUs.md file",
            "messageBody": "",
            "insertions": 1,
            "deletions": 1
          }
        ]
      }
    ],
    "Shannonwje": [
      {
        "insertions": 1,
        "deletions": 1,
        "date": "2020-03-03",
        "commitResults": [
          {
            "hash": "3d5f4243b068ce26171daad3daf961a9755d80e1",
            "messageTitle": "Personalised Name on AboutUs",
            "messageBody": "",
            "insertions": 1,
            "deletions": 1
          }
        ]
      }
    ],
    "jiajuinphoon": [
      {
        "insertions": 1,
        "deletions": 1,
        "date": "2020-03-03",
        "commitResults": [
          {
            "hash": "d5f696a03d0a4593e7cd5cf8237efa7a82f71e6d",
            "messageTitle": "Change on About Us",
            "messageBody": "",
            "insertions": 1,
            "deletions": 1
          }
        ]
      }
    ],
    "trishaangelica": [
      {
        "insertions": 1,
        "deletions": 1,
        "date": "2020-03-03",
        "commitResults": [
          {
            "hash": "21da74acac2ff9f02a1c2f140c402f615241dc1b",
            "messageTitle": "Include my name (Trisha Labi) in AboutUs.md",
            "messageBody": "",
            "insertions": 1,
            "deletions": 1
          }
        ]
      }
    ]
  },
  "authorFinalContributionMap": {
    "kokjoon97": 1,
    "JLoh579": 1,
    "Shannonwje": 1,
    "jiajuinphoon": 2,
    "trishaangelica": 1
  },
  "authorFileTypeContributionMap": {
    "kokjoon97": {
      "java": 0,
      "md": 1,
      "fxml": 0,
      "sh": 0,
      "bat": 0,
      "gradle": 0,
      "txt": 0
    },
    "JLoh579": {
      "java": 0,
      "md": 1,
      "fxml": 0,
      "sh": 0,
      "bat": 0,
      "gradle": 0,
      "txt": 0
    },
    "Shannonwje": {
      "java": 0,
      "md": 1,
      "fxml": 0,
      "sh": 0,
      "bat": 0,
      "gradle": 0,
      "txt": 0
    },
    "jiajuinphoon": {
      "java": 0,
      "md": 2,
      "fxml": 0,
      "sh": 0,
      "bat": 0,
      "gradle": 0,
      "txt": 0
    },
    "trishaangelica": {
      "java": 0,
      "md": 1,
      "fxml": 0,
      "sh": 0,
      "bat": 0,
      "gradle": 0,
      "txt": 0
    }
  },
  "authorContributionVariance": {
    "kokjoon97": 0.88888884,
    "JLoh579": 0.88888884,
    "Shannonwje": 0.88888884,
    "jiajuinphoon": 0.88888884,
    "trishaangelica": 0.88888884
  },
  "authorDisplayNameMap": {
    "kokjoon97": "CS2113T-T13-1 TAN ..JOON",
    "JLoh579": "CS2113T-T13-1 LOH ..SHUA",
    "Shannonwje": "CS2113T-T13-1 WONG..NNON",
    "jiajuinphoon": "CS2113T-T13-1 PHOO..JUIN",
    "trishaangelica": "CS2113T-T13-1 LABI..GARA"
  }
}
