[
  {
    "path": "docs/AboutUs.md",
    "fileType": "md",
    "lines": [
      {
        "lineNumber": 1,
        "author": {
          "gitId": "-"
        },
        "content": "# About us"
      },
      {
        "lineNumber": 2,
        "author": {
          "gitId": "-"
        },
        "content": ""
      },
      {
        "lineNumber": 3,
        "author": {
          "gitId": "-"
        },
        "content": "Display | Name | Github Profile | Portfolio "
      },
      {
        "lineNumber": 4,
        "author": {
          "gitId": "-"
        },
        "content": "--------|:----:|:--------------:|:---------:"
      },
      {
        "lineNumber": 5,
        "author": {
          "gitId": "g-lilian"
        },
        "content": "![](https://via.placeholder.com/100.png?text\u003dPhoto) | Guo Lilian | [Github](https://github.com/) | [Portfolio](docs/team/johndoe.md)"
      },
      {
        "lineNumber": 6,
        "author": {
          "gitId": "Zhilin-Huang"
        },
        "content": "![](https://picsum.photos/200) | Zhilin Huang | [Github](https://github.com/Zhilin-Huang) | [Portfolio](docs/team/zhilinhuang.md)"
      },
      {
        "lineNumber": 7,
        "author": {
          "gitId": "sliu107"
        },
        "content": "![](https://via.placeholder.com/100.png?text\u003dPhoto) | Shiyue Liu | [Github](https://github.com/) | [Portfolio](docs/team/johndoe.md)"
      },
      {
        "lineNumber": 8,
        "author": {
          "gitId": "quinnyyy"
        },
        "content": "![](https://via.placeholder.com/100.png?text\u003dPhoto) | Quinn Meurer | [Github](https://github.com/quinnyyy) | [Portfolio](docs/team/johndoe.md)"
      }
    ],
    "authorContributionMap": {
      "Zhilin-Huang": 1,
      "sliu107": 1,
      "quinnyyy": 1,
      "g-lilian": 1,
      "-": 4
    }
  },
  {
    "path": "docs/team/zhilinhuang.md",
    "fileType": "md",
    "lines": [
      {
        "lineNumber": 1,
        "author": {
          "gitId": "Zhilin-Huang"
        },
        "content": "# Zhilin Huang - Project Portfolio Page"
      },
      {
        "lineNumber": 2,
        "author": {
          "gitId": "Zhilin-Huang"
        },
        "content": ""
      }
    ],
    "authorContributionMap": {
      "Zhilin-Huang": 2
    }
  }
]
