{
  "authorDailyContributionsMap": {
    "Zhilin-Huang": [
      {
        "insertions": 3,
        "deletions": 1,
        "date": "2020-03-03",
        "commitResults": [
          {
            "hash": "ef0250a99849a6375ad81766fd5c17342dff04fd",
            "messageTitle": "Update AboutUs.md for Zhilin",
            "messageBody": "",
            "insertions": 3,
            "deletions": 1
          }
        ]
      },
      {
        "insertions": 1007,
        "deletions": 241,
        "date": "2020-03-06",
        "commitResults": [
          {
            "hash": "be8410a9acc37e5b1f26c0c30b0f49bddfc2c3e8",
            "messageTitle": "Implement parser and commands classes",
            "messageBody": "",
            "insertions": 275,
            "deletions": 1
          },
          {
            "hash": "7cdf2ffcbbdfe7724312aa485a194559ff3bb08b",
            "messageTitle": "Implement FlashcardList class and add support for delete and list command",
            "messageBody": "",
            "insertions": 339,
            "deletions": 148
          },
          {
            "hash": "19228ec4802e4fc68d97f932db91d77b7246633a",
            "messageTitle": "Update text UI testing",
            "messageBody": "",
            "insertions": 30,
            "deletions": 1
          },
          {
            "hash": "3b1aaf6e2df5bc2fd2626c5166c0b365a93d0d5a",
            "messageTitle": "Add ParserTest",
            "messageBody": "",
            "insertions": 113,
            "deletions": 1
          },
          {
            "hash": "4f5648d59acf0a42b8d57872d92fbe38d077b43b",
            "messageTitle": "Add JUnit tests for DeleteCommand",
            "messageBody": "",
            "insertions": 148,
            "deletions": 19
          },
          {
            "hash": "28c0fbd8d5eaff324773fba4896ca299a9f3e398",
            "messageTitle": "Change FlashcardList and Ui to fields of Command classes",
            "messageBody": "",
            "insertions": 71,
            "deletions": 42
          },
          {
            "hash": "862ebdf5e0aa3dc9fce0cd72050f52efcf213e43",
            "messageTitle": "Refactor promptUserForDetails() to Ui class and rename variables",
            "messageBody": "",
            "insertions": 29,
            "deletions": 22
          },
          {
            "hash": "e3f78a5b0ce099b53b33bccb9a8ac10a2f5566e3",
            "messageTitle": "Update Javadoc comments",
            "messageBody": "",
            "insertions": 2,
            "deletions": 7
          }
        ]
      },
      {
        "insertions": 440,
        "deletions": 265,
        "date": "2020-03-10",
        "commitResults": [
          {
            "hash": "069f146b0fb098f3978f4e734e77421e74ab76fa",
            "messageTitle": "Add JUnit test for ListCommand",
            "messageBody": "",
            "insertions": 114,
            "deletions": 73
          },
          {
            "hash": "c89fcf46772ebcbf0318fe2bb62887f5024b09fa",
            "messageTitle": "Update ParserTest",
            "messageBody": "",
            "insertions": 319,
            "deletions": 185
          },
          {
            "hash": "1502185ce8f12c44be7a0bdd1528041012d80b16",
            "messageTitle": "Fix typo in FULL_FLASHCARD_LIST",
            "messageBody": "",
            "insertions": 7,
            "deletions": 7
          }
        ]
      },
      {
        "insertions": 297,
        "deletions": 90,
        "date": "2020-03-11",
        "commitResults": [
          {
            "hash": "4ad3b4cf40ed38d6c771849806f88b80acd72b95",
            "messageTitle": "Add User Guide v1.0",
            "messageBody": "",
            "insertions": 210,
            "deletions": 15
          },
          {
            "hash": "70615c2aa249efe9e9a8b94eed271cd0430a2dc4",
            "messageTitle": "Update text UI testing",
            "messageBody": "",
            "insertions": 17,
            "deletions": 0
          },
          {
            "hash": "4cad98498910cc841bb042ea217ba84e0bf1eadc",
            "messageTitle": "Update code formatting",
            "messageBody": "",
            "insertions": 70,
            "deletions": 75
          }
        ]
      }
    ],
    "sliu107": [
      {
        "insertions": 1,
        "deletions": 1,
        "date": "2020-03-03",
        "commitResults": [
          {
            "hash": "c81ae258e3eb4cbc6f662f560322c3069f13b5ce",
            "messageTitle": "change the fourth name",
            "messageBody": "",
            "insertions": 1,
            "deletions": 1
          }
        ]
      },
      {
        "insertions": 425,
        "deletions": 58,
        "date": "2020-03-08",
        "commitResults": [
          {
            "hash": "49efebd65745c536ae2d98de618a87d73c266267",
            "messageTitle": "Implement flashscardGroup class and support to form groups from exsiting flashcards",
            "messageBody": "",
            "insertions": 206,
            "deletions": 2
          },
          {
            "hash": "5f96b7abc79b4b3a9878d2c090b1f7724e4611ac",
            "messageTitle": "Support for adding a existing flashcard to a existing flashcard group",
            "messageBody": "",
            "insertions": 105,
            "deletions": 2
          },
          {
            "hash": "9bfce893cda560702d503a8a99a8f943be587965",
            "messageTitle": "add help message",
            "messageBody": "",
            "insertions": 49,
            "deletions": 5
          },
          {
            "hash": "623ff2d289d7247ab486616cc47745ace3452eb8",
            "messageTitle": "add help command test class",
            "messageBody": "",
            "insertions": 7,
            "deletions": 0
          },
          {
            "hash": "0c0fb086ed1d897acfc00242116fb390536ac6b7",
            "messageTitle": "add javadoc t o HelpCommandTest class",
            "messageBody": "",
            "insertions": 5,
            "deletions": 0
          },
          {
            "hash": "8cdf2be60677d8f73f77fbf9fa26e2c4c246c7ce",
            "messageTitle": "correct the checkstyle",
            "messageBody": "",
            "insertions": 42,
            "deletions": 32
          },
          {
            "hash": "cc0c2f90313c9cf5c73852c420d1eb07c53d5e1a",
            "messageTitle": "group catch blocks and add spaces between parameters",
            "messageBody": "",
            "insertions": 10,
            "deletions": 16
          },
          {
            "hash": "f0a8f5a7c4b668f0b870b652cb6539bf65976179",
            "messageTitle": "add spaces",
            "messageBody": "",
            "insertions": 1,
            "deletions": 1
          }
        ]
      },
      {
        "insertions": 343,
        "deletions": 55,
        "date": "2020-03-09",
        "commitResults": [
          {
            "hash": "e115f24fd5eff339db46c3dd68a246b3cdcab0e7",
            "messageTitle": "add JUnit tests for group command",
            "messageBody": "",
            "insertions": 148,
            "deletions": 5
          },
          {
            "hash": "d4a84d47ffdc04dcd5e3ec1aa2c0b552d7338b3d",
            "messageTitle": "update fields of GroupCommand",
            "messageBody": "",
            "insertions": 5,
            "deletions": 7
          },
          {
            "hash": "94a1057cdaf483045e04fa1ba35e7222bfc83cae",
            "messageTitle": "add JUnit tests for add-flashcard-to-group commands",
            "messageBody": "",
            "insertions": 91,
            "deletions": 34
          },
          {
            "hash": "ba4d6bf44f499ba831f1db30d64afeae04fb3127",
            "messageTitle": "add JUnit tests for GroupFactory and add-flashcard-to-group commands",
            "messageBody": "",
            "insertions": 99,
            "deletions": 9
          }
        ]
      },
      {
        "insertions": 200,
        "deletions": 87,
        "date": "2020-03-10",
        "commitResults": [
          {
            "hash": "f10ae9d317e631c9a452835f06241190e27e8128",
            "messageTitle": "correct some typo and chang the equal method to ordered way",
            "messageBody": "",
            "insertions": 14,
            "deletions": 19
          },
          {
            "hash": "675028bfa42074bdf32ff2091faf3076ff95e06a",
            "messageTitle": "Correct checkstyles",
            "messageBody": "",
            "insertions": 44,
            "deletions": 24
          },
          {
            "hash": "d6a3458ac37b931b1685a93e6b30228688a211b1",
            "messageTitle": "Update add-flashcard-to-group command tests and equal method for flashcard list with sorting.",
            "messageBody": "",
            "insertions": 48,
            "deletions": 21
          },
          {
            "hash": "32b3e71a9a93bd9423ebecc3227fa18a4a6ba835",
            "messageTitle": "Rename local variables",
            "messageBody": "",
            "insertions": 14,
            "deletions": 14
          },
          {
            "hash": "daa40b106855af5742a4fa7c39ea393fed97faf2",
            "messageTitle": "update parseTest for checking group commands and add-flashcard-to-group commands",
            "messageBody": "",
            "insertions": 76,
            "deletions": 5
          },
          {
            "hash": "f254c858f1b5750bd4a558a2d5db64cb83e16e7f",
            "messageTitle": "correct checkstyle",
            "messageBody": "",
            "insertions": 4,
            "deletions": 4
          }
        ]
      }
    ],
    "quinnyyy": [
      {
        "insertions": 1,
        "deletions": 1,
        "date": "2020-03-03",
        "commitResults": [
          {
            "hash": "53ba75cb46a68be87141ba25c626ee44f8a86c27",
            "messageTitle": "Add name and GitHub link to AboutUs",
            "messageBody": "",
            "insertions": 1,
            "deletions": 1
          }
        ]
      },
      {
        "insertions": 387,
        "deletions": 53,
        "date": "2020-03-05",
        "commitResults": [
          {
            "hash": "06634fa14acb24cc9a5ba5b5ddf1f0d9ee122898",
            "messageTitle": "Implement basic event, person, other flashcards. Set up dummy UI to test creation and display of flashcards",
            "messageBody": "",
            "insertions": 260,
            "deletions": 21
          },
          {
            "hash": "085d0616d6eebe64b54608e9d7ef8c9b8941449f",
            "messageTitle": "Change Ui to be parameter for createFlashcard methods. Add basic comments",
            "messageBody": "",
            "insertions": 94,
            "deletions": 12
          },
          {
            "hash": "1f7a22cbe6b51e520f2808737a030b60269914c7",
            "messageTitle": "Set up textUI testing",
            "messageBody": "",
            "insertions": 33,
            "deletions": 20
          }
        ]
      },
      {
        "insertions": 724,
        "deletions": 111,
        "date": "2020-03-08",
        "commitResults": [
          {
            "hash": "63a04287c2e05471ccc989b0baa2c2b6f4b0c02d",
            "messageTitle": "Add *FlashcardCommand tests and FlashCardFactory test",
            "messageBody": "",
            "insertions": 331,
            "deletions": 3
          },
          {
            "hash": "2bcc18570d22fc640442f7979e49cf8eb58e2f8c",
            "messageTitle": "Comply with checkstyle standards",
            "messageBody": "",
            "insertions": 10,
            "deletions": 10
          },
          {
            "hash": "32e673d62989dd5e5ba898281c30558f20e99566",
            "messageTitle": "Comply with checkstyleTest",
            "messageBody": "",
            "insertions": 22,
            "deletions": 15
          },
          {
            "hash": "a4529b764788b46afa7ceab2218a5d61142dd9a0",
            "messageTitle": "Add timeline functionality and fix broken tests",
            "messageBody": "",
            "insertions": 262,
            "deletions": 53
          },
          {
            "hash": "78eeeae58c6ad36c4cdb1459fae8c41c10b72328",
            "messageTitle": "Add tests for parseDate",
            "messageBody": "",
            "insertions": 63,
            "deletions": 3
          },
          {
            "hash": "4fd1ac9cec5c4580fd318688442d8f543152db6b",
            "messageTitle": "Update toString to format dates",
            "messageBody": "",
            "insertions": 36,
            "deletions": 27
          }
        ]
      },
      {
        "insertions": 72,
        "deletions": 8,
        "date": "2020-03-09",
        "commitResults": [
          {
            "hash": "775f8977da9a2dd6c6766c9d1e52ac457b6a4ecd",
            "messageTitle": "Update textui test",
            "messageBody": "",
            "insertions": 10,
            "deletions": 2
          },
          {
            "hash": "76fb1bdd276e26d5b8daea45f322d9ea80798e11",
            "messageTitle": "Use List interface instead of ArrayList",
            "messageBody": "",
            "insertions": 3,
            "deletions": 2
          },
          {
            "hash": "831441828520daecbe423f898b9adfc5385eb12f",
            "messageTitle": "Fix merge conflict I forgot about",
            "messageBody": "",
            "insertions": 0,
            "deletions": 3
          },
          {
            "hash": "3402064f821c014af6f8c0bef925fe9bbe578c5d",
            "messageTitle": "Add TimelineCommandTest",
            "messageBody": "",
            "insertions": 59,
            "deletions": 0
          },
          {
            "hash": "1d48f58736ea2c32bce6b8fd2cc2f9a35fd52d45",
            "messageTitle": "Remove unused import",
            "messageBody": "",
            "insertions": 0,
            "deletions": 1
          }
        ]
      },
      {
        "insertions": 4,
        "deletions": 3,
        "date": "2020-03-10",
        "commitResults": [
          {
            "hash": "bc5d560452356df1a6490486490d34401341412b",
            "messageTitle": "Use Locale.US when specifying date format to avoid inconsistencies in the textUI testing",
            "messageBody": "",
            "insertions": 4,
            "deletions": 3
          }
        ]
      }
    ],
    "g-lilian": [
      {
        "insertions": 1,
        "deletions": 1,
        "date": "2020-03-03",
        "commitResults": [
          {
            "hash": "b24922ffe3c8e5b96c24fb1e5c79e6b788f6146f",
            "messageTitle": "Update AboutUs.md",
            "messageBody": "",
            "insertions": 1,
            "deletions": 1
          }
        ]
      },
      {
        "insertions": 222,
        "deletions": 22,
        "date": "2020-03-07",
        "commitResults": [
          {
            "hash": "bd5e214d5c8e51026d89c6bc20a7835ff302150c",
            "messageTitle": "Implement ShowCommand",
            "messageBody": "",
            "insertions": 51,
            "deletions": 3
          },
          {
            "hash": "0aea050703a68284598c0d272f204b1951f30108",
            "messageTitle": "Implement ReviewedCommand",
            "messageBody": "Users can mark a flashcard as reviewed by inputting reviewed [index]. The review status is displayed beside the flashcard name when \u0027list\u0027 command is called.\n",
            "insertions": 67,
            "deletions": 1
          },
          {
            "hash": "8950529b7f358e9f731deaa42c307150f4919a8c",
            "messageTitle": "Implement PriorityCommand",
            "messageBody": "Users can now set the priority of a task using priority [taskIdx] [priorityLevel]. Exception handling has not been fully implemented for this.\n",
            "insertions": 85,
            "deletions": 2
          },
          {
            "hash": "edbbf0636a24a9908f7b111755ae5533ebf82234",
            "messageTitle": "Refactor ShowCommand and ReviewedCommand",
            "messageBody": "Small adjustments to make code more readable and organized.\n",
            "insertions": 19,
            "deletions": 16
          }
        ]
      },
      {
        "insertions": 84,
        "deletions": 40,
        "date": "2020-03-09",
        "commitResults": [
          {
            "hash": "ec7c228734ee7080c20e1a8fdcc5e6ecc83aaacf",
            "messageTitle": "Refactor priorityLevel, ShowCommand and add comments",
            "messageBody": "Made priorityLevel an enum with HIGH, MEDIUM, LOW and DEFAULT (not indicated) options. Added Javadoc comments to some command classes.\n",
            "insertions": 38,
            "deletions": 21
          },
          {
            "hash": "99e0a6cc7ccd07195c689519cc33f59917241f05",
            "messageTitle": "Refactor to pass checkstyle",
            "messageBody": "",
            "insertions": 39,
            "deletions": 16
          },
          {
            "hash": "4976e461cc8b9667a0b65d1833c3a6de2f50fbb5",
            "messageTitle": "Refactor to pass checkstyle",
            "messageBody": "",
            "insertions": 3,
            "deletions": 3
          },
          {
            "hash": "ca58832c50f85a744e3396e9ec0c3cc7949f9cfe",
            "messageTitle": "Edit text-ui-test",
            "messageBody": "Edited to include Show, Priority, and Reviewed commands.\n",
            "insertions": 4,
            "deletions": 0
          }
        ]
      }
    ]
  },
  "authorFinalContributionMap": {
    "Zhilin-Huang": 1387,
    "sliu107": 772,
    "quinnyyy": 813,
    "g-lilian": 233
  },
  "authorFileTypeContributionMap": {
    "Zhilin-Huang": {
      "java": 1134,
      "md": 207,
      "fxml": 0,
      "sh": 0,
      "bat": 0,
      "gradle": 0,
      "txt": 46
    },
    "sliu107": {
      "java": 769,
      "md": 1,
      "fxml": 0,
      "sh": 0,
      "bat": 0,
      "gradle": 0,
      "txt": 2
    },
    "quinnyyy": {
      "java": 792,
      "md": 1,
      "fxml": 0,
      "sh": 0,
      "bat": 0,
      "gradle": 1,
      "txt": 19
    },
    "g-lilian": {
      "java": 228,
      "md": 1,
      "fxml": 0,
      "sh": 0,
      "bat": 0,
      "gradle": 0,
      "txt": 4
    }
  },
  "authorContributionVariance": {
    "Zhilin-Huang": 154984.44,
    "sliu107": 31783.686,
    "quinnyyy": 66194.73,
    "g-lilian": 5679.1406
  },
  "authorDisplayNameMap": {
    "Zhilin-Huang": "CS2113-T14-1 HUAN..ILIN",
    "sliu107": "CS2113-T14-1 LIU ..IYUE",
    "quinnyyy": "CS2113-T14-1 MEUR..TARO",
    "g-lilian": "CS2113-T14-1 GUO ..LIAN"
  }
}
