{
  "authorDailyContributionsMap": {
    "Zhilin-Huang": [
      {
        "insertions": 3,
        "deletions": 1,
        "date": "2020-03-03",
        "commitResults": [
          {
            "hash": "ef0250a99849a6375ad81766fd5c17342dff04fd",
            "messageTitle": "Update AboutUs.md for Zhilin",
            "messageBody": "",
            "insertions": 3,
            "deletions": 1
          }
        ]
      },
      {
        "insertions": 1007,
        "deletions": 241,
        "date": "2020-03-06",
        "commitResults": [
          {
            "hash": "be8410a9acc37e5b1f26c0c30b0f49bddfc2c3e8",
            "messageTitle": "Implement parser and commands classes",
            "messageBody": "",
            "insertions": 275,
            "deletions": 1
          },
          {
            "hash": "7cdf2ffcbbdfe7724312aa485a194559ff3bb08b",
            "messageTitle": "Implement FlashcardList class and add support for delete and list command",
            "messageBody": "",
            "insertions": 339,
            "deletions": 148
          },
          {
            "hash": "19228ec4802e4fc68d97f932db91d77b7246633a",
            "messageTitle": "Update text UI testing",
            "messageBody": "",
            "insertions": 30,
            "deletions": 1
          },
          {
            "hash": "3b1aaf6e2df5bc2fd2626c5166c0b365a93d0d5a",
            "messageTitle": "Add ParserTest",
            "messageBody": "",
            "insertions": 113,
            "deletions": 1
          },
          {
            "hash": "4f5648d59acf0a42b8d57872d92fbe38d077b43b",
            "messageTitle": "Add JUnit tests for DeleteCommand",
            "messageBody": "",
            "insertions": 148,
            "deletions": 19
          },
          {
            "hash": "28c0fbd8d5eaff324773fba4896ca299a9f3e398",
            "messageTitle": "Change FlashcardList and Ui to fields of Command classes",
            "messageBody": "",
            "insertions": 71,
            "deletions": 42
          },
          {
            "hash": "862ebdf5e0aa3dc9fce0cd72050f52efcf213e43",
            "messageTitle": "Refactor promptUserForDetails() to Ui class and rename variables",
            "messageBody": "",
            "insertions": 29,
            "deletions": 22
          },
          {
            "hash": "e3f78a5b0ce099b53b33bccb9a8ac10a2f5566e3",
            "messageTitle": "Update Javadoc comments",
            "messageBody": "",
            "insertions": 2,
            "deletions": 7
          }
        ]
      },
      {
        "insertions": 440,
        "deletions": 265,
        "date": "2020-03-10",
        "commitResults": [
          {
            "hash": "069f146b0fb098f3978f4e734e77421e74ab76fa",
            "messageTitle": "Add JUnit test for ListCommand",
            "messageBody": "",
            "insertions": 114,
            "deletions": 73
          },
          {
            "hash": "c89fcf46772ebcbf0318fe2bb62887f5024b09fa",
            "messageTitle": "Update ParserTest",
            "messageBody": "",
            "insertions": 319,
            "deletions": 185
          },
          {
            "hash": "1502185ce8f12c44be7a0bdd1528041012d80b16",
            "messageTitle": "Fix typo in FULL_FLASHCARD_LIST",
            "messageBody": "",
            "insertions": 7,
            "deletions": 7
          }
        ]
      },
      {
        "insertions": 297,
        "deletions": 90,
        "date": "2020-03-11",
        "commitResults": [
          {
            "hash": "4ad3b4cf40ed38d6c771849806f88b80acd72b95",
            "messageTitle": "Add User Guide v1.0",
            "messageBody": "",
            "insertions": 210,
            "deletions": 15
          },
          {
            "hash": "70615c2aa249efe9e9a8b94eed271cd0430a2dc4",
            "messageTitle": "Update text UI testing",
            "messageBody": "",
            "insertions": 17,
            "deletions": 0
          },
          {
            "hash": "4cad98498910cc841bb042ea217ba84e0bf1eadc",
            "messageTitle": "Update code formatting",
            "messageBody": "",
            "insertions": 70,
            "deletions": 75
          }
        ]
      },
      {
        "insertions": 168,
        "deletions": 27,
        "date": "2020-03-13",
        "commitResults": [
          {
            "hash": "b59a7c0cf5ac677e658c033822a988016660f3b1",
            "messageTitle": "Add logging for Parser",
            "messageBody": "",
            "insertions": 39,
            "deletions": 10
          },
          {
            "hash": "1ddf126aa0945e71314dde90198d1727e28e74a4",
            "messageTitle": "Add logging for Ui",
            "messageBody": "",
            "insertions": 45,
            "deletions": 12
          },
          {
            "hash": "dab4ed0ac159778847149324efe9d007d915d529",
            "messageTitle": "Add logging for DeleteCommand",
            "messageBody": "",
            "insertions": 23,
            "deletions": 2
          },
          {
            "hash": "b5d50c7338c0a4e61b908257e82f0d88e793913b",
            "messageTitle": "Add logging for ListCommand",
            "messageBody": "",
            "insertions": 24,
            "deletions": 0
          },
          {
            "hash": "f7ef29f3bdd3055bd889de6807057164e86cc9b0",
            "messageTitle": "Add logging for FlashcardList",
            "messageBody": "",
            "insertions": 37,
            "deletions": 3
          }
        ]
      },
      {
        "insertions": 423,
        "deletions": 185,
        "date": "2020-03-14",
        "commitResults": [
          {
            "hash": "9bb833bd6855c74168439a5c05a4a76588c8cf87",
            "messageTitle": "Remove duplicate code in FlashcardList",
            "messageBody": "",
            "insertions": 2,
            "deletions": 4
          },
          {
            "hash": "87f29a9f5b345d93e940d54e225582cd6fc11f90",
            "messageTitle": "Refactor JUnit tests to not use common object constants",
            "messageBody": "",
            "insertions": 297,
            "deletions": 122
          },
          {
            "hash": "de7e3bc6e69c29aba35cd608f84c75831802cd9c",
            "messageTitle": "Add JavaDoc comments for checkstyle test",
            "messageBody": "",
            "insertions": 9,
            "deletions": 0
          },
          {
            "hash": "73675c2e46b03b490cc4c70737e3d83eccb72f69",
            "messageTitle": "Enable assertions in text UI testing scripts",
            "messageBody": "",
            "insertions": 2,
            "deletions": 2
          },
          {
            "hash": "623d619facec2d9224bed41facfaabc86be71e75",
            "messageTitle": "Add assertions in DeleteCommand class",
            "messageBody": "",
            "insertions": 6,
            "deletions": 0
          },
          {
            "hash": "e68d0fec05f11effa3f6ca1444180af5ee1d87e0",
            "messageTitle": "Add assertions in ListCommand class",
            "messageBody": "",
            "insertions": 12,
            "deletions": 0
          },
          {
            "hash": "b19608544b8a40357f503731622473a546bd84b4",
            "messageTitle": "Add assertions in FlashcardList class",
            "messageBody": "",
            "insertions": 11,
            "deletions": 0
          },
          {
            "hash": "b68ce7d1b547ac37def2b28e558571dd13c80634",
            "messageTitle": "Add assertions in Parser class",
            "messageBody": "",
            "insertions": 12,
            "deletions": 1
          },
          {
            "hash": "e0d57fc08e991069c6e965577e7f5e2326a7d43f",
            "messageTitle": "Add assertions in Ui class",
            "messageBody": "",
            "insertions": 25,
            "deletions": 0
          },
          {
            "hash": "1db676c82a4a046712455dbe04fcb0988a078c7f",
            "messageTitle": "Update code formatting",
            "messageBody": "",
            "insertions": 47,
            "deletions": 56
          }
        ]
      },
      {
        "insertions": 119,
        "deletions": 105,
        "date": "2020-03-15",
        "commitResults": [
          {
            "hash": "52a29930db3e344b21d8281bbb7364df211f7f9a",
            "messageTitle": "Update code formatting",
            "messageBody": "",
            "insertions": 3,
            "deletions": 4
          },
          {
            "hash": "98199fa23c179620459eae17a026b2783a7072c9",
            "messageTitle": "Use static logger for Command classes",
            "messageBody": "",
            "insertions": 28,
            "deletions": 34
          },
          {
            "hash": "7e86bac68ef5370796327b33b5de2f3f1ebc3edb",
            "messageTitle": "Use static logger for FlashcardList",
            "messageBody": "",
            "insertions": 25,
            "deletions": 16
          },
          {
            "hash": "89f1a96abef870d21433377bdfee46b6bf398b92",
            "messageTitle": "Use static logger for Parser",
            "messageBody": "",
            "insertions": 23,
            "deletions": 20
          },
          {
            "hash": "e7a1c57b558966b066e257f4fde8b1da0ffef22a",
            "messageTitle": "Use static logger for Ui",
            "messageBody": "",
            "insertions": 33,
            "deletions": 31
          },
          {
            "hash": "f80d396d58bd95e2610bc8df861fe49f9e7932f2",
            "messageTitle": "Set up loggers in Main",
            "messageBody": "",
            "insertions": 4,
            "deletions": 0
          },
          {
            "hash": "3edf9774606f7367766dc32639b25718a03b8917",
            "messageTitle": "Add more logging statements in Ui",
            "messageBody": "",
            "insertions": 3,
            "deletions": 0
          }
        ]
      },
      {
        "insertions": 2,
        "deletions": 2,
        "date": "2020-03-16",
        "commitResults": [
          {
            "hash": "9654440ccf4bad5dbe22bd677adf1d0254ff8718",
            "messageTitle": "Update build.gradle for v1.0",
            "messageBody": "",
            "insertions": 2,
            "deletions": 2
          }
        ]
      },
      {
        "insertions": 518,
        "deletions": 10,
        "date": "2020-03-19",
        "commitResults": [
          {
            "hash": "9c993c4f8c9d064c5253c3411891b6e93017d3f8",
            "messageTitle": "Implement StudyPlan class",
            "messageBody": "",
            "insertions": 119,
            "deletions": 0
          },
          {
            "hash": "74100ed25b8bd74eeb5e5b3614bff04e413f7afa",
            "messageTitle": "Implement DisplayStudyPlanCommand and UpdateStudyPlanCommand",
            "messageBody": "",
            "insertions": 94,
            "deletions": 0
          },
          {
            "hash": "3d5bccb506d063e436ff3098ed7c3c4743e3c74d",
            "messageTitle": "Update Parser class for DisplayStudyPlanCommand and UpdateStudyPlanCommand",
            "messageBody": "",
            "insertions": 12,
            "deletions": 1
          },
          {
            "hash": "fe8c15ef2222d63c3aa6a83d32f5d422d5709278",
            "messageTitle": "Update Main class",
            "messageBody": "",
            "insertions": 5,
            "deletions": 1
          },
          {
            "hash": "4046093b8f9b4280e7709a9467d57f02e0e7bb50",
            "messageTitle": "Update Ui class",
            "messageBody": "",
            "insertions": 23,
            "deletions": 1
          },
          {
            "hash": "d2e2438165efc8f63838644af954b1f9313fd711",
            "messageTitle": "Update Constants",
            "messageBody": "",
            "insertions": 3,
            "deletions": 0
          },
          {
            "hash": "6e7ecde1ca07e5f88e7a99ad6cad0dce31b24c13",
            "messageTitle": "Add Junit tests for DisplayStudyPlanCommandTest and UpdateStudyPlanCommandTest",
            "messageBody": "",
            "insertions": 203,
            "deletions": 0
          },
          {
            "hash": "5d1809d5e150e72ba0cba82a05d49b3f719b7003",
            "messageTitle": "Update ParserTest",
            "messageBody": "",
            "insertions": 38,
            "deletions": 1
          },
          {
            "hash": "dac57fbb8cd1908fff08e47118387ba2d624ec63",
            "messageTitle": "Update constants in test",
            "messageBody": "",
            "insertions": 12,
            "deletions": 0
          },
          {
            "hash": "15919acfaf0bdec98f96ce61a88921f77ae37db8",
            "messageTitle": "Update code formatting",
            "messageBody": "",
            "insertions": 9,
            "deletions": 6
          }
        ]
      },
      {
        "insertions": 529,
        "deletions": 79,
        "date": "2020-03-20",
        "commitResults": [
          {
            "hash": "d8ab0515f2c6ee259b2449c967f7adc20bf2b4f4",
            "messageTitle": "Update text UI testing",
            "messageBody": "",
            "insertions": 9,
            "deletions": 0
          },
          {
            "hash": "6eda72fab7fc99d91a5ed070ec02517f501e9383",
            "messageTitle": "Implement ListReviewedCommand class",
            "messageBody": "",
            "insertions": 47,
            "deletions": 0
          },
          {
            "hash": "72e66a1f355dd40c4c457062e4eea1600b14e703",
            "messageTitle": "Update Parser for ListReviewedCommand",
            "messageBody": "",
            "insertions": 4,
            "deletions": 0
          },
          {
            "hash": "a4eed12d942e4c0714a131dddc09e22103b661aa",
            "messageTitle": "Update constants for ListReviewedCommand",
            "messageBody": "",
            "insertions": 1,
            "deletions": 0
          },
          {
            "hash": "307b65053c3ad26e64984203aaa93681889fd128",
            "messageTitle": "Add Junit tests for ListReviewedCommand",
            "messageBody": "",
            "insertions": 85,
            "deletions": 0
          },
          {
            "hash": "f7b052d2e59e79c05880791665b8e2f96d1dcdc6",
            "messageTitle": "Update ParserTest for ListReviewedCommand",
            "messageBody": "",
            "insertions": 15,
            "deletions": 0
          },
          {
            "hash": "9281ccac6be665a00ae96319264571d08ecadfd5",
            "messageTitle": "Update UI for ListReviewedCommand",
            "messageBody": "",
            "insertions": 26,
            "deletions": 1
          },
          {
            "hash": "1015413e10fdfe7c7425874ead18109a3ef9660d",
            "messageTitle": "Update text UI testing for ListReviewedCommand",
            "messageBody": "",
            "insertions": 4,
            "deletions": 0
          },
          {
            "hash": "bc635ea7fde506ae6a11dd7428eb8bb70e309b19",
            "messageTitle": "Update code formatting",
            "messageBody": "",
            "insertions": 33,
            "deletions": 5
          },
          {
            "hash": "baf4151aee293a27669f01371cc0911aae062962",
            "messageTitle": "Add assertions to Study Plan related classes",
            "messageBody": "",
            "insertions": 17,
            "deletions": 0
          },
          {
            "hash": "89477fb5402f7b75a3681a857e790c1d3585d8ba",
            "messageTitle": "Add assertion and logging for ListReviewedCommand related classes",
            "messageBody": "",
            "insertions": 7,
            "deletions": 0
          },
          {
            "hash": "a7f0051b6bead4c29c1ef3a293bbd2d9e4842429",
            "messageTitle": "Implement FindCommand",
            "messageBody": "",
            "insertions": 73,
            "deletions": 1
          },
          {
            "hash": "28e4b7346a5f55930b7dd3f3f55b94b71843c4ae",
            "messageTitle": "Update parser for FindCommand",
            "messageBody": "",
            "insertions": 9,
            "deletions": 0
          },
          {
            "hash": "7160b144583192b47eb5717c557db179576c941d",
            "messageTitle": "Add Junit tests for FindCommand",
            "messageBody": "",
            "insertions": 90,
            "deletions": 1
          },
          {
            "hash": "da989081f9d7bda35c8bcc7dc35a26b33e7e7feb",
            "messageTitle": "Update ParserTest for FindCommand",
            "messageBody": "",
            "insertions": 25,
            "deletions": 0
          },
          {
            "hash": "c39416c5fff3238625e2e954399ac3f4017628e9",
            "messageTitle": "Update text UI testing for FindCommand",
            "messageBody": "",
            "insertions": 5,
            "deletions": 0
          },
          {
            "hash": "fab2a1235bbcd65592102a73b9b1b69cd0590402",
            "messageTitle": "Add assertions and logging to FindCommand",
            "messageBody": "",
            "insertions": 6,
            "deletions": 0
          },
          {
            "hash": "def0bd812650ece09fb2cac428cbf4b7171b18d9",
            "messageTitle": "Update StudyPlan class name to StudyPlanList",
            "messageBody": "",
            "insertions": 71,
            "deletions": 70
          },
          {
            "hash": "ab7df99a580f8b1021e83523feed827e0b682eb9",
            "messageTitle": "Enable assertions in build.gradle",
            "messageBody": "",
            "insertions": 2,
            "deletions": 1
          }
        ]
      },
      {
        "insertions": 96,
        "deletions": 57,
        "date": "2020-03-23",
        "commitResults": [
          {
            "hash": "ae24bc9822c82d603e10da76d23dfdc5108e21be",
            "messageTitle": "Update code formatting",
            "messageBody": "",
            "insertions": 34,
            "deletions": 35
          },
          {
            "hash": "2a5ea749ade24e8bc69f1748f2824735b3996bae",
            "messageTitle": "Add study plan feature in Developer Guide",
            "messageBody": "",
            "insertions": 31,
            "deletions": 0
          },
          {
            "hash": "b8ac5701b60e984855da980e6def2d75a97c432f",
            "messageTitle": "Update StudyPlanList",
            "messageBody": "",
            "insertions": 12,
            "deletions": 7
          },
          {
            "hash": "9e1084f5f2700d5fd12c9fed12d7063be5d44ff2",
            "messageTitle": "Update commands for consistency",
            "messageBody": "",
            "insertions": 18,
            "deletions": 14
          },
          {
            "hash": "0cb006f431ac697460d8f559d816ffcd11beeeaa",
            "messageTitle": "Update code formatting",
            "messageBody": "",
            "insertions": 1,
            "deletions": 1
          }
        ]
      },
      {
        "insertions": 24,
        "deletions": 6,
        "date": "2020-03-24",
        "commitResults": [
          {
            "hash": "06b0004edc2d06d73086bb57649584ed29fd577a",
            "messageTitle": "Add Developer Guide skeleton",
            "messageBody": "",
            "insertions": 21,
            "deletions": 3
          },
          {
            "hash": "98a4357ef9fc2d205b970b04338b7324822fc106",
            "messageTitle": "Add back note for Design \u0026 Implementation section in Developer Guide",
            "messageBody": "",
            "insertions": 2,
            "deletions": 0
          },
          {
            "hash": "3b00bbf1d3709c0ae709754de4c7cd69ce5d65d4",
            "messageTitle": "Update code formatting",
            "messageBody": "",
            "insertions": 1,
            "deletions": 3
          }
        ]
      },
      {
        "insertions": 99,
        "deletions": 110,
        "date": "2020-03-27",
        "commitResults": [
          {
            "hash": "1cb12373618b0bd408d08d24eb69efe19c664769",
            "messageTitle": "Update code formatting",
            "messageBody": "",
            "insertions": 99,
            "deletions": 107
          },
          {
            "hash": "7023e4d5248fc4c1615bd40b5a290ffb872bd6b1",
            "messageTitle": "Remove unnecessary semicolons",
            "messageBody": "",
            "insertions": 0,
            "deletions": 3
          }
        ]
      },
      {
        "insertions": 26,
        "deletions": 26,
        "date": "2020-03-28",
        "commitResults": [
          {
            "hash": "87479fc743221e90befd4072ed732c132e1a7430",
            "messageTitle": "Update code formatting",
            "messageBody": "",
            "insertions": 26,
            "deletions": 26
          }
        ]
      },
      {
        "insertions": 29,
        "deletions": 3,
        "date": "2020-03-29",
        "commitResults": [
          {
            "hash": "cfeb8054934fcdb107a5d7dedfebb3a78681e0ce",
            "messageTitle": "Update User Guide for study plan related features",
            "messageBody": "",
            "insertions": 12,
            "deletions": 1
          },
          {
            "hash": "33ad4e21e0d99878ed3424c3b45093277fca3c6a",
            "messageTitle": "Add Parser component description to Developer Guide",
            "messageBody": "",
            "insertions": 15,
            "deletions": 1
          },
          {
            "hash": "54064822149f8c59bd13746b9be03d673d95d120",
            "messageTitle": "Update study plan section in user guide",
            "messageBody": "",
            "insertions": 2,
            "deletions": 1
          }
        ]
      },
      {
        "insertions": 1,
        "deletions": 1,
        "date": "2020-03-30",
        "commitResults": [
          {
            "hash": "8eadb3a9ccf24209468f1383c1b4b3d3bb5e5c2c",
            "messageTitle": "Update build.gradle for v2.0",
            "messageBody": "",
            "insertions": 1,
            "deletions": 1
          }
        ]
      },
      {
        "insertions": 176,
        "deletions": 533,
        "date": "2020-04-03",
        "commitResults": [
          {
            "hash": "b8979cf97aacfd33ff93866e183aeebd81d0465c",
            "messageTitle": "Add logging to StudyPlanList",
            "messageBody": "",
            "insertions": 91,
            "deletions": 115
          },
          {
            "hash": "c34deae70cd7ad95b4dfc3dd9933c7c62cbd3c86",
            "messageTitle": "Remove unused ... notation in user guide",
            "messageBody": "",
            "insertions": 0,
            "deletions": 2
          },
          {
            "hash": "fa1c0b955ed9b9a45be342eb5a51f3502fcd5770",
            "messageTitle": "Add Ui line breaks to fix cluttered UI problem",
            "messageBody": "",
            "insertions": 42,
            "deletions": 23
          },
          {
            "hash": "45617eaade60e5a6274a9d2f3b42ec0f60c4a5ba",
            "messageTitle": "Update text Ui testing",
            "messageBody": "",
            "insertions": 1,
            "deletions": 0
          },
          {
            "hash": "922665a70b9c142cd9d618c17cd0b5c149157630",
            "messageTitle": "Add How to stop entering details guide in UG",
            "messageBody": "",
            "insertions": 6,
            "deletions": 3
          },
          {
            "hash": "1b4f82c83a92fb22ef519a93578433bbf9bd0b87",
            "messageTitle": "Update FAQ in UG",
            "messageBody": "",
            "insertions": 2,
            "deletions": 2
          },
          {
            "hash": "73db9a3e771baa12668979df4ea4125473454988",
            "messageTitle": "Update invalid index response to avoid confusion",
            "messageBody": "",
            "insertions": 1,
            "deletions": 1
          },
          {
            "hash": "ea299c12d785a384f85c5cbde9c8dbcbab10daf2",
            "messageTitle": "Remove unused Ui methods",
            "messageBody": "",
            "insertions": 0,
            "deletions": 349
          },
          {
            "hash": "7b4ff67a8a4c3c40c577e764ab97233ae6773faa",
            "messageTitle": "Update headers for flashcard short descriptions",
            "messageBody": "",
            "insertions": 33,
            "deletions": 38
          }
        ]
      },
      {
        "insertions": 6,
        "deletions": 5,
        "date": "2020-04-04",
        "commitResults": [
          {
            "hash": "ce2b7bb829c938bbd353b485ba46da8d4584a93c",
            "messageTitle": "Update UG FAQ",
            "messageBody": "",
            "insertions": 3,
            "deletions": 2
          },
          {
            "hash": "493e72e61fd9ed4418406cdf8111059077f86668",
            "messageTitle": "Update UG RETURN to ENTER/RETURN",
            "messageBody": "",
            "insertions": 3,
            "deletions": 3
          }
        ]
      },
      {
        "insertions": 418,
        "deletions": 118,
        "date": "2020-04-05",
        "commitResults": [
          {
            "hash": "59c8c22388e6acc0a1d2ecb0e39fa8aa96aaff15",
            "messageTitle": "Update PPP for Zhilin",
            "messageBody": "",
            "insertions": 100,
            "deletions": 4
          },
          {
            "hash": "9c0a14b7decfab90099ac64aecda55d414faff82",
            "messageTitle": "Update docs/README.md",
            "messageBody": "",
            "insertions": 2,
            "deletions": 2
          },
          {
            "hash": "f0e4e5235b31d8eafa18a06b62f498c472d064b1",
            "messageTitle": "Update User Guide",
            "messageBody": "",
            "insertions": 8,
            "deletions": 4
          },
          {
            "hash": "0be26987db19aee061f06d323c857487ca8e5423",
            "messageTitle": "Update PPP for Zhilin",
            "messageBody": "",
            "insertions": 15,
            "deletions": 6
          },
          {
            "hash": "2951906f34e835e55bf8282ee6f0bcd96bec85fb",
            "messageTitle": "Add links to Zhilin PPP other contribution section",
            "messageBody": "",
            "insertions": 2,
            "deletions": 2
          },
          {
            "hash": "a303e8d37a4c2e7c53d6e0693e1246b0a9d7e0a9",
            "messageTitle": "Implement DeleteStudyPlanCommand and remove unnecessary Ui parameter for commands",
            "messageBody": "",
            "insertions": 291,
            "deletions": 100
          }
        ]
      },
      {
        "insertions": 9,
        "deletions": 1,
        "date": "2020-04-06",
        "commitResults": [
          {
            "hash": "8a60f9c8a49b7bb5e0349304c1e8fa7e0ddac0ec",
            "messageTitle": "Update parser component and study plan features description in Developer Guide",
            "messageBody": "",
            "insertions": 9,
            "deletions": 1
          }
        ]
      },
      {
        "insertions": 2,
        "deletions": 3,
        "date": "2020-04-09",
        "commitResults": [
          {
            "hash": "685c3e3f0f72500df0f7003cb0b9ade008b67330",
            "messageTitle": "Scale the ParserAndCommandSequenceDiagram smaller in DG",
            "messageBody": "",
            "insertions": 2,
            "deletions": 3
          }
        ]
      }
    ],
    "sliu107": [
      {
        "insertions": 1,
        "deletions": 1,
        "date": "2020-03-03",
        "commitResults": [
          {
            "hash": "c81ae258e3eb4cbc6f662f560322c3069f13b5ce",
            "messageTitle": "change the fourth name",
            "messageBody": "",
            "insertions": 1,
            "deletions": 1
          }
        ]
      },
      {
        "insertions": 425,
        "deletions": 58,
        "date": "2020-03-08",
        "commitResults": [
          {
            "hash": "49efebd65745c536ae2d98de618a87d73c266267",
            "messageTitle": "Implement flashscardGroup class and support to form groups from exsiting flashcards",
            "messageBody": "",
            "insertions": 206,
            "deletions": 2
          },
          {
            "hash": "5f96b7abc79b4b3a9878d2c090b1f7724e4611ac",
            "messageTitle": "Support for adding a existing flashcard to a existing flashcard group",
            "messageBody": "",
            "insertions": 105,
            "deletions": 2
          },
          {
            "hash": "9bfce893cda560702d503a8a99a8f943be587965",
            "messageTitle": "add help message",
            "messageBody": "",
            "insertions": 49,
            "deletions": 5
          },
          {
            "hash": "623ff2d289d7247ab486616cc47745ace3452eb8",
            "messageTitle": "add help command test class",
            "messageBody": "",
            "insertions": 7,
            "deletions": 0
          },
          {
            "hash": "0c0fb086ed1d897acfc00242116fb390536ac6b7",
            "messageTitle": "add javadoc t o HelpCommandTest class",
            "messageBody": "",
            "insertions": 5,
            "deletions": 0
          },
          {
            "hash": "8cdf2be60677d8f73f77fbf9fa26e2c4c246c7ce",
            "messageTitle": "correct the checkstyle",
            "messageBody": "",
            "insertions": 42,
            "deletions": 32
          },
          {
            "hash": "cc0c2f90313c9cf5c73852c420d1eb07c53d5e1a",
            "messageTitle": "group catch blocks and add spaces between parameters",
            "messageBody": "",
            "insertions": 10,
            "deletions": 16
          },
          {
            "hash": "f0a8f5a7c4b668f0b870b652cb6539bf65976179",
            "messageTitle": "add spaces",
            "messageBody": "",
            "insertions": 1,
            "deletions": 1
          }
        ]
      },
      {
        "insertions": 343,
        "deletions": 55,
        "date": "2020-03-09",
        "commitResults": [
          {
            "hash": "e115f24fd5eff339db46c3dd68a246b3cdcab0e7",
            "messageTitle": "add JUnit tests for group command",
            "messageBody": "",
            "insertions": 148,
            "deletions": 5
          },
          {
            "hash": "d4a84d47ffdc04dcd5e3ec1aa2c0b552d7338b3d",
            "messageTitle": "update fields of GroupCommand",
            "messageBody": "",
            "insertions": 5,
            "deletions": 7
          },
          {
            "hash": "94a1057cdaf483045e04fa1ba35e7222bfc83cae",
            "messageTitle": "add JUnit tests for add-flashcard-to-group commands",
            "messageBody": "",
            "insertions": 91,
            "deletions": 34
          },
          {
            "hash": "ba4d6bf44f499ba831f1db30d64afeae04fb3127",
            "messageTitle": "add JUnit tests for GroupFactory and add-flashcard-to-group commands",
            "messageBody": "",
            "insertions": 99,
            "deletions": 9
          }
        ]
      },
      {
        "insertions": 200,
        "deletions": 87,
        "date": "2020-03-10",
        "commitResults": [
          {
            "hash": "f10ae9d317e631c9a452835f06241190e27e8128",
            "messageTitle": "correct some typo and chang the equal method to ordered way",
            "messageBody": "",
            "insertions": 14,
            "deletions": 19
          },
          {
            "hash": "675028bfa42074bdf32ff2091faf3076ff95e06a",
            "messageTitle": "Correct checkstyles",
            "messageBody": "",
            "insertions": 44,
            "deletions": 24
          },
          {
            "hash": "d6a3458ac37b931b1685a93e6b30228688a211b1",
            "messageTitle": "Update add-flashcard-to-group command tests and equal method for flashcard list with sorting.",
            "messageBody": "",
            "insertions": 48,
            "deletions": 21
          },
          {
            "hash": "32b3e71a9a93bd9423ebecc3227fa18a4a6ba835",
            "messageTitle": "Rename local variables",
            "messageBody": "",
            "insertions": 14,
            "deletions": 14
          },
          {
            "hash": "daa40b106855af5742a4fa7c39ea393fed97faf2",
            "messageTitle": "update parseTest for checking group commands and add-flashcard-to-group commands",
            "messageBody": "",
            "insertions": 76,
            "deletions": 5
          },
          {
            "hash": "f254c858f1b5750bd4a558a2d5db64cb83e16e7f",
            "messageTitle": "correct checkstyle",
            "messageBody": "",
            "insertions": 4,
            "deletions": 4
          }
        ]
      },
      {
        "insertions": 63,
        "deletions": 26,
        "date": "2020-03-15",
        "commitResults": [
          {
            "hash": "67510484859b2422177db8959e912c589b090371",
            "messageTitle": "add logging to commands",
            "messageBody": "",
            "insertions": 23,
            "deletions": 0
          },
          {
            "hash": "1165a94f0f9d1519cacfddb83b3fa9fd41cfb626",
            "messageTitle": "update help message",
            "messageBody": "",
            "insertions": 24,
            "deletions": 10
          },
          {
            "hash": "b7a487aed49a3cc029eeb0c841d79b9614e2fb28",
            "messageTitle": "add spaces to pass checkstyle",
            "messageBody": "",
            "insertions": 8,
            "deletions": 8
          },
          {
            "hash": "5802f98687a2f3c8c51e212c8c94902296386fa7",
            "messageTitle": "update expected.txt",
            "messageBody": "",
            "insertions": 1,
            "deletions": 1
          },
          {
            "hash": "bf285d45a90c69cbde63e143320fdcbd917094c2",
            "messageTitle": "improve the logging messages for consistency",
            "messageBody": "",
            "insertions": 7,
            "deletions": 7
          }
        ]
      },
      {
        "insertions": 36,
        "deletions": 13,
        "date": "2020-03-16",
        "commitResults": [
          {
            "hash": "53fc54f94b117c26953ad18c0f152f067bd0f4ed",
            "messageTitle": "add few more assertions and handle some exceptions when argument(s) are missing in some commands",
            "messageBody": "",
            "insertions": 22,
            "deletions": 5
          },
          {
            "hash": "aabd3085f180457bcb04333067c3662aa778b451",
            "messageTitle": "change the assertion about dates",
            "messageBody": "",
            "insertions": 2,
            "deletions": 2
          },
          {
            "hash": "ba4dffe97849fe9e6817bdc5e894979140c30a24",
            "messageTitle": "add logging messages for catch blocks",
            "messageBody": "",
            "insertions": 11,
            "deletions": 3
          },
          {
            "hash": "067e2a1826aa1c3512784c38733fd24ac1c1fc15",
            "messageTitle": "delete assertions for dates",
            "messageBody": "",
            "insertions": 0,
            "deletions": 2
          },
          {
            "hash": "b56b30935732c4a8540fe7f4ec44e9fc9af1fa02",
            "messageTitle": "update forbuild.gradle for version 1.1",
            "messageBody": "",
            "insertions": 1,
            "deletions": 1
          }
        ]
      },
      {
        "insertions": 3,
        "deletions": 2,
        "date": "2020-03-21",
        "commitResults": [
          {
            "hash": "eb830561196d572e3a66c25a2d6f7a0caba8c17a",
            "messageTitle": "add confirmation message for delete command",
            "messageBody": "",
            "insertions": 3,
            "deletions": 2
          }
        ]
      },
      {
        "insertions": 222,
        "deletions": 49,
        "date": "2020-03-22",
        "commitResults": [
          {
            "hash": "72456c498155f31a170191e7e60cd1ebb8d67b06",
            "messageTitle": "add random command",
            "messageBody": "",
            "insertions": 59,
            "deletions": 0
          },
          {
            "hash": "e5132d0551a4368059b74f6fbc4d2ce92bf8eee0",
            "messageTitle": "update the message shown to the user and do some refactors",
            "messageBody": "",
            "insertions": 60,
            "deletions": 9
          },
          {
            "hash": "d3e83b9337d4264a1fe3a16cfc19c1f9e8181fe4",
            "messageTitle": "add some logging messages",
            "messageBody": "",
            "insertions": 4,
            "deletions": 8
          },
          {
            "hash": "825e6dbbb98635477444d518ec0fd2d2aa83020b",
            "messageTitle": "delete an extra newline",
            "messageBody": "",
            "insertions": 0,
            "deletions": 1
          },
          {
            "hash": "bc42149408f920d3260667051c895c20f44a1616",
            "messageTitle": "add whitespaces",
            "messageBody": "",
            "insertions": 4,
            "deletions": 5
          },
          {
            "hash": "bfe68980f72ec3accd57aa34aa138a53b3739aa3",
            "messageTitle": "add javadoc",
            "messageBody": "",
            "insertions": 11,
            "deletions": 5
          },
          {
            "hash": "2cd492018f6603e82ed9f41a67cf30bbee53e057",
            "messageTitle": "delete extra newline",
            "messageBody": "",
            "insertions": 0,
            "deletions": 1
          },
          {
            "hash": "8b26eea52776aaaf760da4d5a9da32c1ac531a8f",
            "messageTitle": "abstract a comfirmation message method for flashcard deletion to ui",
            "messageBody": "",
            "insertions": 19,
            "deletions": 7
          },
          {
            "hash": "ebb885d34c320e13fec5ad32ef60ba6b93682b69",
            "messageTitle": "update constuctor parameters in tests",
            "messageBody": "",
            "insertions": 8,
            "deletions": 6
          },
          {
            "hash": "2540e20238e9a68b3606ceaa6200dffd914b9d24",
            "messageTitle": "add reset command",
            "messageBody": "",
            "insertions": 49,
            "deletions": 0
          },
          {
            "hash": "20cc091c14fa8bea154286bce819c8b38e3dd883",
            "messageTitle": "rename reset command",
            "messageBody": "",
            "insertions": 8,
            "deletions": 7
          }
        ]
      },
      {
        "insertions": 1,
        "deletions": 1,
        "date": "2020-03-23",
        "commitResults": [
          {
            "hash": "7dd62fe525b1bcdbb196f44ef53a30af7510bdc4",
            "messageTitle": "correct indentation",
            "messageBody": "",
            "insertions": 1,
            "deletions": 1
          }
        ]
      },
      {
        "insertions": 237,
        "deletions": 6,
        "date": "2020-03-24",
        "commitResults": [
          {
            "hash": "7b636904c494d488cc79468be6cf14c9be2a3118",
            "messageTitle": "add JUnit test for random and resetReviewed commands",
            "messageBody": "",
            "insertions": 194,
            "deletions": 1
          },
          {
            "hash": "2799f2df4d5719442247ea47b417d0ca7f8f2e4b",
            "messageTitle": "add whitespaces",
            "messageBody": "",
            "insertions": 2,
            "deletions": 2
          },
          {
            "hash": "85bb8dffbace799c94aa5655ae51564f81fd1817",
            "messageTitle": "add javadoc for setup()",
            "messageBody": "",
            "insertions": 7,
            "deletions": 1
          },
          {
            "hash": "844ef4288afea7ac2af8d0b9a3101ddcd9a47aa5",
            "messageTitle": "avoid magic number",
            "messageBody": "",
            "insertions": 5,
            "deletions": 1
          },
          {
            "hash": "2bb53cb908fea6374855b661d0703566432a4f59",
            "messageTitle": "add random review feature in DG",
            "messageBody": "",
            "insertions": 29,
            "deletions": 1
          }
        ]
      },
      {
        "insertions": 6,
        "deletions": 1,
        "date": "2020-03-29",
        "commitResults": [
          {
            "hash": "4b0cc0ecf9ca57f9dcc8b0db9b56eaeb0f86d8ad",
            "messageTitle": "update the randomized review feature in UG",
            "messageBody": "",
            "insertions": 6,
            "deletions": 1
          }
        ]
      },
      {
        "insertions": 20,
        "deletions": 3,
        "date": "2020-03-30",
        "commitResults": [
          {
            "hash": "94e242788ec8c5f434636f2e83594b828cda16fe",
            "messageTitle": "add ui component to DG",
            "messageBody": "",
            "insertions": 16,
            "deletions": 1
          },
          {
            "hash": "e18b6260e72859d5dddb093844d0b12107ba5a28",
            "messageTitle": "separate `yes` and `no` in different line",
            "messageBody": "",
            "insertions": 4,
            "deletions": 2
          }
        ]
      },
      {
        "insertions": 150,
        "deletions": 9,
        "date": "2020-04-07",
        "commitResults": [
          {
            "hash": "41cf7aa20bf18a4bcf10fe6cecbcd3456db7e5af",
            "messageTitle": "fix the bugs of random commands",
            "messageBody": "",
            "insertions": 40,
            "deletions": 9
          },
          {
            "hash": "7c26a30db77ce9b5da841a359333449bc6c8feb4",
            "messageTitle": "update project portfolio page",
            "messageBody": "",
            "insertions": 110,
            "deletions": 0
          }
        ]
      },
      {
        "insertions": 1,
        "deletions": 1,
        "date": "2020-04-09",
        "commitResults": [
          {
            "hash": "0a83b2febd932272a9549525932e9184fbd3e4bf",
            "messageTitle": "rephrase the reentering message",
            "messageBody": "",
            "insertions": 1,
            "deletions": 1
          }
        ]
      }
    ],
    "quinnyyy": [
      {
        "insertions": 1,
        "deletions": 1,
        "date": "2020-03-03",
        "commitResults": [
          {
            "hash": "53ba75cb46a68be87141ba25c626ee44f8a86c27",
            "messageTitle": "Add name and GitHub link to AboutUs",
            "messageBody": "",
            "insertions": 1,
            "deletions": 1
          }
        ]
      },
      {
        "insertions": 387,
        "deletions": 53,
        "date": "2020-03-05",
        "commitResults": [
          {
            "hash": "06634fa14acb24cc9a5ba5b5ddf1f0d9ee122898",
            "messageTitle": "Implement basic event, person, other flashcards. Set up dummy UI to test creation and display of flashcards",
            "messageBody": "",
            "insertions": 260,
            "deletions": 21
          },
          {
            "hash": "085d0616d6eebe64b54608e9d7ef8c9b8941449f",
            "messageTitle": "Change Ui to be parameter for createFlashcard methods. Add basic comments",
            "messageBody": "",
            "insertions": 94,
            "deletions": 12
          },
          {
            "hash": "1f7a22cbe6b51e520f2808737a030b60269914c7",
            "messageTitle": "Set up textUI testing",
            "messageBody": "",
            "insertions": 33,
            "deletions": 20
          }
        ]
      },
      {
        "insertions": 724,
        "deletions": 111,
        "date": "2020-03-08",
        "commitResults": [
          {
            "hash": "63a04287c2e05471ccc989b0baa2c2b6f4b0c02d",
            "messageTitle": "Add *FlashcardCommand tests and FlashCardFactory test",
            "messageBody": "",
            "insertions": 331,
            "deletions": 3
          },
          {
            "hash": "2bcc18570d22fc640442f7979e49cf8eb58e2f8c",
            "messageTitle": "Comply with checkstyle standards",
            "messageBody": "",
            "insertions": 10,
            "deletions": 10
          },
          {
            "hash": "32e673d62989dd5e5ba898281c30558f20e99566",
            "messageTitle": "Comply with checkstyleTest",
            "messageBody": "",
            "insertions": 22,
            "deletions": 15
          },
          {
            "hash": "a4529b764788b46afa7ceab2218a5d61142dd9a0",
            "messageTitle": "Add timeline functionality and fix broken tests",
            "messageBody": "",
            "insertions": 262,
            "deletions": 53
          },
          {
            "hash": "78eeeae58c6ad36c4cdb1459fae8c41c10b72328",
            "messageTitle": "Add tests for parseDate",
            "messageBody": "",
            "insertions": 63,
            "deletions": 3
          },
          {
            "hash": "4fd1ac9cec5c4580fd318688442d8f543152db6b",
            "messageTitle": "Update toString to format dates",
            "messageBody": "",
            "insertions": 36,
            "deletions": 27
          }
        ]
      },
      {
        "insertions": 72,
        "deletions": 8,
        "date": "2020-03-09",
        "commitResults": [
          {
            "hash": "775f8977da9a2dd6c6766c9d1e52ac457b6a4ecd",
            "messageTitle": "Update textui test",
            "messageBody": "",
            "insertions": 10,
            "deletions": 2
          },
          {
            "hash": "76fb1bdd276e26d5b8daea45f322d9ea80798e11",
            "messageTitle": "Use List interface instead of ArrayList",
            "messageBody": "",
            "insertions": 3,
            "deletions": 2
          },
          {
            "hash": "831441828520daecbe423f898b9adfc5385eb12f",
            "messageTitle": "Fix merge conflict I forgot about",
            "messageBody": "",
            "insertions": 0,
            "deletions": 3
          },
          {
            "hash": "3402064f821c014af6f8c0bef925fe9bbe578c5d",
            "messageTitle": "Add TimelineCommandTest",
            "messageBody": "",
            "insertions": 59,
            "deletions": 0
          },
          {
            "hash": "1d48f58736ea2c32bce6b8fd2cc2f9a35fd52d45",
            "messageTitle": "Remove unused import",
            "messageBody": "",
            "insertions": 0,
            "deletions": 1
          }
        ]
      },
      {
        "insertions": 4,
        "deletions": 3,
        "date": "2020-03-10",
        "commitResults": [
          {
            "hash": "bc5d560452356df1a6490486490d34401341412b",
            "messageTitle": "Use Locale.US when specifying date format to avoid inconsistencies in the textUI testing",
            "messageBody": "",
            "insertions": 4,
            "deletions": 3
          }
        ]
      },
      {
        "insertions": 153,
        "deletions": 10,
        "date": "2020-03-14",
        "commitResults": [
          {
            "hash": "ba2193abcec31201177f1b60c935b5e682098fbe",
            "messageTitle": "Add logging to flashcards and groups",
            "messageBody": "",
            "insertions": 125,
            "deletions": 3
          },
          {
            "hash": "8c10856d4dddefc76812b1dd3e74a3abf3cc2309",
            "messageTitle": "Fix bug where user can add the same flashcard to a group twice.",
            "messageBody": "",
            "insertions": 26,
            "deletions": 1
          },
          {
            "hash": "e10ccbe336e9a433b6d4f9a7f59e7bf7feeed866",
            "messageTitle": "Change FlashcardFactory to only log unknown flashcard and log to same file as other Flashcard logging",
            "messageBody": "",
            "insertions": 2,
            "deletions": 6
          }
        ]
      },
      {
        "insertions": 1,
        "deletions": 0,
        "date": "2020-03-16",
        "commitResults": [
          {
            "hash": "6a185ff3572336d84d2563fca42ac20495eb4d89",
            "messageTitle": "Add assertion to FlashcardList.contains()",
            "messageBody": "",
            "insertions": 1,
            "deletions": 0
          }
        ]
      },
      {
        "insertions": 281,
        "deletions": 64,
        "date": "2020-03-21",
        "commitResults": [
          {
            "hash": "c99881c540f7f9a13aa1feed7ce5b1847c528039",
            "messageTitle": "Create storage class and savable interface",
            "messageBody": "",
            "insertions": 65,
            "deletions": 0
          },
          {
            "hash": "ff5d362c311f8640a827ca3031ced839bd966c7c",
            "messageTitle": "Add ModifyingCommand abstract class",
            "messageBody": "",
            "insertions": 81,
            "deletions": 18
          },
          {
            "hash": "d861fc045e9220899e3b49e4eb063fe0146515bb",
            "messageTitle": "Implement saving to JSON in execution of flashcard creation and reviewing/priority setting commands. Still need to implement for AddFlashcardToGroup and Delete",
            "messageBody": "",
            "insertions": 58,
            "deletions": 18
          },
          {
            "hash": "843a971637f42aadcf2e07eeeedfbb0d657324b3",
            "messageTitle": "Implement deletion on disk and add some ui messages for deletion",
            "messageBody": "",
            "insertions": 38,
            "deletions": 0
          },
          {
            "hash": "b22f5b358199f15ebafa9b4db5c0ea937639fd2a",
            "messageTitle": "Implement saving for AddFlashcardToGroupCommand. Refactor adding flashcard to group to be more modular.",
            "messageBody": "",
            "insertions": 39,
            "deletions": 28
          }
        ]
      },
      {
        "insertions": 411,
        "deletions": 253,
        "date": "2020-03-30",
        "commitResults": [
          {
            "hash": "0e1cdcfba22a7a1588185c908e5c6bfaa5f84a49",
            "messageTitle": "Rework Commands to return a CommandFeedback object. Update tests",
            "messageBody": "",
            "insertions": 4,
            "deletions": 0
          },
          {
            "hash": "187acc61b1fd11e34bcabaddf773e58de23febb8",
            "messageTitle": "Messed up last commit",
            "messageBody": "",
            "insertions": 234,
            "deletions": 115
          },
          {
            "hash": "bfcf4e34022da0cc52bc842a3fd4fb38a9c697dc",
            "messageTitle": "Clean up unused UIs",
            "messageBody": "",
            "insertions": 33,
            "deletions": 70
          },
          {
            "hash": "aae0ca5748e1bb8e42beae60d2fab916a1903ec8",
            "messageTitle": "Fix all the tests",
            "messageBody": "",
            "insertions": 19,
            "deletions": 9
          },
          {
            "hash": "59ee09f0c69a9b15109cc681b9889855a242cfef",
            "messageTitle": "Fix checkstyle",
            "messageBody": "",
            "insertions": 28,
            "deletions": 16
          },
          {
            "hash": "661da704a393bf795b0c2809e869d7c9b829c99c",
            "messageTitle": "Update textUI and clean some other stuff up",
            "messageBody": "",
            "insertions": 93,
            "deletions": 43
          }
        ]
      },
      {
        "insertions": 31,
        "deletions": 3,
        "date": "2020-03-31",
        "commitResults": [
          {
            "hash": "401074f487dd57106c8d94cee984c203d9ac719a",
            "messageTitle": "Change flashcards and groups to save to separate folders",
            "messageBody": "",
            "insertions": 31,
            "deletions": 3
          }
        ]
      },
      {
        "insertions": 62,
        "deletions": 2,
        "date": "2020-04-09",
        "commitResults": [
          {
            "hash": "62efe98e50b82bd64d7a74c28d3d7507d9eceb6b",
            "messageTitle": "Update stuff for loading",
            "messageBody": "",
            "insertions": 62,
            "deletions": 2
          }
        ]
      },
      {
        "insertions": 104,
        "deletions": 74,
        "date": "2020-04-10",
        "commitResults": [
          {
            "hash": "3f7ca87104d77bc00400f9d03b6ac4df4d6cc289",
            "messageTitle": "Add loading",
            "messageBody": "",
            "insertions": 100,
            "deletions": 54
          },
          {
            "hash": "6e7bad8aa7a5f85a876fce672a766b260ef5ee54",
            "messageTitle": "Fix checkstyle",
            "messageBody": "",
            "insertions": 2,
            "deletions": 2
          },
          {
            "hash": "521ff84f05bd6af1e298cb750de953e959bd379c",
            "messageTitle": "Get rid of unused variables",
            "messageBody": "",
            "insertions": 0,
            "deletions": 6
          },
          {
            "hash": "cc514d8d48203b8e0daac31b5730a1242cd1ba74",
            "messageTitle": "Remove delete failed to disk message so CI pass",
            "messageBody": "",
            "insertions": 2,
            "deletions": 7
          },
          {
            "hash": "8e2d41f9a1e5ca7f2ae351b6ddd99a41c38582be",
            "messageTitle": "Remove unused imports",
            "messageBody": "",
            "insertions": 0,
            "deletions": 5
          }
        ]
      }
    ],
    "g-lilian": [
      {
        "insertions": 1,
        "deletions": 1,
        "date": "2020-03-03",
        "commitResults": [
          {
            "hash": "b24922ffe3c8e5b96c24fb1e5c79e6b788f6146f",
            "messageTitle": "Update AboutUs.md",
            "messageBody": "",
            "insertions": 1,
            "deletions": 1
          }
        ]
      },
      {
        "insertions": 222,
        "deletions": 22,
        "date": "2020-03-07",
        "commitResults": [
          {
            "hash": "bd5e214d5c8e51026d89c6bc20a7835ff302150c",
            "messageTitle": "Implement ShowCommand",
            "messageBody": "",
            "insertions": 51,
            "deletions": 3
          },
          {
            "hash": "0aea050703a68284598c0d272f204b1951f30108",
            "messageTitle": "Implement ReviewedCommand",
            "messageBody": "Users can mark a flashcard as reviewed by inputting reviewed [index]. The review status is displayed beside the flashcard name when \u0027list\u0027 command is called.\n",
            "insertions": 67,
            "deletions": 1
          },
          {
            "hash": "8950529b7f358e9f731deaa42c307150f4919a8c",
            "messageTitle": "Implement PriorityCommand",
            "messageBody": "Users can now set the priority of a task using priority [taskIdx] [priorityLevel]. Exception handling has not been fully implemented for this.\n",
            "insertions": 85,
            "deletions": 2
          },
          {
            "hash": "edbbf0636a24a9908f7b111755ae5533ebf82234",
            "messageTitle": "Refactor ShowCommand and ReviewedCommand",
            "messageBody": "Small adjustments to make code more readable and organized.\n",
            "insertions": 19,
            "deletions": 16
          }
        ]
      },
      {
        "insertions": 84,
        "deletions": 40,
        "date": "2020-03-09",
        "commitResults": [
          {
            "hash": "ec7c228734ee7080c20e1a8fdcc5e6ecc83aaacf",
            "messageTitle": "Refactor priorityLevel, ShowCommand and add comments",
            "messageBody": "Made priorityLevel an enum with HIGH, MEDIUM, LOW and DEFAULT (not indicated) options. Added Javadoc comments to some command classes.\n",
            "insertions": 38,
            "deletions": 21
          },
          {
            "hash": "99e0a6cc7ccd07195c689519cc33f59917241f05",
            "messageTitle": "Refactor to pass checkstyle",
            "messageBody": "",
            "insertions": 39,
            "deletions": 16
          },
          {
            "hash": "4976e461cc8b9667a0b65d1833c3a6de2f50fbb5",
            "messageTitle": "Refactor to pass checkstyle",
            "messageBody": "",
            "insertions": 3,
            "deletions": 3
          },
          {
            "hash": "ca58832c50f85a744e3396e9ec0c3cc7949f9cfe",
            "messageTitle": "Edit text-ui-test",
            "messageBody": "Edited to include Show, Priority, and Reviewed commands.\n",
            "insertions": 4,
            "deletions": 0
          }
        ]
      },
      {
        "insertions": 211,
        "deletions": 4,
        "date": "2020-03-10",
        "commitResults": [
          {
            "hash": "b9637d375d50a9307491874e9e68fe1464740abc",
            "messageTitle": "Add JUnit tests for ReviewedCommand, ShowCommand and PriorityCommand",
            "messageBody": "",
            "insertions": 204,
            "deletions": 1
          },
          {
            "hash": "a4c928eaa5c65a779eba9bca1ed07496fd547e49",
            "messageTitle": "Refactor to pass checkstyle",
            "messageBody": "",
            "insertions": 7,
            "deletions": 3
          }
        ]
      },
      {
        "insertions": 191,
        "deletions": 23,
        "date": "2020-03-12",
        "commitResults": [
          {
            "hash": "6240e85aa5eb94420e4a23e8f32c86e0caf8afab",
            "messageTitle": "Fix assertion error for ListCommand",
            "messageBody": "Instantiated new flashcardList in PriorityCommand to avoid changing FULL_FLASHCARD_LIST in ListCommand.\n",
            "insertions": 15,
            "deletions": 7
          },
          {
            "hash": "326bc82685b773966bca2448cf8c417b840ed002",
            "messageTitle": "Fix assertion error for ListCommand again",
            "messageBody": "Created new flashcardList in ReviewedCommand as well, instead of using FULL_FLASHCARD_LIST.\n",
            "insertions": 10,
            "deletions": 2
          },
          {
            "hash": "5ff18588d2ce6eccdb556f7b5705f6e83c146af2",
            "messageTitle": "Try to fix assertion error in ListCommand",
            "messageBody": "Replaced FULL_FLASHCARD_LIST constant with newly initialized list.\n",
            "insertions": 10,
            "deletions": 2
          },
          {
            "hash": "9f6f5af1f6eb001c692ba274021112d5a6eff2e4",
            "messageTitle": "Update ParserTest for Show, Reviewed, and Priority commands",
            "messageBody": "",
            "insertions": 134,
            "deletions": 6
          },
          {
            "hash": "2103e83c86ee8a51b274b266254328422851fcc0",
            "messageTitle": "Fix to pass checkstyle",
            "messageBody": "",
            "insertions": 1,
            "deletions": 0
          },
          {
            "hash": "9c1c88c985b5d2d598d6ccee791c2b37b9be8fab",
            "messageTitle": "Implement exception handling for invalid enum in PriorityCommand",
            "messageBody": "Parser now throws an InvalidInputFormatException if the user enters any priority other than the 4 enum values (HIGH, MEDIUM, LOW, DEFAULT).\n",
            "insertions": 20,
            "deletions": 1
          },
          {
            "hash": "fa74120ed83b45dabc2d058ee441292401a2f317",
            "messageTitle": "Fix PriorityCommand to pass checkstyle",
            "messageBody": "Minor fix to remove unused imports and changed thrown exception to be consistent with PriorityCommandTest.\n",
            "insertions": 1,
            "deletions": 5
          }
        ]
      },
      {
        "insertions": 54,
        "deletions": 6,
        "date": "2020-03-14",
        "commitResults": [
          {
            "hash": "1a6ac54d9cb8daf4dead341083c858163cbcfaa2",
            "messageTitle": "Remove constants from Priority and ReviewedCommandTest",
            "messageBody": "Removed constants in order to fix assertion error caused by constants being changed across different test classes.\n",
            "insertions": 54,
            "deletions": 6
          }
        ]
      },
      {
        "insertions": 81,
        "deletions": 0,
        "date": "2020-03-15",
        "commitResults": [
          {
            "hash": "8f155a473f14009f4b4a49b4a9b6836cf368628f",
            "messageTitle": "Add assertions to commands, group and flashcards folder",
            "messageBody": "",
            "insertions": 38,
            "deletions": 0
          },
          {
            "hash": "4903ba4b4228d816a71124c15f4f4ebc191d499d",
            "messageTitle": "Include more assertions and remove logs from commit",
            "messageBody": "",
            "insertions": 15,
            "deletions": 0
          },
          {
            "hash": "1d74bc0724df0fa15926927ce9d2298d30f22a15",
            "messageTitle": "Include more assertions",
            "messageBody": "",
            "insertions": 15,
            "deletions": 0
          },
          {
            "hash": "f9ddc0eaba18ffd1432488c6c88a60379f034976",
            "messageTitle": "Add Javadoc comments to fix checkstyle",
            "messageBody": "Added comments to HelpCommand and FlashcardFactory\n",
            "insertions": 13,
            "deletions": 0
          }
        ]
      },
      {
        "insertions": 20,
        "deletions": 20,
        "date": "2020-03-17",
        "commitResults": [
          {
            "hash": "719905d0f21eca26bc7eed030dab18fc4bdbc2ea",
            "messageTitle": "Edit logger messages",
            "messageBody": "Minor changes to logger messages to make them clearer, added periods.\n",
            "insertions": 20,
            "deletions": 20
          }
        ]
      },
      {
        "insertions": 78,
        "deletions": 1,
        "date": "2020-03-20",
        "commitResults": [
          {
            "hash": "bce95a916dde1835ed86cf927e010920bf70ba03",
            "messageTitle": "Implement ShowGroupsCommand",
            "messageBody": "Allow users to use \"showgroups\" to list all existing groups.\n",
            "insertions": 75,
            "deletions": 0
          },
          {
            "hash": "fe85731197a0185ec2ae589025924e33c555a5dd",
            "messageTitle": "Update text-ui-test for ShowGroupsCommand",
            "messageBody": "",
            "insertions": 3,
            "deletions": 1
          }
        ]
      },
      {
        "insertions": 227,
        "deletions": 43,
        "date": "2020-03-21",
        "commitResults": [
          {
            "hash": "e3a5d704bd68e81869d32b92cfbb936e627f1a16",
            "messageTitle": "Implement ListGroupCommand",
            "messageBody": "Users can use \"list-group [groupName]\" to view a list of flashcards in the group.\n",
            "insertions": 110,
            "deletions": 0
          },
          {
            "hash": "9ba2e7094d4495b2f9e398c9f09090b196826531",
            "messageTitle": "Update text-ui-test for ListGroupCommand and handle exceptions",
            "messageBody": "",
            "insertions": 15,
            "deletions": 1
          },
          {
            "hash": "9d7f84082ea587a1d4c08a6e490d02739855e287",
            "messageTitle": "Rename ListGroupsCommand to ListFlashcardsInGroupCommand",
            "messageBody": "",
            "insertions": 13,
            "deletions": 14
          },
          {
            "hash": "76e68cc59c7a8295509bde1038b7af7e8fa1246a",
            "messageTitle": "Modify getFlashcardsInGroup to return using both name and group index",
            "messageBody": "Users can now use either list-group [groupName] or list-group [groupIdx] to show the flashcards in the group.\n",
            "insertions": 28,
            "deletions": 20
          },
          {
            "hash": "f48fc09fd38a420f9729cb8220b1072983c051d7",
            "messageTitle": "Update text-ui-test and fix checkstyle",
            "messageBody": "",
            "insertions": 8,
            "deletions": 4
          },
          {
            "hash": "2013efd0266100cd9b5b0d398f758f7fb7064f4d",
            "messageTitle": "Add getShortDescription method for all flashcards and edit timeline",
            "messageBody": "Timeline now shows only a short description instead of all flashcard details. Easier for user to get an overview of the flashcards.\n",
            "insertions": 53,
            "deletions": 4
          }
        ]
      },
      {
        "insertions": 174,
        "deletions": 52,
        "date": "2020-03-22",
        "commitResults": [
          {
            "hash": "aafe760216ec8dba8c0598c68e172a8ad54d94b4",
            "messageTitle": "Add restricted period feature to timeline",
            "messageBody": "Users can type \"timeline [startdate: DD-MM-YYYY] [enddate: DD-MM-YYYY]\" to restrict timeline listings to this period (inclusive of start and end dates) only.\n",
            "insertions": 65,
            "deletions": 6
          },
          {
            "hash": "13124871d63345a7b7a8d2c3a3e1f4960e801ccf",
            "messageTitle": "Refactor listAllFlashcardsOrdered and add Javadoc comments",
            "messageBody": "",
            "insertions": 39,
            "deletions": 20
          },
          {
            "hash": "fbbe5301523d0341cb8aaa48bda92b29cbad96e0",
            "messageTitle": "Edit text-ui-test for updated TimelineCommand",
            "messageBody": "",
            "insertions": 4,
            "deletions": 0
          },
          {
            "hash": "c04f38a8e9b6b42204ec7f57828479a51ee5ad85",
            "messageTitle": "Refactor to fix checkstyle",
            "messageBody": "",
            "insertions": 3,
            "deletions": 1
          },
          {
            "hash": "3cce9ba57613d67c256f38bc2d7da9eac6f6557a",
            "messageTitle": "Update tests to reflect changes in Ui",
            "messageBody": "",
            "insertions": 23,
            "deletions": 17
          },
          {
            "hash": "ee25f7ccb25bc94317eeb34456a1c2db712ddd51",
            "messageTitle": "Fix text-ui-test icons for reviewed status",
            "messageBody": "",
            "insertions": 1,
            "deletions": 0
          },
          {
            "hash": "c0765ef4ace70058d257e458513392f097ef8b71",
            "messageTitle": "Add invalid timeline date inputs to text-ui-test",
            "messageBody": "",
            "insertions": 2,
            "deletions": 1
          },
          {
            "hash": "42db84a3406ae886deec7920a377fe05315154f1",
            "messageTitle": "Change getShortDescription() to abstract method",
            "messageBody": "",
            "insertions": 1,
            "deletions": 3
          },
          {
            "hash": "9d532ea1667d3157f0774ffa6ab9115041831a14",
            "messageTitle": "Add v1.0 and v2.0 user stories to DG",
            "messageBody": "",
            "insertions": 24,
            "deletions": 2
          },
          {
            "hash": "35b3f391d677133e6d12a6f6b8a7693fab258d45",
            "messageTitle": "Update product scope of DG",
            "messageBody": "",
            "insertions": 12,
            "deletions": 2
          }
        ]
      },
      {
        "insertions": 296,
        "deletions": 4,
        "date": "2020-03-24",
        "commitResults": [
          {
            "hash": "d34e9931a469ebfe37049420a524aa10a11c61f9",
            "messageTitle": "Add set priority feature implementation to DG",
            "messageBody": "",
            "insertions": 31,
            "deletions": 0
          },
          {
            "hash": "8099abd56e1fb1dd2dfafe1b494fe81030bf77be",
            "messageTitle": "Add JUnit tests for ListFlashcardsInGroupCommand and ShowGroupsCommand, update TimelineCommandTest",
            "messageBody": "",
            "insertions": 265,
            "deletions": 4
          }
        ]
      },
      {
        "insertions": 55,
        "deletions": 18,
        "date": "2020-03-27",
        "commitResults": [
          {
            "hash": "496dbbf6f205638a3449fea5329b931740fdf162",
            "messageTitle": "Edit help message",
            "messageBody": "Included all commands thus far and reorganized into categories. Used [] to indicate parameters/arguments.\n",
            "insertions": 55,
            "deletions": 18
          }
        ]
      },
      {
        "insertions": 148,
        "deletions": 42,
        "date": "2020-03-28",
        "commitResults": [
          {
            "hash": "81ce5e490ea529e169f2076cf55d78c0fc4c5246",
            "messageTitle": "Create separate ui function for ListReviewedCommand",
            "messageBody": "Used separate function to make the ui messages more specific to the command, in case it looks like a bug.\n",
            "insertions": 29,
            "deletions": 1
          },
          {
            "hash": "034e74fc380d21abc44fde7a73d16c9d5684b300",
            "messageTitle": "Add confirmation message for study plan updating",
            "messageBody": "",
            "insertions": 8,
            "deletions": 0
          },
          {
            "hash": "5e7364f56ab2b2e91f54960e0e9129ee8939070f",
            "messageTitle": "Update Ui messages to be more accurate",
            "messageBody": "",
            "insertions": 6,
            "deletions": 4
          },
          {
            "hash": "ceeb6cf82f72e47f48454fad8453bd5cf1e82fa0",
            "messageTitle": "Update tests based on changes to Ui",
            "messageBody": "",
            "insertions": 7,
            "deletions": 6
          },
          {
            "hash": "5870050f6615bca66f28915f25f176cd01bbc4ac",
            "messageTitle": "Add latest commands to UG",
            "messageBody": "Added skeleton of latest commands to UG, also modified the command format section to reflect our current input format.\n",
            "insertions": 98,
            "deletions": 31
          }
        ]
      },
      {
        "insertions": 1,
        "deletions": 1,
        "date": "2020-03-29",
        "commitResults": [
          {
            "hash": "6ed10befce54eddf6cb849c5439562f68f4ce301",
            "messageTitle": "Fix link for Developer Guide",
            "messageBody": "",
            "insertions": 1,
            "deletions": 1
          }
        ]
      },
      {
        "insertions": 300,
        "deletions": 7,
        "date": "2020-04-04",
        "commitResults": [
          {
            "hash": "e159ae45bafacb9f9b7a9890750b85b0ff6e7fe5",
            "messageTitle": "Add summary of basic contributions to PPP",
            "messageBody": "",
            "insertions": 88,
            "deletions": 1
          },
          {
            "hash": "6725552dcc90adc3ab6abd69a42cce1e80f58d1b",
            "messageTitle": "Move PPP to correct folder",
            "messageBody": "",
            "insertions": 1,
            "deletions": 1
          },
          {
            "hash": "195ac3f72183e416294acc8d326ab29ac7185f24",
            "messageTitle": "Add group descriptions to show-groups command",
            "messageBody": "",
            "insertions": 3,
            "deletions": 2
          },
          {
            "hash": "563def057496f61114df61ca573bc683d0f66e1e",
            "messageTitle": "Add ListPriorityCommand",
            "messageBody": "User can type \"list-priority PRIORITY_LEVEL\" to list flashcards with a particular pl. Added JUnit test, updated text-ui-test as well.\n",
            "insertions": 206,
            "deletions": 0
          },
          {
            "hash": "6535af181297250e082c5709160eb98f8aea5191",
            "messageTitle": "Fix typo in ListPriorityCommandTest",
            "messageBody": "",
            "insertions": 2,
            "deletions": 3
          }
        ]
      },
      {
        "insertions": 57,
        "deletions": 22,
        "date": "2020-04-08",
        "commitResults": [
          {
            "hash": "4f44a8f4f846ece1b4847e9f0d437e3545e52001",
            "messageTitle": "Rename PPP and update AboutUs",
            "messageBody": "",
            "insertions": 2,
            "deletions": 2
          },
          {
            "hash": "0548f829a1a3b79c2954c915807f3b17ffdd596b",
            "messageTitle": "Add navigator to top of UG",
            "messageBody": "",
            "insertions": 27,
            "deletions": 9
          },
          {
            "hash": "33cb5122d24e84ebd96dcb2341890f736e3f992a",
            "messageTitle": "Add delete-plan and list-priority to UG",
            "messageBody": "",
            "insertions": 18,
            "deletions": 1
          },
          {
            "hash": "2ffb5d9c12e17325f2271ab87da5af40bb076d8e",
            "messageTitle": "Minor fixes to UG",
            "messageBody": "",
            "insertions": 7,
            "deletions": 7
          },
          {
            "hash": "9d6ac5f4c3a3e8b059151c29ff8665f56f4a30af",
            "messageTitle": "Update sequence diagrams",
            "messageBody": "Updated setPriorityLevel sequence diagram and priority feature class diagram\n",
            "insertions": 3,
            "deletions": 3
          }
        ]
      },
      {
        "insertions": 3,
        "deletions": 9,
        "date": "2020-04-09",
        "commitResults": [
          {
            "hash": "1994e5a51916f1abac6904ad2e184bc4b7c11b6f",
            "messageTitle": "Update DG headers",
            "messageBody": "Updated all feature headers to format ####XXX Feature - Proposed Implementation\n",
            "insertions": 3,
            "deletions": 9
          }
        ]
      },
      {
        "insertions": 229,
        "deletions": 105,
        "date": "2020-04-10",
        "commitResults": [
          {
            "hash": "59423a98b3375b88366935c8f61a1938eaf5b78e",
            "messageTitle": "Fix intro format in UG",
            "messageBody": "",
            "insertions": 1,
            "deletions": 2
          },
          {
            "hash": "c0a5a9ec872201083a8fa2fd0952d07db1658ae2",
            "messageTitle": "Update help message",
            "messageBody": "Changed the options for possible date formats, removed square brackets from compulsory parameters, added list-priority command.\n",
            "insertions": 9,
            "deletions": 8
          },
          {
            "hash": "3d840647d4ee101481944231d1ac5d2f79486877",
            "messageTitle": "Fix bug in studyplan deletion message",
            "messageBody": "",
            "insertions": 2,
            "deletions": 2
          },
          {
            "hash": "7c53932f179a87d06219badcf3cfee90596c2d12",
            "messageTitle": "Prevent users from entering start\u003eend date in flashcard creation",
            "messageBody": "",
            "insertions": 14,
            "deletions": 0
          },
          {
            "hash": "200f3b3617d428307c478eb2f32819ebd9c84c95",
            "messageTitle": "Prevent users from entering start\u003eend in timeline",
            "messageBody": "",
            "insertions": 16,
            "deletions": 1
          },
          {
            "hash": "8ab91284943fc3e0659326a3b4c4f34529b7657b",
            "messageTitle": "Fix compilation error",
            "messageBody": "",
            "insertions": 2,
            "deletions": 1
          },
          {
            "hash": "3e04fb85a56d800f824fcf4ae955a850ae737f1a",
            "messageTitle": "Update PPP - Lilian",
            "messageBody": "Copied over UG and DG parts for features I implemented.\n",
            "insertions": 115,
            "deletions": 33
          },
          {
            "hash": "ad8091f24aa28789e16f173dbcfa9b688addfb7e",
            "messageTitle": "Fix study plan methods comments",
            "messageBody": "",
            "insertions": 2,
            "deletions": 2
          },
          {
            "hash": "050e2f98f72d2bb5e2f45aba32e7ecbd5e762160",
            "messageTitle": "Update text-ui-test",
            "messageBody": "",
            "insertions": 17,
            "deletions": 0
          },
          {
            "hash": "6b02b3c2abc2f71800a334670ef0dd84fc28dc8c",
            "messageTitle": "Add hierarchical numbering to UG",
            "messageBody": "",
            "insertions": 36,
            "deletions": 36
          },
          {
            "hash": "bab58dbcad9a21f9dac997570c0dec3adea555de",
            "messageTitle": "Update DG",
            "messageBody": "Updated glossary, included some NFRs, removed Architecture section, added v2.1 user stories. updated headers for appendices.\n",
            "insertions": 15,
            "deletions": 20
          }
        ]
      }
    ]
  },
  "authorFinalContributionMap": {
    "Zhilin-Huang": 3131,
    "sliu107": 1208,
    "quinnyyy": 1630,
    "g-lilian": 1745
  },
  "authorFileTypeContributionMap": {
    "Zhilin-Huang": {
      "docs": 358,
      "functional-code": 1614,
      "test-code": 1075,
      "other": 84
    },
    "sliu107": {
      "docs": 156,
      "functional-code": 587,
      "test-code": 463,
      "other": 2
    },
    "quinnyyy": {
      "docs": 1,
      "functional-code": 1217,
      "test-code": 391,
      "other": 21
    },
    "g-lilian": {
      "docs": 389,
      "functional-code": 724,
      "test-code": 597,
      "other": 35
    }
  },
  "authorContributionVariance": {
    "Zhilin-Huang": 78458.34,
    "sliu107": 13249.957,
    "quinnyyy": 32383.064,
    "g-lilian": 11076.829
  },
  "authorDisplayNameMap": {
    "Zhilin-Huang": "CS2113-T14-1 HUAN..ILIN",
    "sliu107": "CS2113-T14-1 LIU ..IYUE",
    "quinnyyy": "CS2113-T14-1 MEUR..TARO",
    "g-lilian": "CS2113-T14-1 GUO ..LIAN"
  }
}
