{
  "authorDailyContributionsMap": {
    "Zhilin-Huang": [
      {
        "insertions": 3,
        "deletions": 1,
        "date": "2020-03-03",
        "commitResults": [
          {
            "hash": "ef0250a99849a6375ad81766fd5c17342dff04fd",
            "messageTitle": "Update AboutUs.md for Zhilin",
            "messageBody": "",
            "insertions": 3,
            "deletions": 1
          }
        ]
      },
      {
        "insertions": 1007,
        "deletions": 241,
        "date": "2020-03-06",
        "commitResults": [
          {
            "hash": "be8410a9acc37e5b1f26c0c30b0f49bddfc2c3e8",
            "messageTitle": "Implement parser and commands classes",
            "messageBody": "",
            "insertions": 275,
            "deletions": 1
          },
          {
            "hash": "7cdf2ffcbbdfe7724312aa485a194559ff3bb08b",
            "messageTitle": "Implement FlashcardList class and add support for delete and list command",
            "messageBody": "",
            "insertions": 339,
            "deletions": 148
          },
          {
            "hash": "19228ec4802e4fc68d97f932db91d77b7246633a",
            "messageTitle": "Update text UI testing",
            "messageBody": "",
            "insertions": 30,
            "deletions": 1
          },
          {
            "hash": "3b1aaf6e2df5bc2fd2626c5166c0b365a93d0d5a",
            "messageTitle": "Add ParserTest",
            "messageBody": "",
            "insertions": 113,
            "deletions": 1
          },
          {
            "hash": "4f5648d59acf0a42b8d57872d92fbe38d077b43b",
            "messageTitle": "Add JUnit tests for DeleteCommand",
            "messageBody": "",
            "insertions": 148,
            "deletions": 19
          },
          {
            "hash": "28c0fbd8d5eaff324773fba4896ca299a9f3e398",
            "messageTitle": "Change FlashcardList and Ui to fields of Command classes",
            "messageBody": "",
            "insertions": 71,
            "deletions": 42
          },
          {
            "hash": "862ebdf5e0aa3dc9fce0cd72050f52efcf213e43",
            "messageTitle": "Refactor promptUserForDetails() to Ui class and rename variables",
            "messageBody": "",
            "insertions": 29,
            "deletions": 22
          },
          {
            "hash": "e3f78a5b0ce099b53b33bccb9a8ac10a2f5566e3",
            "messageTitle": "Update Javadoc comments",
            "messageBody": "",
            "insertions": 2,
            "deletions": 7
          }
        ]
      }
    ],
    "sliu107": [
      {
        "insertions": 1,
        "deletions": 1,
        "date": "2020-03-03",
        "commitResults": [
          {
            "hash": "c81ae258e3eb4cbc6f662f560322c3069f13b5ce",
            "messageTitle": "change the fourth name",
            "messageBody": "",
            "insertions": 1,
            "deletions": 1
          }
        ]
      },
      {
        "insertions": 425,
        "deletions": 58,
        "date": "2020-03-08",
        "commitResults": [
          {
            "hash": "49efebd65745c536ae2d98de618a87d73c266267",
            "messageTitle": "Implement flashscardGroup class and support to form groups from exsiting flashcards",
            "messageBody": "",
            "insertions": 206,
            "deletions": 2
          },
          {
            "hash": "5f96b7abc79b4b3a9878d2c090b1f7724e4611ac",
            "messageTitle": "Support for adding a existing flashcard to a existing flashcard group",
            "messageBody": "",
            "insertions": 105,
            "deletions": 2
          },
          {
            "hash": "9bfce893cda560702d503a8a99a8f943be587965",
            "messageTitle": "add help message",
            "messageBody": "",
            "insertions": 49,
            "deletions": 5
          },
          {
            "hash": "623ff2d289d7247ab486616cc47745ace3452eb8",
            "messageTitle": "add help command test class",
            "messageBody": "",
            "insertions": 7,
            "deletions": 0
          },
          {
            "hash": "0c0fb086ed1d897acfc00242116fb390536ac6b7",
            "messageTitle": "add javadoc t o HelpCommandTest class",
            "messageBody": "",
            "insertions": 5,
            "deletions": 0
          },
          {
            "hash": "8cdf2be60677d8f73f77fbf9fa26e2c4c246c7ce",
            "messageTitle": "correct the checkstyle",
            "messageBody": "",
            "insertions": 42,
            "deletions": 32
          },
          {
            "hash": "cc0c2f90313c9cf5c73852c420d1eb07c53d5e1a",
            "messageTitle": "group catch blocks and add spaces between parameters",
            "messageBody": "",
            "insertions": 10,
            "deletions": 16
          },
          {
            "hash": "f0a8f5a7c4b668f0b870b652cb6539bf65976179",
            "messageTitle": "add spaces",
            "messageBody": "",
            "insertions": 1,
            "deletions": 1
          }
        ]
      }
    ],
    "quinnyyy": [
      {
        "insertions": 1,
        "deletions": 1,
        "date": "2020-03-03",
        "commitResults": [
          {
            "hash": "53ba75cb46a68be87141ba25c626ee44f8a86c27",
            "messageTitle": "Add name and GitHub link to AboutUs",
            "messageBody": "",
            "insertions": 1,
            "deletions": 1
          }
        ]
      },
      {
        "insertions": 387,
        "deletions": 53,
        "date": "2020-03-05",
        "commitResults": [
          {
            "hash": "06634fa14acb24cc9a5ba5b5ddf1f0d9ee122898",
            "messageTitle": "Implement basic event, person, other flashcards. Set up dummy UI to test creation and display of flashcards",
            "messageBody": "",
            "insertions": 260,
            "deletions": 21
          },
          {
            "hash": "085d0616d6eebe64b54608e9d7ef8c9b8941449f",
            "messageTitle": "Change Ui to be parameter for createFlashcard methods. Add basic comments",
            "messageBody": "",
            "insertions": 94,
            "deletions": 12
          },
          {
            "hash": "1f7a22cbe6b51e520f2808737a030b60269914c7",
            "messageTitle": "Set up textUI testing",
            "messageBody": "",
            "insertions": 33,
            "deletions": 20
          }
        ]
      },
      {
        "insertions": 363,
        "deletions": 28,
        "date": "2020-03-08",
        "commitResults": [
          {
            "hash": "63a04287c2e05471ccc989b0baa2c2b6f4b0c02d",
            "messageTitle": "Add *FlashcardCommand tests and FlashCardFactory test",
            "messageBody": "",
            "insertions": 331,
            "deletions": 3
          },
          {
            "hash": "2bcc18570d22fc640442f7979e49cf8eb58e2f8c",
            "messageTitle": "Comply with checkstyle standards",
            "messageBody": "",
            "insertions": 10,
            "deletions": 10
          },
          {
            "hash": "32e673d62989dd5e5ba898281c30558f20e99566",
            "messageTitle": "Comply with checkstyleTest",
            "messageBody": "",
            "insertions": 22,
            "deletions": 15
          }
        ]
      }
    ],
    "g-lilian": [
      {
        "insertions": 1,
        "deletions": 1,
        "date": "2020-03-03",
        "commitResults": [
          {
            "hash": "b24922ffe3c8e5b96c24fb1e5c79e6b788f6146f",
            "messageTitle": "Update AboutUs.md",
            "messageBody": "",
            "insertions": 1,
            "deletions": 1
          }
        ]
      }
    ]
  },
  "authorFinalContributionMap": {
    "Zhilin-Huang": 927,
    "sliu107": 371,
    "quinnyyy": 536,
    "g-lilian": 1
  },
  "authorFileTypeContributionMap": {
    "Zhilin-Huang": {
      "java": 894,
      "md": 3,
      "fxml": 0,
      "sh": 0,
      "bat": 0,
      "gradle": 0,
      "txt": 30
    },
    "sliu107": {
      "java": 368,
      "md": 1,
      "fxml": 0,
      "sh": 0,
      "bat": 0,
      "gradle": 0,
      "txt": 2
    },
    "quinnyyy": {
      "java": 524,
      "md": 1,
      "fxml": 0,
      "sh": 0,
      "bat": 0,
      "gradle": 1,
      "txt": 10
    },
    "g-lilian": {
      "java": 0,
      "md": 1,
      "fxml": 0,
      "sh": 0,
      "bat": 0,
      "gradle": 0,
      "txt": 0
    }
  },
  "authorContributionVariance": {
    "Zhilin-Huang": 170197.75,
    "sliu107": 25486.234,
    "quinnyyy": 32468.61,
    "g-lilian": 0.4375
  },
  "authorDisplayNameMap": {
    "Zhilin-Huang": "CS2113-T14-1 HUAN..ILIN",
    "sliu107": "CS2113-T14-1 LIU ..IYUE",
    "quinnyyy": "CS2113-T14-1 MEUR..TARO",
    "g-lilian": "CS2113-T14-1 GUO ..LIAN"
  }
}
