{
  "authorDailyContributionsMap": {
    "matthewc97": [
      {
        "insertions": 1,
        "deletions": 1,
        "date": "2020-03-03",
        "commitResults": [
          {
            "hash": "51ef0ada7f31c32145296d8cf107ed4086a876cf",
            "messageTitle": "Edit AboutUs.md",
            "messageBody": "",
            "insertions": 1,
            "deletions": 1
          }
        ]
      },
      {
        "insertions": 85,
        "deletions": 8,
        "date": "2020-03-10",
        "commitResults": [
          {
            "hash": "ac2c5338f944525c168375a79a0d886f18ee2c2e",
            "messageTitle": "Add schedule meeting function Add JUnit MeetingTest",
            "messageBody": "",
            "insertions": 85,
            "deletions": 8
          }
        ]
      },
      {
        "insertions": 28,
        "deletions": 0,
        "date": "2020-03-12",
        "commitResults": [
          {
            "hash": "365614013e311ccdf832004bb0015a36791e411e",
            "messageTitle": "Add printTimetable",
            "messageBody": "",
            "insertions": 28,
            "deletions": 0
          }
        ]
      },
      {
        "insertions": 40,
        "deletions": 22,
        "date": "2020-03-15",
        "commitResults": [
          {
            "hash": "a3fae4f6c80e46edc1d393c9fc635c0eca82efba",
            "messageTitle": "Add schedule meeting function",
            "messageBody": "",
            "insertions": 34,
            "deletions": 18
          },
          {
            "hash": "a1c4ec849840586885db79d25727a32cb069f315",
            "messageTitle": "Fix merge conflict error",
            "messageBody": "",
            "insertions": 1,
            "deletions": 0
          },
          {
            "hash": "3430aa7a1c5c19ad0dcbc2762eb1c19bdf8e584c",
            "messageTitle": "Fix checkstyle error",
            "messageBody": "",
            "insertions": 1,
            "deletions": 1
          },
          {
            "hash": "4fb150460d187aa64d6ba2fc88f091e103690bc6",
            "messageTitle": "Shorten line",
            "messageBody": "",
            "insertions": 2,
            "deletions": 1
          },
          {
            "hash": "56dccca93b21a2fa66bc7f4ff6269ba4dc43f23b",
            "messageTitle": "Update MeetingTest.java",
            "messageBody": "",
            "insertions": 2,
            "deletions": 2
          }
        ]
      },
      {
        "insertions": 625,
        "deletions": 320,
        "date": "2020-03-16",
        "commitResults": [
          {
            "hash": "c40334ba893508adaca57006200bccfc7552cff3",
            "messageTitle": "Fix schedule meeting bug Fix timetable label (SUN MON ... SAT)",
            "messageBody": "",
            "insertions": 191,
            "deletions": 9
          },
          {
            "hash": "086294b7f9de3f4725bc899e695e6d0433d986f4",
            "messageTitle": "Fix Cl error",
            "messageBody": "",
            "insertions": 71,
            "deletions": 91
          },
          {
            "hash": "6b6dc739c0991b00fa66b22530e56d2592d95d54",
            "messageTitle": "Revert \"Fix Cl error\"",
            "messageBody": "This reverts commit 086294b7f9de3f4725bc899e695e6d0433d986f4.\n",
            "insertions": 91,
            "deletions": 71
          },
          {
            "hash": "2ac7f1c9ca073c4158cab01e54382b1909bf0094",
            "messageTitle": "Fix Cl error",
            "messageBody": "",
            "insertions": 16,
            "deletions": 31
          },
          {
            "hash": "8eb433aa708211397ef93a878c95c59aec900f7b",
            "messageTitle": "Fix WhitespaceAround error",
            "messageBody": "",
            "insertions": 11,
            "deletions": 11
          },
          {
            "hash": "9a7b74bf159d73796a772e45fe67b5c7ba2985f0",
            "messageTitle": "Edit JUnit MeetingTest Handle exceptions",
            "messageBody": "",
            "insertions": 30,
            "deletions": 23
          },
          {
            "hash": "9046bd9836c26e9c7aac2db62ff587a4aa88a96c",
            "messageTitle": "Fix Cl error",
            "messageBody": "",
            "insertions": 4,
            "deletions": 1
          },
          {
            "hash": "126a587daa22ffb1ebdf9974b0a56a138b93512c",
            "messageTitle": "Fix I/O Clean up testing code",
            "messageBody": "",
            "insertions": 209,
            "deletions": 66
          },
          {
            "hash": "60cf5156bdf49ef83961852179666d8e493a4b8a",
            "messageTitle": "Fix Cl error",
            "messageBody": "",
            "insertions": 1,
            "deletions": 16
          },
          {
            "hash": "227f9fdd60f8a61c455386e8ea7ac5eea947990d",
            "messageTitle": "Fix Cl error",
            "messageBody": "",
            "insertions": 1,
            "deletions": 1
          }
        ]
      }
    ],
    "lowxizhi": [
      {
        "insertions": 8,
        "deletions": 2,
        "date": "2020-03-03",
        "commitResults": [
          {
            "hash": "f98339235c679360bed9b4a84a490ae1b693988b",
            "messageTitle": "edit AboutUs lowxizhi",
            "messageBody": "",
            "insertions": 1,
            "deletions": 1
          },
          {
            "hash": "a6393f9a59c07a5ee260ea728533fa86cd055bd6",
            "messageTitle": "add Xi Zhi details in AboutUs.md",
            "messageBody": "",
            "insertions": 7,
            "deletions": 1
          }
        ]
      },
      {
        "insertions": 553,
        "deletions": 113,
        "date": "2020-03-13",
        "commitResults": [
          {
            "hash": "7d1ca34e0afe2cc5f20f18ef3f7887abde4ff3c1",
            "messageTitle": "find common free slots with Schedule Handler",
            "messageBody": "",
            "insertions": 399,
            "deletions": 43
          },
          {
            "hash": "2eaf72d3f8708830d92b5b93c66b74cf24b8cb2f",
            "messageTitle": "add updateFreeBlocks method, store freeBlocks as a private ArrayList in ScheduleHandler",
            "messageBody": "",
            "insertions": 118,
            "deletions": 61
          },
          {
            "hash": "63131d78f1bf5e818f605f48fa6e13ce4d383664",
            "messageTitle": "join first and last free slot if Sunday midnight overlap",
            "messageBody": "",
            "insertions": 36,
            "deletions": 9
          }
        ]
      },
      {
        "insertions": 19,
        "deletions": 37,
        "date": "2020-03-16",
        "commitResults": [
          {
            "hash": "9a28ca79c0707652591538945b9724f982464ece",
            "messageTitle": "correct merge error in updatefreeslot method",
            "messageBody": "",
            "insertions": 19,
            "deletions": 37
          }
        ]
      }
    ],
    "synCKun": [
      {
        "insertions": 2,
        "deletions": 1,
        "date": "2020-03-03",
        "commitResults": [
          {
            "hash": "c6f580267a3049482e673c8da504daff8469c80e",
            "messageTitle": "Add a friendly hello from the friendly ckunkun",
            "messageBody": "",
            "insertions": 1,
            "deletions": 0
          },
          {
            "hash": "9e24d2f38b4e9b31066cbd1323265d640886f83d",
            "messageTitle": "Add ck to AboutUs.md",
            "messageBody": "",
            "insertions": 1,
            "deletions": 1
          }
        ]
      }
    ],
    "MeLoveCarbs": [
      {
        "insertions": 1,
        "deletions": 2,
        "date": "2020-03-03",
        "commitResults": [
          {
            "hash": "754b89e0eda0ec8817dda16b116103261a247510",
            "messageTitle": "[Update] Testing PR workflow with xi zhi",
            "messageBody": "",
            "insertions": 1,
            "deletions": 1
          },
          {
            "hash": "aa9fbbc9ceb8c12c8422cb1c827d8c97fd84adc1",
            "messageTitle": "[Update]Deleted hi-from-ck.txt",
            "messageBody": "",
            "insertions": 0,
            "deletions": 1
          }
        ]
      },
      {
        "insertions": 52,
        "deletions": 3,
        "date": "2020-03-08",
        "commitResults": [
          {
            "hash": "dfa9b658c288792e7c491721b8027c46d35b18c9",
            "messageTitle": "[update] Skeleton code",
            "messageBody": "",
            "insertions": 52,
            "deletions": 3
          }
        ]
      },
      {
        "insertions": 108,
        "deletions": 15,
        "date": "2020-03-09",
        "commitResults": [
          {
            "hash": "30a2f7d3de6e5f9592c22175468b5d93df4196e5",
            "messageTitle": "[Update] updated skeleton code with textUI",
            "messageBody": "",
            "insertions": 68,
            "deletions": 15
          },
          {
            "hash": "57220cd4acf2c4dba0d74c3072c9ae8e70d6d97e",
            "messageTitle": "[update] Added base code for TeamMember class",
            "messageBody": "",
            "insertions": 40,
            "deletions": 0
          }
        ]
      },
      {
        "insertions": 112,
        "deletions": 34,
        "date": "2020-03-12",
        "commitResults": [
          {
            "hash": "b28017f4efdd2c94bd7a5da4120fb6b4e3d9ec94",
            "messageTitle": "[New] code is untested, new add and delete methods in TeamMember class",
            "messageBody": "",
            "insertions": 112,
            "deletions": 34
          }
        ]
      },
      {
        "insertions": 119,
        "deletions": 65,
        "date": "2020-03-13",
        "commitResults": [
          {
            "hash": "a4065614191e03d03c1a97a751ca612fe57b6a77",
            "messageTitle": "[update] Added junit test for add method of TeamMember class, [Fixed] user can now block out more than 24hours",
            "messageBody": "",
            "insertions": 112,
            "deletions": 48
          },
          {
            "hash": "b33faf06e56af822eed9319b95b067b8a903adef",
            "messageTitle": "[Fixed] TeamMember class: getBlocksFromTime() now outputs the conversion from time to blocks correctly",
            "messageBody": "",
            "insertions": 7,
            "deletions": 17
          }
        ]
      },
      {
        "insertions": 265,
        "deletions": 211,
        "date": "2020-03-15",
        "commitResults": [
          {
            "hash": "221d28883dac99afe6488b5a6e04696d7eca3f9b",
            "messageTitle": "[Update] Fix CI error caused by checkstyle",
            "messageBody": "",
            "insertions": 122,
            "deletions": 86
          },
          {
            "hash": "01be80e8857daed1f4156344bb798acb9c0147ad",
            "messageTitle": "[Update] Fixed CI error caused by checktyle, max code length in checkstyle.xml changed to 125",
            "messageBody": "",
            "insertions": 141,
            "deletions": 124
          },
          {
            "hash": "e4103380f77764e42fbc3d8b2a6a6a40210e69ad",
            "messageTitle": "[Fixed] Turned off checkstyle for junit tests temporarily with //CHECKSTYLE:OFF at test/java/TeamMemberTest",
            "messageBody": "",
            "insertions": 1,
            "deletions": 0
          },
          {
            "hash": "7ca21fd25b0e60c0ac554e014a79d73db13feccc",
            "messageTitle": "[Update] Updated IO redirection in /text-ui-test",
            "messageBody": "",
            "insertions": 1,
            "deletions": 1
          }
        ]
      }
    ]
  },
  "authorFinalContributionMap": {
    "matthewc97": 475,
    "lowxizhi": 264,
    "synCKun": 1,
    "MeLoveCarbs": 253
  },
  "authorFileTypeContributionMap": {
    "matthewc97": {
      "java": 473,
      "md": 1,
      "fxml": 0,
      "sh": 0,
      "bat": 0,
      "gradle": 0,
      "txt": 1
    },
    "lowxizhi": {
      "java": 257,
      "md": 7,
      "fxml": 0,
      "sh": 0,
      "bat": 0,
      "gradle": 0,
      "txt": 0
    },
    "synCKun": {
      "java": 0,
      "md": 1,
      "fxml": 0,
      "sh": 0,
      "bat": 0,
      "gradle": 0,
      "txt": 0
    },
    "MeLoveCarbs": {
      "java": 250,
      "md": 1,
      "fxml": 0,
      "sh": 0,
      "bat": 0,
      "gradle": 2,
      "txt": 0
    }
  },
  "authorContributionVariance": {
    "matthewc97": 51656.234,
    "lowxizhi": 25831.438,
    "synCKun": 0.52734375,
    "MeLoveCarbs": 14939.09
  },
  "authorDisplayNameMap": {
    "matthewc97": "CS2113T-T12-1 CHAN..THEW",
    "lowxizhi": "CS2113T-T12-1 LOW .. ZHI",
    "synCKun": "CS2113T-T12-1 WEI .. KUN",
    "MeLoveCarbs": "CS2113T-T12-1 HONG..YANG"
  }
}
