{
  "authorDailyContributionsMap": {
    "matthewc97": [
      {
        "insertions": 1,
        "deletions": 1,
        "date": "2020-03-03",
        "commitResults": [
          {
            "hash": "51ef0ada7f31c32145296d8cf107ed4086a876cf",
            "messageTitle": "Edit AboutUs.md",
            "messageBody": "",
            "insertions": 1,
            "deletions": 1
          }
        ]
      }
    ],
    "lowxizhi": [
      {
        "insertions": 1,
        "deletions": 1,
        "date": "2020-03-03",
        "commitResults": [
          {
            "hash": "f98339235c679360bed9b4a84a490ae1b693988b",
            "messageTitle": "edit AboutUs lowxizhi",
            "messageBody": "",
            "insertions": 1,
            "deletions": 1
          }
        ]
      }
    ],
    "synCKun": [
      {
        "insertions": 2,
        "deletions": 1,
        "date": "2020-03-03",
        "commitResults": [
          {
            "hash": "c6f580267a3049482e673c8da504daff8469c80e",
            "messageTitle": "Add a friendly hello from the friendly ckunkun",
            "messageBody": "",
            "insertions": 1,
            "deletions": 0
          },
          {
            "hash": "9e24d2f38b4e9b31066cbd1323265d640886f83d",
            "messageTitle": "Add ck to AboutUs.md",
            "messageBody": "",
            "insertions": 1,
            "deletions": 1
          }
        ]
      }
    ],
    "MeLoveCarbs": [
      {
        "insertions": 1,
        "deletions": 2,
        "date": "2020-03-03",
        "commitResults": [
          {
            "hash": "754b89e0eda0ec8817dda16b116103261a247510",
            "messageTitle": "[Update] Testing PR workflow with xi zhi",
            "messageBody": "",
            "insertions": 1,
            "deletions": 1
          },
          {
            "hash": "aa9fbbc9ceb8c12c8422cb1c827d8c97fd84adc1",
            "messageTitle": "[Update]Deleted hi-from-ck.txt",
            "messageBody": "",
            "insertions": 0,
            "deletions": 1
          }
        ]
      },
      {
        "insertions": 52,
        "deletions": 3,
        "date": "2020-03-08",
        "commitResults": [
          {
            "hash": "dfa9b658c288792e7c491721b8027c46d35b18c9",
            "messageTitle": "[update] Skeleton code",
            "messageBody": "",
            "insertions": 52,
            "deletions": 3
          }
        ]
      }
    ]
  },
  "authorFinalContributionMap": {
    "matthewc97": 1,
    "lowxizhi": 1,
    "synCKun": 1,
    "MeLoveCarbs": 53
  },
  "authorFileTypeContributionMap": {
    "matthewc97": {
      "java": 0,
      "md": 1,
      "fxml": 0,
      "sh": 0,
      "bat": 0,
      "gradle": 0,
      "txt": 0
    },
    "lowxizhi": {
      "java": 0,
      "md": 1,
      "fxml": 0,
      "sh": 0,
      "bat": 0,
      "gradle": 0,
      "txt": 0
    },
    "synCKun": {
      "java": 0,
      "md": 1,
      "fxml": 0,
      "sh": 0,
      "bat": 0,
      "gradle": 0,
      "txt": 0
    },
    "MeLoveCarbs": {
      "java": 52,
      "md": 1,
      "fxml": 0,
      "sh": 0,
      "bat": 0,
      "gradle": 0,
      "txt": 0
    }
  },
  "authorContributionVariance": {
    "matthewc97": 0.4375,
    "lowxizhi": 0.4375,
    "synCKun": 0.984375,
    "MeLoveCarbs": 326.6875
  },
  "authorDisplayNameMap": {
    "matthewc97": "CS2113T-T12-1 CHAN..THEW",
    "lowxizhi": "CS2113T-T12-1 LOW .. ZHI",
    "synCKun": "CS2113T-T12-1 WEI .. KUN",
    "MeLoveCarbs": "CS2113T-T12-1 HONG..YANG"
  }
}
