{
  "authorDailyContributionsMap": {
    "matthewc97": [
      {
        "insertions": 1,
        "deletions": 1,
        "date": "2020-03-03",
        "commitResults": [
          {
            "hash": "51ef0ada7f31c32145296d8cf107ed4086a876cf",
            "messageTitle": "Edit AboutUs.md",
            "messageBody": "",
            "insertions": 1,
            "deletions": 1
          }
        ]
      },
      {
        "insertions": 85,
        "deletions": 8,
        "date": "2020-03-10",
        "commitResults": [
          {
            "hash": "ac2c5338f944525c168375a79a0d886f18ee2c2e",
            "messageTitle": "Add schedule meeting function Add JUnit MeetingTest",
            "messageBody": "",
            "insertions": 85,
            "deletions": 8
          }
        ]
      },
      {
        "insertions": 28,
        "deletions": 0,
        "date": "2020-03-12",
        "commitResults": [
          {
            "hash": "365614013e311ccdf832004bb0015a36791e411e",
            "messageTitle": "Add printTimetable",
            "messageBody": "",
            "insertions": 28,
            "deletions": 0
          }
        ]
      },
      {
        "insertions": 40,
        "deletions": 22,
        "date": "2020-03-15",
        "commitResults": [
          {
            "hash": "a3fae4f6c80e46edc1d393c9fc635c0eca82efba",
            "messageTitle": "Add schedule meeting function",
            "messageBody": "",
            "insertions": 34,
            "deletions": 18
          },
          {
            "hash": "a1c4ec849840586885db79d25727a32cb069f315",
            "messageTitle": "Fix merge conflict error",
            "messageBody": "",
            "insertions": 1,
            "deletions": 0
          },
          {
            "hash": "3430aa7a1c5c19ad0dcbc2762eb1c19bdf8e584c",
            "messageTitle": "Fix checkstyle error",
            "messageBody": "",
            "insertions": 1,
            "deletions": 1
          },
          {
            "hash": "4fb150460d187aa64d6ba2fc88f091e103690bc6",
            "messageTitle": "Shorten line",
            "messageBody": "",
            "insertions": 2,
            "deletions": 1
          },
          {
            "hash": "56dccca93b21a2fa66bc7f4ff6269ba4dc43f23b",
            "messageTitle": "Update MeetingTest.java",
            "messageBody": "",
            "insertions": 2,
            "deletions": 2
          }
        ]
      },
      {
        "insertions": 625,
        "deletions": 320,
        "date": "2020-03-16",
        "commitResults": [
          {
            "hash": "c40334ba893508adaca57006200bccfc7552cff3",
            "messageTitle": "Fix schedule meeting bug Fix timetable label (SUN MON ... SAT)",
            "messageBody": "",
            "insertions": 191,
            "deletions": 9
          },
          {
            "hash": "086294b7f9de3f4725bc899e695e6d0433d986f4",
            "messageTitle": "Fix Cl error",
            "messageBody": "",
            "insertions": 71,
            "deletions": 91
          },
          {
            "hash": "6b6dc739c0991b00fa66b22530e56d2592d95d54",
            "messageTitle": "Revert \"Fix Cl error\"",
            "messageBody": "This reverts commit 086294b7f9de3f4725bc899e695e6d0433d986f4.\n",
            "insertions": 91,
            "deletions": 71
          },
          {
            "hash": "2ac7f1c9ca073c4158cab01e54382b1909bf0094",
            "messageTitle": "Fix Cl error",
            "messageBody": "",
            "insertions": 16,
            "deletions": 31
          },
          {
            "hash": "8eb433aa708211397ef93a878c95c59aec900f7b",
            "messageTitle": "Fix WhitespaceAround error",
            "messageBody": "",
            "insertions": 11,
            "deletions": 11
          },
          {
            "hash": "9a7b74bf159d73796a772e45fe67b5c7ba2985f0",
            "messageTitle": "Edit JUnit MeetingTest Handle exceptions",
            "messageBody": "",
            "insertions": 30,
            "deletions": 23
          },
          {
            "hash": "9046bd9836c26e9c7aac2db62ff587a4aa88a96c",
            "messageTitle": "Fix Cl error",
            "messageBody": "",
            "insertions": 4,
            "deletions": 1
          },
          {
            "hash": "126a587daa22ffb1ebdf9974b0a56a138b93512c",
            "messageTitle": "Fix I/O Clean up testing code",
            "messageBody": "",
            "insertions": 209,
            "deletions": 66
          },
          {
            "hash": "60cf5156bdf49ef83961852179666d8e493a4b8a",
            "messageTitle": "Fix Cl error",
            "messageBody": "",
            "insertions": 1,
            "deletions": 16
          },
          {
            "hash": "227f9fdd60f8a61c455386e8ea7ac5eea947990d",
            "messageTitle": "Fix Cl error",
            "messageBody": "",
            "insertions": 1,
            "deletions": 1
          }
        ]
      },
      {
        "insertions": 135,
        "deletions": 40,
        "date": "2020-03-26",
        "commitResults": [
          {
            "hash": "32eae7a6bbd65e04f70a07c779e726b70c54fb6f",
            "messageTitle": "Add table of contents for DG",
            "messageBody": "",
            "insertions": 66,
            "deletions": 23
          },
          {
            "hash": "8d83c213028cd3cc599592a6e9f608ceff159114",
            "messageTitle": "Edit UG",
            "messageBody": "",
            "insertions": 69,
            "deletions": 17
          }
        ]
      },
      {
        "insertions": 23,
        "deletions": 13,
        "date": "2020-03-30",
        "commitResults": [
          {
            "hash": "9f7e059432ea69d1865777f28ce8962297df9fa5",
            "messageTitle": "Update README.md",
            "messageBody": "Fix broken link to DG\r\nAdd intro",
            "insertions": 2,
            "deletions": 2
          },
          {
            "hash": "f964352c39cdbdb2b5ea87d0e21d15d047c223b6",
            "messageTitle": "Update UserGuide.md",
            "messageBody": "Fix typo",
            "insertions": 1,
            "deletions": 1
          },
          {
            "hash": "a773bb5fdc900b435611a25f668a43b655906a46",
            "messageTitle": "Add exception for meeting command",
            "messageBody": "",
            "insertions": 20,
            "deletions": 10
          }
        ]
      },
      {
        "insertions": 31,
        "deletions": 12,
        "date": "2020-04-11",
        "commitResults": [
          {
            "hash": "6a393ff8d7d09a36234baa83ed854522dd3d065e",
            "messageTitle": "Add JavaDoc comments for Meeting and MeetingList",
            "messageBody": "",
            "insertions": 7,
            "deletions": 2
          },
          {
            "hash": "59239b7b5ed4b46745873b54ca139af286d5db66",
            "messageTitle": "Edit input for IO",
            "messageBody": "",
            "insertions": 1,
            "deletions": 1
          },
          {
            "hash": "f18d1c6c0701923272078baf0467db23f151bfe9",
            "messageTitle": "Update DeveloperGuide.md",
            "messageBody": "",
            "insertions": 20,
            "deletions": 6
          },
          {
            "hash": "a5e292b1712df39bc2494169d235a8312e7fa8f0",
            "messageTitle": "Update DeveloperGuide.md",
            "messageBody": "",
            "insertions": 3,
            "deletions": 3
          }
        ]
      }
    ],
    "lowxizhi": [
      {
        "insertions": 8,
        "deletions": 2,
        "date": "2020-03-03",
        "commitResults": [
          {
            "hash": "f98339235c679360bed9b4a84a490ae1b693988b",
            "messageTitle": "edit AboutUs lowxizhi",
            "messageBody": "",
            "insertions": 1,
            "deletions": 1
          },
          {
            "hash": "a6393f9a59c07a5ee260ea728533fa86cd055bd6",
            "messageTitle": "add Xi Zhi details in AboutUs.md",
            "messageBody": "",
            "insertions": 7,
            "deletions": 1
          }
        ]
      },
      {
        "insertions": 553,
        "deletions": 113,
        "date": "2020-03-13",
        "commitResults": [
          {
            "hash": "7d1ca34e0afe2cc5f20f18ef3f7887abde4ff3c1",
            "messageTitle": "find common free slots with Schedule Handler",
            "messageBody": "",
            "insertions": 399,
            "deletions": 43
          },
          {
            "hash": "2eaf72d3f8708830d92b5b93c66b74cf24b8cb2f",
            "messageTitle": "add updateFreeBlocks method, store freeBlocks as a private ArrayList in ScheduleHandler",
            "messageBody": "",
            "insertions": 118,
            "deletions": 61
          },
          {
            "hash": "63131d78f1bf5e818f605f48fa6e13ce4d383664",
            "messageTitle": "join first and last free slot if Sunday midnight overlap",
            "messageBody": "",
            "insertions": 36,
            "deletions": 9
          }
        ]
      },
      {
        "insertions": 91,
        "deletions": 44,
        "date": "2020-03-16",
        "commitResults": [
          {
            "hash": "9a28ca79c0707652591538945b9724f982464ece",
            "messageTitle": "correct merge error in updatefreeslot method",
            "messageBody": "",
            "insertions": 19,
            "deletions": 37
          },
          {
            "hash": "010338f2067bdc1d8ef1b7c31fff81beff305735",
            "messageTitle": "add jUnit test for scheduleHandler",
            "messageBody": "",
            "insertions": 72,
            "deletions": 7
          }
        ]
      },
      {
        "insertions": 129,
        "deletions": 93,
        "date": "2020-03-18",
        "commitResults": [
          {
            "hash": "4d5d4f4c7703e4cf517410bbe262caecbd1ef270",
            "messageTitle": "change to one-liner input, add TeamMemberList class",
            "messageBody": "",
            "insertions": 126,
            "deletions": 87
          },
          {
            "hash": "d5de3017e2ba4d3f0ad4fe83cb72a1cd5bf70e15",
            "messageTitle": "fix CI",
            "messageBody": "",
            "insertions": 3,
            "deletions": 6
          }
        ]
      },
      {
        "insertions": 16,
        "deletions": 22,
        "date": "2020-03-22",
        "commitResults": [
          {
            "hash": "f44bd958c675a52c2a1161b8f43bb4148375bc54",
            "messageTitle": "fix NoSuchElementException",
            "messageBody": "",
            "insertions": 3,
            "deletions": 5
          },
          {
            "hash": "aeccf15406c721364392f2ed2d533c7e505ae842",
            "messageTitle": "fix NoSuchElementException",
            "messageBody": "",
            "insertions": 2,
            "deletions": 4
          },
          {
            "hash": "7cf3563495dcb6873d39961ea12cb774f20a618d",
            "messageTitle": "fix NoSuchElementException",
            "messageBody": "",
            "insertions": 5,
            "deletions": 7
          },
          {
            "hash": "27c1a51cc6d77480790747cb735949fb6f1118f1",
            "messageTitle": "fix NoSuchElementException",
            "messageBody": "",
            "insertions": 1,
            "deletions": 2
          },
          {
            "hash": "4f2859c0f03c772243c147e71b18705143cf0184",
            "messageTitle": "fix NoSuchElementException",
            "messageBody": "",
            "insertions": 5,
            "deletions": 4
          }
        ]
      },
      {
        "insertions": 371,
        "deletions": 351,
        "date": "2020-03-24",
        "commitResults": [
          {
            "hash": "b620ae1060563dc70b5e54cadf187b1241ead895",
            "messageTitle": "add display function to show the master schedule of main user + others",
            "messageBody": "",
            "insertions": 140,
            "deletions": 145
          },
          {
            "hash": "7df9721df1480c291d0226284371d12d2d08a015",
            "messageTitle": "fix checkstyle",
            "messageBody": "",
            "insertions": 134,
            "deletions": 135
          },
          {
            "hash": "83fca4dc87e8aadb1142690c7bc0c78e551bc718",
            "messageTitle": "fix expected.txt to pass runtest.sh",
            "messageBody": "",
            "insertions": 1,
            "deletions": 1
          },
          {
            "hash": "703a185b4b084f88d9b2a979764d32d2dcbf3aae",
            "messageTitle": "change isValidMeeting() to account for mainuser schedule only",
            "messageBody": "",
            "insertions": 23,
            "deletions": 20
          },
          {
            "hash": "8710c414ccae14818607306403f4cc960e10f053",
            "messageTitle": "show mainuser schedule only with input display",
            "messageBody": "",
            "insertions": 20,
            "deletions": 16
          },
          {
            "hash": "dd32fae370f65947d601c2976bac621f9944e1d0",
            "messageTitle": "Edit function for existing contacts\u0027 (including mainuser) schedules. Allow blocking and freeing of slots.",
            "messageBody": "",
            "insertions": 46,
            "deletions": 27
          },
          {
            "hash": "fb70843d9efb4ad6826f9a99e0b55e65064ff231",
            "messageTitle": "Fix TeamMemberTest to correct checkstyleTest",
            "messageBody": "",
            "insertions": 7,
            "deletions": 7
          }
        ]
      },
      {
        "insertions": 1,
        "deletions": 1,
        "date": "2020-03-26",
        "commitResults": [
          {
            "hash": "9e126085033684cc80bb7ce47ad16c1759c2b65d",
            "messageTitle": "Update UserGuide.md",
            "messageBody": "",
            "insertions": 1,
            "deletions": 1
          }
        ]
      },
      {
        "insertions": 33,
        "deletions": 8,
        "date": "2020-03-28",
        "commitResults": [
          {
            "hash": "6065641cc730ed8ce5aed633b5db25ea428fbbac",
            "messageTitle": "change \u0027display\u0027 to \u0027timetable\u0027. allow display of timetable of individual contact",
            "messageBody": "",
            "insertions": 32,
            "deletions": 7
          },
          {
            "hash": "fa5d0157a306a8e90e9bb79fc1462a66e0016971",
            "messageTitle": "change EXPECTED.TXT to pass runtest",
            "messageBody": "",
            "insertions": 1,
            "deletions": 1
          }
        ]
      },
      {
        "insertions": 293,
        "deletions": 206,
        "date": "2020-03-29",
        "commitResults": [
          {
            "hash": "8e15a7b43b2fda3d86a85a7c74ae5ee9f9ca5f72",
            "messageTitle": "add customized exception messages for timetable function",
            "messageBody": "",
            "insertions": 54,
            "deletions": 26
          },
          {
            "hash": "78ab3ab3ccb7d6ece327fb852f645aa656c184a4",
            "messageTitle": "restoring git stash",
            "messageBody": "",
            "insertions": 44,
            "deletions": 123
          },
          {
            "hash": "b242a2d9bfbbeffd04f598c27f0c3e67784bf0fe",
            "messageTitle": "refactor commands into command class except for add using link",
            "messageBody": "",
            "insertions": 195,
            "deletions": 57
          }
        ]
      },
      {
        "insertions": 97,
        "deletions": 58,
        "date": "2020-03-30",
        "commitResults": [
          {
            "hash": "97f63bade3368a46700aaf8a8ccd5032303ccfec",
            "messageTitle": "edit DG Design Schedule component",
            "messageBody": "",
            "insertions": 12,
            "deletions": 2
          },
          {
            "hash": "80931331ff5e37be90070f02398ce17f066b294d",
            "messageTitle": "edit DG Design Schedule component",
            "messageBody": "",
            "insertions": 1,
            "deletions": 1
          },
          {
            "hash": "a8a99fcd86b35890f8d7a6b1e3e638d281ebf14d",
            "messageTitle": "add exceptions for contacts, timetable and schedule",
            "messageBody": "",
            "insertions": 84,
            "deletions": 55
          }
        ]
      },
      {
        "insertions": 47,
        "deletions": 55,
        "date": "2020-04-01",
        "commitResults": [
          {
            "hash": "cf851cd9f5209f9ee7b5f1edbf06898124ede205",
            "messageTitle": "Update UserGuide.md",
            "messageBody": "",
            "insertions": 8,
            "deletions": 24
          },
          {
            "hash": "1608fd706f8f8ddae7e07f9f4a811d5cb4caf477",
            "messageTitle": "Update UserGuide.md",
            "messageBody": "",
            "insertions": 24,
            "deletions": 16
          },
          {
            "hash": "8ff74a2b87bf5fcb59f0065e20b541cf8fe1208a",
            "messageTitle": "Update UserGuide.md",
            "messageBody": "",
            "insertions": 1,
            "deletions": 1
          },
          {
            "hash": "6d8a62c204c257782f7f498c36e3b6d636fe9e6b",
            "messageTitle": "Update UserGuide.md",
            "messageBody": "",
            "insertions": 7,
            "deletions": 7
          },
          {
            "hash": "7f0661ddcdfed0b8cf52ca56635d4bdb75bfefd0",
            "messageTitle": "Update UserGuide.md",
            "messageBody": "",
            "insertions": 7,
            "deletions": 7
          }
        ]
      },
      {
        "insertions": 84,
        "deletions": 46,
        "date": "2020-04-02",
        "commitResults": [
          {
            "hash": "b065bd02501bf3294ee0c1974875eed365765c33",
            "messageTitle": "re-structure DG",
            "messageBody": "",
            "insertions": 69,
            "deletions": 36
          },
          {
            "hash": "e475f8cee99b7c421f0e6c61e8615632756f7b4b",
            "messageTitle": "edit DG",
            "messageBody": "",
            "insertions": 15,
            "deletions": 10
          }
        ]
      },
      {
        "insertions": 229,
        "deletions": 349,
        "date": "2020-04-03",
        "commitResults": [
          {
            "hash": "f45cb315fca279039ae86847fa5e1b1fe80df49d",
            "messageTitle": "shift isValidMeeting into meetinglogic.MeetingHandler class",
            "messageBody": "",
            "insertions": 179,
            "deletions": 159
          },
          {
            "hash": "985f04a45fbb31217681193c69e59d6e64c3acb4",
            "messageTitle": "shift isValidMeeting into meetinglogic.MeetingHandler class",
            "messageBody": "",
            "insertions": 9,
            "deletions": 9
          },
          {
            "hash": "006f049b3235b5f3a766a3b2ac6353d411938e1c",
            "messageTitle": "add assertions in ScheduleHandler",
            "messageBody": "",
            "insertions": 21,
            "deletions": 157
          },
          {
            "hash": "b2c95d3082287d914f054105eb8c4242f2a3b21a",
            "messageTitle": "add assertions in ScheduleHandler",
            "messageBody": "",
            "insertions": 7,
            "deletions": 7
          },
          {
            "hash": "cf30cd24ac6417799dd9b9b90f4eacd41d1f2397",
            "messageTitle": "remove testGetTimeFromBlock() from ScheduleHandlerTest",
            "messageBody": "",
            "insertions": 13,
            "deletions": 17
          }
        ]
      },
      {
        "insertions": 315,
        "deletions": 109,
        "date": "2020-04-04",
        "commitResults": [
          {
            "hash": "191a188be7a8ff475d28975b245a0e20a285e832",
            "messageTitle": "add back edit function",
            "messageBody": "",
            "insertions": 81,
            "deletions": 30
          },
          {
            "hash": "b657ab1baaa89559de7fedfa453277a22c9c5af9",
            "messageTitle": "add back edit function",
            "messageBody": "",
            "insertions": 32,
            "deletions": 27
          },
          {
            "hash": "a124f7729aeb1c21210939575f8d8ee020751cbc",
            "messageTitle": "fix Storage bug, meeting_list and members files can be saved properly now",
            "messageBody": "",
            "insertions": 9,
            "deletions": 3
          },
          {
            "hash": "90523e0d187dcad7eb00b506d100456d74601462",
            "messageTitle": "disallow edit over meetings by checking isValidEdit when editing main user, correct logical error in isValidMeeting() in MeetingHandler, add exceptions for edit function",
            "messageBody": "",
            "insertions": 193,
            "deletions": 49
          }
        ]
      },
      {
        "insertions": 533,
        "deletions": 408,
        "date": "2020-04-05",
        "commitResults": [
          {
            "hash": "70bb26acbad41b542e4c21b41ac57b40718ff71b",
            "messageTitle": "edit UG, refactor ScheduleHandler methods",
            "messageBody": "",
            "insertions": 415,
            "deletions": 330
          },
          {
            "hash": "14ad7f2d3efae0cd748b858541d3eae57638341e",
            "messageTitle": "edit UG",
            "messageBody": "",
            "insertions": 52,
            "deletions": 25
          },
          {
            "hash": "28e9c03561d68c2451baee7b36abc8da3c00dc47",
            "messageTitle": "Update UserGuide.md",
            "messageBody": "",
            "insertions": 1,
            "deletions": 1
          },
          {
            "hash": "ce312b9f01f16c4183cc2209d2983f26aee2cd2a",
            "messageTitle": "Update UserGuide.md",
            "messageBody": "",
            "insertions": 1,
            "deletions": 1
          },
          {
            "hash": "562c13b3e5a8680d72327cd1788508ed0cc7deb7",
            "messageTitle": "Update UserGuide.md",
            "messageBody": "",
            "insertions": 2,
            "deletions": 2
          },
          {
            "hash": "619c6b4c87f32546755b6b611ce34b99e929db44",
            "messageTitle": "Update UserGuide.md",
            "messageBody": "",
            "insertions": 2,
            "deletions": 0
          },
          {
            "hash": "02f32ed7854c879f3a9caa0945f78eebfc3c2c00",
            "messageTitle": "Update UserGuide.md",
            "messageBody": "",
            "insertions": 1,
            "deletions": 1
          },
          {
            "hash": "8b68797b52890bbdc0d731880472d95168363e37",
            "messageTitle": "Update UserGuide.md",
            "messageBody": "",
            "insertions": 4,
            "deletions": 1
          },
          {
            "hash": "0f3094d581908266861fb81e1424607a30133bbf",
            "messageTitle": "Update UserGuide.md",
            "messageBody": "",
            "insertions": 2,
            "deletions": 0
          },
          {
            "hash": "c01d94e38771e5471805f5d4b089e6395ca79649",
            "messageTitle": "Update UserGuide.md",
            "messageBody": "",
            "insertions": 2,
            "deletions": 1
          },
          {
            "hash": "79c84b961cdf40bad05d8b1d37a41feb396156c7",
            "messageTitle": "Update UserGuide.md",
            "messageBody": "",
            "insertions": 3,
            "deletions": 2
          },
          {
            "hash": "187e2cb85589acd9442e7b28b1bc9cdafb92a47a",
            "messageTitle": "Update UserGuide.md",
            "messageBody": "",
            "insertions": 10,
            "deletions": 10
          },
          {
            "hash": "2aa25f00589ec6b65d420c20972b616f5097206a",
            "messageTitle": "Update UserGuide.md",
            "messageBody": "",
            "insertions": 8,
            "deletions": 7
          },
          {
            "hash": "3fd7b9faaf066291c405d68a2e5433442948e61c",
            "messageTitle": "Update UserGuide.md",
            "messageBody": "",
            "insertions": 12,
            "deletions": 8
          },
          {
            "hash": "49c31c4237a472bcac6c1b66dcca964abf424cfc",
            "messageTitle": "Update UserGuide.md",
            "messageBody": "",
            "insertions": 11,
            "deletions": 12
          },
          {
            "hash": "f3158d66bc77ad265093c0c8046ffc15763162a1",
            "messageTitle": "Update UserGuide.md",
            "messageBody": "",
            "insertions": 1,
            "deletions": 1
          },
          {
            "hash": "9cff02a00ba69ea990132345ba90d90edd61726e",
            "messageTitle": "Update UserGuide.md",
            "messageBody": "",
            "insertions": 1,
            "deletions": 1
          },
          {
            "hash": "fd3e68e961bbdf32f1f2a870c86ce67bd643bc3f",
            "messageTitle": "Update UserGuide.md",
            "messageBody": "",
            "insertions": 1,
            "deletions": 1
          },
          {
            "hash": "780ef95c6a4a18aa9b61d38717cd406235b7d1c7",
            "messageTitle": "Update UserGuide.md",
            "messageBody": "",
            "insertions": 4,
            "deletions": 4
          }
        ]
      },
      {
        "insertions": 769,
        "deletions": 697,
        "date": "2020-04-09",
        "commitResults": [
          {
            "hash": "6c7a26397b510a174f07d92af001943e6ca02b57",
            "messageTitle": "edit DG, add architecture and schedulelogic diagrams",
            "messageBody": "",
            "insertions": 276,
            "deletions": 9
          },
          {
            "hash": "caad13a0c518ec938bc46b6a00c1463fcc4f3a31",
            "messageTitle": "edit typo in schedulehandler",
            "messageBody": "",
            "insertions": 1,
            "deletions": 1
          },
          {
            "hash": "d8821c02253aee726c7ea056bfd4e21e2825b293",
            "messageTitle": "edit import common.exception in meetinghandler",
            "messageBody": "",
            "insertions": 1,
            "deletions": 1
          },
          {
            "hash": "38ec45230741bece8096586851cd099701f201fb",
            "messageTitle": "edit build.gradle",
            "messageBody": "",
            "insertions": 7,
            "deletions": 7
          },
          {
            "hash": "b731d799b8f9ac0c27040d9da9de398b95fb5637",
            "messageTitle": "move isvalid() methods from schedulehandler to contact",
            "messageBody": "",
            "insertions": 242,
            "deletions": 285
          },
          {
            "hash": "bdde71645893d37500260a1f7c3acfde22c3b09c",
            "messageTitle": "edit schedulehandlertest",
            "messageBody": "",
            "insertions": 0,
            "deletions": 5
          },
          {
            "hash": "cfcc8bc2c69727d3bfb5bb0144acc5f744e1b242",
            "messageTitle": "add DisplayTimetable sequence",
            "messageBody": "",
            "insertions": 50,
            "deletions": 7
          },
          {
            "hash": "c3d2594640abe5f4e5f58c85d8ff6c03fd4c6b84",
            "messageTitle": "add EditContact sequence diagram",
            "messageBody": "",
            "insertions": 42,
            "deletions": 5
          },
          {
            "hash": "33f10ccee66fed2acb786aa550a5dff43170ec57",
            "messageTitle": "add EditContact sequence diagram",
            "messageBody": "",
            "insertions": 5,
            "deletions": 5
          },
          {
            "hash": "7c8fd8383fc68b43341a669f5d1a217cc1d6b00f",
            "messageTitle": "add JavaDocs for Contact and ScheduleHandler",
            "messageBody": "",
            "insertions": 138,
            "deletions": 100
          },
          {
            "hash": "f81de57cca59a81873fcc574887b63770e5f6520",
            "messageTitle": "add JavaDocs for Contact and ScheduleHandler",
            "messageBody": "",
            "insertions": 7,
            "deletions": 272
          }
        ]
      },
      {
        "insertions": 309,
        "deletions": 152,
        "date": "2020-04-10",
        "commitResults": [
          {
            "hash": "a3e17f8961d3895d00d4a00ac92089c8244f8258",
            "messageTitle": "add explanation for editcontact and displaytimetable sequence diagrams, update sequence diagrams",
            "messageBody": "",
            "insertions": 133,
            "deletions": 4
          },
          {
            "hash": "c50e7136f89ec6027203745de9e407142a31850f",
            "messageTitle": "update editcontact uml",
            "messageBody": "",
            "insertions": 26,
            "deletions": 64
          },
          {
            "hash": "cd82ab67480fa486f5ad7bd9719d06f32a0c77c2",
            "messageTitle": "Update DeveloperGuide.md",
            "messageBody": "",
            "insertions": 1,
            "deletions": 1
          },
          {
            "hash": "5587fed5b592cb9672dd7f425595019861b60074",
            "messageTitle": "Update DeveloperGuide.md",
            "messageBody": "",
            "insertions": 1,
            "deletions": 1
          },
          {
            "hash": "bde378ccc82c64e000d2aa7f773645d085e50e96",
            "messageTitle": "Update DeveloperGuide.md",
            "messageBody": "",
            "insertions": 1,
            "deletions": 1
          },
          {
            "hash": "408411bfcb4425c40c74508bc9ce3db418d5ff26",
            "messageTitle": "Update DeveloperGuide.md",
            "messageBody": "",
            "insertions": 2,
            "deletions": 2
          },
          {
            "hash": "31e88945cb2760aaf086296b17d7d4d2f7502518",
            "messageTitle": "Update DeveloperGuide.md",
            "messageBody": "",
            "insertions": 2,
            "deletions": 2
          },
          {
            "hash": "8a64d6ad2e22965c2d1b7465df4351c7404ffa68",
            "messageTitle": "edit UG",
            "messageBody": "",
            "insertions": 84,
            "deletions": 38
          },
          {
            "hash": "9a3c8bc42ec867c546460b05a337bcfd992589fe",
            "messageTitle": "Update UserGuide.md",
            "messageBody": "",
            "insertions": 1,
            "deletions": 1
          },
          {
            "hash": "55bf8ec16a13bcd78cca01b6bc511b41a4a1a2b9",
            "messageTitle": "Update UserGuide.md",
            "messageBody": "",
            "insertions": 1,
            "deletions": 2
          },
          {
            "hash": "725053853605cbca5b32bb968b3fc67149d5d3fa",
            "messageTitle": "Update UserGuide.md",
            "messageBody": "",
            "insertions": 2,
            "deletions": 1
          },
          {
            "hash": "61fbc66af2cc910efce6e50bca51feb1669a82a9",
            "messageTitle": "Update UserGuide.md",
            "messageBody": "",
            "insertions": 2,
            "deletions": 2
          },
          {
            "hash": "56a2fd5872432e38f814ea8526074335069ea440",
            "messageTitle": "Update UserGuide.md",
            "messageBody": "",
            "insertions": 3,
            "deletions": 4
          },
          {
            "hash": "cedea59e2135d957a3e15c21dc3971c8476cec1f",
            "messageTitle": "Update UserGuide.md",
            "messageBody": "",
            "insertions": 4,
            "deletions": 4
          },
          {
            "hash": "3f3abea7b275cfd7468b68888957f282c65fd28c",
            "messageTitle": "Update UserGuide.md",
            "messageBody": "",
            "insertions": 1,
            "deletions": 6
          },
          {
            "hash": "467dd3673a8a8d544602dc50648d4b97bc68f728",
            "messageTitle": "Update UserGuide.md",
            "messageBody": "",
            "insertions": 1,
            "deletions": 0
          },
          {
            "hash": "b0a8e34eb945577493db866b65704cb7ecde9c93",
            "messageTitle": "Update UserGuide.md",
            "messageBody": "",
            "insertions": 2,
            "deletions": 2
          },
          {
            "hash": "c653ec4556b777d26be234c93cee207ae9becf9c",
            "messageTitle": "Update UserGuide.md",
            "messageBody": "",
            "insertions": 1,
            "deletions": 0
          },
          {
            "hash": "7e4ef23dcf229dce29b817884e063efb1c25fcf2",
            "messageTitle": "Update UserGuide.md",
            "messageBody": "",
            "insertions": 0,
            "deletions": 1
          },
          {
            "hash": "2b6f872f311564a14a59043b9c5a864d577171c9",
            "messageTitle": "add exceptions for edit and schedule",
            "messageBody": "",
            "insertions": 41,
            "deletions": 16
          }
        ]
      },
      {
        "insertions": 200,
        "deletions": 141,
        "date": "2020-04-11",
        "commitResults": [
          {
            "hash": "cbe9e8a67dbaf19d822301b4f77a6f8e6aa72bdf",
            "messageTitle": "add exceptions for edit and schedule functions",
            "messageBody": "",
            "insertions": 19,
            "deletions": 15
          },
          {
            "hash": "65fec8853effbf3019f5da6c46fd94f93a524cee",
            "messageTitle": "edit Logic.schedulelogic description",
            "messageBody": "",
            "insertions": 23,
            "deletions": 11
          },
          {
            "hash": "ba17a451dfd980fab20de784e1e5b60d3ac3caea",
            "messageTitle": "edit diagrams, add figure captions, add UI component decription",
            "messageBody": "",
            "insertions": 40,
            "deletions": 12
          },
          {
            "hash": "bd8d916d067892db6b843ae07ed3181f86a44957",
            "messageTitle": "edit dg",
            "messageBody": "",
            "insertions": 21,
            "deletions": 17
          },
          {
            "hash": "b4bcfd29de23559c43767ec522d082365fc9ce74",
            "messageTitle": "Update DeveloperGuide.md",
            "messageBody": "",
            "insertions": 4,
            "deletions": 3
          },
          {
            "hash": "cf75c50dcf1e8da5d628ffd33a0d8ae314c61e42",
            "messageTitle": "Update DeveloperGuide.md",
            "messageBody": "",
            "insertions": 1,
            "deletions": 1
          },
          {
            "hash": "4cd41a9135d10c4dc4f4e8de3392cadcc487a274",
            "messageTitle": "Update DeveloperGuide.md",
            "messageBody": "",
            "insertions": 2,
            "deletions": 2
          },
          {
            "hash": "98886361761905a9ed5a33f54dcb2eead756c96a",
            "messageTitle": "Update DeveloperGuide.md",
            "messageBody": "",
            "insertions": 1,
            "deletions": 1
          },
          {
            "hash": "f727c026931585aa4e555c23003328c2ba1d0860",
            "messageTitle": "Update DeveloperGuide.md",
            "messageBody": "",
            "insertions": 1,
            "deletions": 1
          },
          {
            "hash": "85851c1b1910186404431357a43dec97c097d184",
            "messageTitle": "Update DeveloperGuide.md",
            "messageBody": "",
            "insertions": 3,
            "deletions": 1
          },
          {
            "hash": "16335543efb5e2c946469fdf3968d12c5d8f2e32",
            "messageTitle": "Update DeveloperGuide.md",
            "messageBody": "",
            "insertions": 1,
            "deletions": 1
          },
          {
            "hash": "84db95cd696374d25c07e88a09ad74a809cc36ec",
            "messageTitle": "Update DeveloperGuide.md",
            "messageBody": "",
            "insertions": 1,
            "deletions": 1
          },
          {
            "hash": "351c42ec28882657c2c873ce82b8f8b8ed581c18",
            "messageTitle": "Update DeveloperGuide.md",
            "messageBody": "",
            "insertions": 10,
            "deletions": 10
          },
          {
            "hash": "6b1e31300e58fb304a85e6c3cfcfcecef1e08162",
            "messageTitle": "Update DeveloperGuide.md",
            "messageBody": "",
            "insertions": 7,
            "deletions": 7
          },
          {
            "hash": "312985c670ec93c199000610f3adf0c801c5a560",
            "messageTitle": "Update DeveloperGuide.md",
            "messageBody": "",
            "insertions": 6,
            "deletions": 6
          },
          {
            "hash": "e2326682588bb7b012336ff284afd7bece9e1d2d",
            "messageTitle": "Update DeveloperGuide.md",
            "messageBody": "",
            "insertions": 3,
            "deletions": 3
          },
          {
            "hash": "70958c0490c71321e641789425490827c012133b",
            "messageTitle": "Update DeveloperGuide.md",
            "messageBody": "",
            "insertions": 2,
            "deletions": 2
          },
          {
            "hash": "cadf66dcb42df44aa727f0fd5fb538e7b7a48717",
            "messageTitle": "Update DeveloperGuide.md",
            "messageBody": "",
            "insertions": 3,
            "deletions": 3
          },
          {
            "hash": "aa7a31228820473300dcd7f22cb850aa1469a741",
            "messageTitle": "Update DeveloperGuide.md",
            "messageBody": "",
            "insertions": 1,
            "deletions": 1
          },
          {
            "hash": "20262b2d3d5eba54e995ce361c391ea55f6fdf45",
            "messageTitle": "Update DeveloperGuide.md",
            "messageBody": "",
            "insertions": 1,
            "deletions": 1
          },
          {
            "hash": "bc2a1c0747954b45f77ad5e3f3c02b41ec496323",
            "messageTitle": "Update DeveloperGuide.md",
            "messageBody": "",
            "insertions": 2,
            "deletions": 2
          },
          {
            "hash": "4d36b79be7756c456c34db44aaa329ea282c6707",
            "messageTitle": "Update DeveloperGuide.md",
            "messageBody": "",
            "insertions": 4,
            "deletions": 6
          },
          {
            "hash": "547ecde899c57841b957aec547b6cc56b4b50281",
            "messageTitle": "Update DeveloperGuide.md",
            "messageBody": "",
            "insertions": 1,
            "deletions": 1
          },
          {
            "hash": "2d241290503dae6c8463a839f9206957d8978631",
            "messageTitle": "Update DeveloperGuide.md",
            "messageBody": "",
            "insertions": 1,
            "deletions": 1
          },
          {
            "hash": "196eb4c3ecfbce8888c6a65af909321ccf501bb6",
            "messageTitle": "Update DeveloperGuide.md",
            "messageBody": "",
            "insertions": 8,
            "deletions": 6
          },
          {
            "hash": "1312a26f17f969ac8b2affb14e6e0291807d581c",
            "messageTitle": "edit dg",
            "messageBody": "",
            "insertions": 2,
            "deletions": 2
          },
          {
            "hash": "45ccfa1854cd952628f31400769dee94f111b78d",
            "messageTitle": "Update DeveloperGuide.md",
            "messageBody": "",
            "insertions": 2,
            "deletions": 3
          },
          {
            "hash": "2f78a89fe09d53daa62177364c934d4e340a95ec",
            "messageTitle": "Update DeveloperGuide.md",
            "messageBody": "",
            "insertions": 1,
            "deletions": 1
          },
          {
            "hash": "9fec0a405820aebdc6cfae1a3935be38f1638039",
            "messageTitle": "Update DeveloperGuide.md",
            "messageBody": "",
            "insertions": 1,
            "deletions": 0
          },
          {
            "hash": "af7442f45669ea412f693ee3b67d1124dab76ab9",
            "messageTitle": "Update DeveloperGuide.md",
            "messageBody": "",
            "insertions": 3,
            "deletions": 5
          },
          {
            "hash": "34dbb6fecd106c291035139b08af26829a2dd986",
            "messageTitle": "Update DeveloperGuide.md",
            "messageBody": "",
            "insertions": 11,
            "deletions": 5
          },
          {
            "hash": "7425dff105e8c06b3f998011a59766b72273905e",
            "messageTitle": "Update DeveloperGuide.md",
            "messageBody": "",
            "insertions": 3,
            "deletions": 1
          },
          {
            "hash": "31a8a9b4e343010d85776c26bbae496089bca563",
            "messageTitle": "Update DeveloperGuide.md",
            "messageBody": "",
            "insertions": 3,
            "deletions": 1
          },
          {
            "hash": "0efad2668a1659955015b925946e11d0db603bbd",
            "messageTitle": "Update DeveloperGuide.md",
            "messageBody": "",
            "insertions": 8,
            "deletions": 8
          }
        ]
      }
    ],
    "synCKun": [
      {
        "insertions": 2,
        "deletions": 1,
        "date": "2020-03-03",
        "commitResults": [
          {
            "hash": "c6f580267a3049482e673c8da504daff8469c80e",
            "messageTitle": "Add a friendly hello from the friendly ckunkun",
            "messageBody": "",
            "insertions": 1,
            "deletions": 0
          },
          {
            "hash": "9e24d2f38b4e9b31066cbd1323265d640886f83d",
            "messageTitle": "Add ck to AboutUs.md",
            "messageBody": "",
            "insertions": 1,
            "deletions": 1
          }
        ]
      },
      {
        "insertions": 187,
        "deletions": 30,
        "date": "2020-03-16",
        "commitResults": [
          {
            "hash": "7abb044ab7261f26f3b1d537d323a4fee934327f",
            "messageTitle": "Add feature to allow listing and storage of scheduled meetings",
            "messageBody": "",
            "insertions": 173,
            "deletions": 16
          },
          {
            "hash": "81e2944cee5341cd8709b30364c3ffd7aa3f7d0d",
            "messageTitle": "Change to fit CI",
            "messageBody": "",
            "insertions": 14,
            "deletions": 14
          }
        ]
      },
      {
        "insertions": 93,
        "deletions": 15,
        "date": "2020-03-21",
        "commitResults": [
          {
            "hash": "f1eacc82da39099fdfb4d5083c4cbe1fe3a78592",
            "messageTitle": "Allow storage of members onto disk",
            "messageBody": "",
            "insertions": 93,
            "deletions": 15
          }
        ]
      },
      {
        "insertions": 11,
        "deletions": 8,
        "date": "2020-03-22",
        "commitResults": [
          {
            "hash": "86929b841319e3ff5f48d7c573784e3c5b4dd8cd",
            "messageTitle": "Correct javadoc style",
            "messageBody": "",
            "insertions": 11,
            "deletions": 8
          }
        ]
      },
      {
        "insertions": 171,
        "deletions": 63,
        "date": "2020-03-23",
        "commitResults": [
          {
            "hash": "6e0ba92692b5da5c412a5cf546040a709d9cc8af",
            "messageTitle": "Enable local storage of individual member data, and create user input method to allow for both manual and \u003cname\u003e \u003cNUSMODS link\u003e input",
            "messageBody": "",
            "insertions": 171,
            "deletions": 63
          }
        ]
      },
      {
        "insertions": 68,
        "deletions": 21,
        "date": "2020-03-25",
        "commitResults": [
          {
            "hash": "2b329f2c2c4b15264c7620a371bd00008db58198",
            "messageTitle": "Update UserGuide.md",
            "messageBody": "",
            "insertions": 18,
            "deletions": 3
          },
          {
            "hash": "9d31f5bfd32a312b5bfd0523edd7fdb52b5a6fd5",
            "messageTitle": "Improve data collection to exclude repeated name for schedule received",
            "messageBody": "",
            "insertions": 7,
            "deletions": 0
          },
          {
            "hash": "8886bb4b9c50394c283557b13bd1dbc9b5497291",
            "messageTitle": "Resolves #66",
            "messageBody": "",
            "insertions": 37,
            "deletions": 13
          },
          {
            "hash": "7c9678596eae04e011c81c4fd83183ad5cac71ab",
            "messageTitle": "Adapt code for CI",
            "messageBody": "",
            "insertions": 6,
            "deletions": 5
          }
        ]
      },
      {
        "insertions": 51,
        "deletions": 22,
        "date": "2020-03-26",
        "commitResults": [
          {
            "hash": "cb214a08dbcbedb9a02a3d2627d1791e6eb52db5",
            "messageTitle": "Revert UserGuide",
            "messageBody": "",
            "insertions": 2,
            "deletions": 1
          },
          {
            "hash": "32bbff4affb42637d5445a6987bed32d54122449",
            "messageTitle": "Revert Userguide",
            "messageBody": "",
            "insertions": 1,
            "deletions": 17
          },
          {
            "hash": "0c8bb565f9531d86d585eeb24b0a157a3e5894d1",
            "messageTitle": "Update userguide",
            "messageBody": "",
            "insertions": 48,
            "deletions": 4
          }
        ]
      },
      {
        "insertions": 817,
        "deletions": 508,
        "date": "2020-03-31",
        "commitResults": [
          {
            "hash": "84ce8c99eb2dcdd0f35ea8be820d4cfdf147438c",
            "messageTitle": "Adopt program to parse data based on weeks",
            "messageBody": "",
            "insertions": 665,
            "deletions": 322
          },
          {
            "hash": "63c642279f8710751db7ceb5b7b0b169aab440a4",
            "messageTitle": "Implement capability to differentiate weeks",
            "messageBody": "",
            "insertions": 59,
            "deletions": 27
          },
          {
            "hash": "3caa472df2084bc9c602ac35dc98acb48d1c6128",
            "messageTitle": "Improve coding standard",
            "messageBody": "",
            "insertions": 51,
            "deletions": 138
          },
          {
            "hash": "d27005f98741d59b69b0386daf044955a20d3248",
            "messageTitle": "Correct code for CI",
            "messageBody": "",
            "insertions": 30,
            "deletions": 16
          },
          {
            "hash": "3621d214febcf75407199901cc8794784eb1ede5",
            "messageTitle": "Correct code for CI",
            "messageBody": "",
            "insertions": 1,
            "deletions": 1
          },
          {
            "hash": "b46ce13248c85a7b9329568c860c1aeea4c0ab16",
            "messageTitle": "Fix code for CI",
            "messageBody": "",
            "insertions": 11,
            "deletions": 4
          }
        ]
      },
      {
        "insertions": 112,
        "deletions": 41,
        "date": "2020-04-02",
        "commitResults": [
          {
            "hash": "94d0dd8d2ab67e2bb63b650ea6c016c9df0a77c7",
            "messageTitle": "Improve timetable display by cutting off unnecessary portions of timetable",
            "messageBody": "",
            "insertions": 40,
            "deletions": 5
          },
          {
            "hash": "7b8738c3552aef08a7b7247cd6dada0aee6a908e",
            "messageTitle": "Implement capability to delete contacts",
            "messageBody": "",
            "insertions": 72,
            "deletions": 36
          }
        ]
      },
      {
        "insertions": 185,
        "deletions": 135,
        "date": "2020-04-08",
        "commitResults": [
          {
            "hash": "c8a922085cd0da64841f12d99f5f1f0cc82b628c",
            "messageTitle": "Update Userguide",
            "messageBody": "",
            "insertions": 27,
            "deletions": 5
          },
          {
            "hash": "8c73ccf6d658df3d14a55427b0895ab3d8db4f02",
            "messageTitle": "Update UserGuide.md",
            "messageBody": "",
            "insertions": 112,
            "deletions": 79
          },
          {
            "hash": "44a2f67098405dc5c2714b21b8eaf07f5dcfc40e",
            "messageTitle": "Update UserGuide.md",
            "messageBody": "",
            "insertions": 1,
            "deletions": 1
          },
          {
            "hash": "2acf8c36b727f58c0d4575b79896dc4c31ca11f8",
            "messageTitle": "Update UserGuide.md",
            "messageBody": "",
            "insertions": 11,
            "deletions": 11
          },
          {
            "hash": "38163f7d6b0a74e9e3ac32d80da62d1b3be463e9",
            "messageTitle": "Update UserGuide.md",
            "messageBody": "",
            "insertions": 12,
            "deletions": 12
          },
          {
            "hash": "2feb0077d81c9dca7248ecd697192e663e2ede98",
            "messageTitle": "Update UserGuide.md",
            "messageBody": "",
            "insertions": 4,
            "deletions": 9
          },
          {
            "hash": "1e1c7a82e827d89128cb57303f10559dd4ca1dd5",
            "messageTitle": "Update UserGuide.md",
            "messageBody": "",
            "insertions": 9,
            "deletions": 9
          },
          {
            "hash": "8f10f68e5caf46010fd17ba16ad7d26272901aa8",
            "messageTitle": "Update UserGuide.md",
            "messageBody": "",
            "insertions": 1,
            "deletions": 1
          },
          {
            "hash": "c48de42cf646177ab29399383b4e61a5928e0203",
            "messageTitle": "Update UserGuide.md",
            "messageBody": "",
            "insertions": 1,
            "deletions": 1
          },
          {
            "hash": "7d5a338825326af3835d319d4539d8cafa50042f",
            "messageTitle": "Update UserGuide.md",
            "messageBody": "",
            "insertions": 3,
            "deletions": 3
          },
          {
            "hash": "e061398b3479d43c4c26e2c756624b59b4d5e08f",
            "messageTitle": "Update README.md",
            "messageBody": "",
            "insertions": 2,
            "deletions": 2
          },
          {
            "hash": "51a5420688bbbd0f264ef5e2a4e5d036dbafef1f",
            "messageTitle": "Update UserGuide.md",
            "messageBody": "",
            "insertions": 2,
            "deletions": 2
          }
        ]
      },
      {
        "insertions": 18,
        "deletions": 8,
        "date": "2020-04-09",
        "commitResults": [
          {
            "hash": "d4cd013ff62b6e114d4a6edee0926b1b7c2a0ef2",
            "messageTitle": "Update DeveloperGuide.md",
            "messageBody": "",
            "insertions": 17,
            "deletions": 7
          },
          {
            "hash": "ed6882c85c50dab106abc2b62f870ce4b06ae796",
            "messageTitle": "Update DeveloperGuide.md",
            "messageBody": "",
            "insertions": 1,
            "deletions": 1
          }
        ]
      },
      {
        "insertions": 80,
        "deletions": 62,
        "date": "2020-04-10",
        "commitResults": [
          {
            "hash": "93cab7a2dd7ed59510e5f5e3e8e8d38a170992a7",
            "messageTitle": "Bug fixes",
            "messageBody": "",
            "insertions": 22,
            "deletions": 12
          },
          {
            "hash": "2b0d4d2588b97cb4abce7531d811e1f2367525a0",
            "messageTitle": "Update code for CI",
            "messageBody": "",
            "insertions": 8,
            "deletions": 4
          },
          {
            "hash": "a07c1c5837e7ba286eff670a9ccba3d1b0d01def",
            "messageTitle": "Update UserGuide.md",
            "messageBody": "",
            "insertions": 27,
            "deletions": 38
          },
          {
            "hash": "e22aed29c23d849f32d24c5b7a1f5fb2c6a75394",
            "messageTitle": "Update UserGuide.md",
            "messageBody": "",
            "insertions": 2,
            "deletions": 3
          },
          {
            "hash": "518917fae76b7bc44317d17d8b3987183b767bde",
            "messageTitle": "Update UserGuide.md",
            "messageBody": "",
            "insertions": 2,
            "deletions": 2
          },
          {
            "hash": "59631dbcabdbc370667c86f9b0e88bea650be31c",
            "messageTitle": "Update Userguide.md",
            "messageBody": "",
            "insertions": 1,
            "deletions": 2
          },
          {
            "hash": "ff8c473163b5ff815e158ff379d7fe13abdb7065",
            "messageTitle": "Update UserGuide.md",
            "messageBody": "",
            "insertions": 16,
            "deletions": 0
          },
          {
            "hash": "fda9e6ef3e6573f3a9bc03b4de69b5172588a944",
            "messageTitle": "Update UserGuide.md",
            "messageBody": "",
            "insertions": 2,
            "deletions": 1
          }
        ]
      },
      {
        "insertions": 384,
        "deletions": 96,
        "date": "2020-04-11",
        "commitResults": [
          {
            "hash": "266920463dfb8b55e95408b2d74e91b95535bbe4",
            "messageTitle": "Update DeveloperGuide.md",
            "messageBody": "",
            "insertions": 52,
            "deletions": 4
          },
          {
            "hash": "8f756a8e337a02d22dc3c43589af5453baf75c41",
            "messageTitle": "Update DeveloperGuide.md",
            "messageBody": "",
            "insertions": 113,
            "deletions": 0
          },
          {
            "hash": "b21d9fb5edd70f6b3c37c3a37dc335405309c02d",
            "messageTitle": "Update DeveloperGuide.md",
            "messageBody": "",
            "insertions": 1,
            "deletions": 1
          },
          {
            "hash": "e44095c0792fc3ccc9bfe5245ecb65bbddd7ba68",
            "messageTitle": "Update DeveloperGuide.md",
            "messageBody": "",
            "insertions": 1,
            "deletions": 1
          },
          {
            "hash": "6da93bcc80e7205d48ef6e2c7f734d436c64695d",
            "messageTitle": "Update DeveloperGuide.md",
            "messageBody": "",
            "insertions": 4,
            "deletions": 1
          },
          {
            "hash": "4b611254d95b0f072498e3881ed1fbec1ea8b546",
            "messageTitle": "Update DeveloperGuide.md",
            "messageBody": "",
            "insertions": 2,
            "deletions": 2
          },
          {
            "hash": "a754995f1cc2e5255e9929d4de5ddbcaf32b8827",
            "messageTitle": "Update DeveloperGuide.md",
            "messageBody": "",
            "insertions": 1,
            "deletions": 1
          },
          {
            "hash": "fa0328ea47df1cfdc8c3322e078c644c4f0ac5b8",
            "messageTitle": "Update DeveloperGuide.md",
            "messageBody": "",
            "insertions": 1,
            "deletions": 1
          },
          {
            "hash": "7f58689bee800d63e719bb00c1e38b302f5a3c6d",
            "messageTitle": "Update diagram",
            "messageBody": "",
            "insertions": 9,
            "deletions": 0
          },
          {
            "hash": "a8365f2ba2ea1ee959bf029d45ff2703229b71ec",
            "messageTitle": "Update UserGuide.md",
            "messageBody": "",
            "insertions": 20,
            "deletions": 29
          },
          {
            "hash": "ab1f481a8475ace33ba6f6452e48f3c000c3b8eb",
            "messageTitle": "Update UserGuide.md",
            "messageBody": "",
            "insertions": 22,
            "deletions": 23
          },
          {
            "hash": "11840106b5105c3af72914ad40a373e166ef90ec",
            "messageTitle": "Update UserGuide.md",
            "messageBody": "",
            "insertions": 1,
            "deletions": 0
          },
          {
            "hash": "88dee0dc944066d098ee020f849772dd05b2617b",
            "messageTitle": "Update UserGuide.md",
            "messageBody": "",
            "insertions": 3,
            "deletions": 1
          },
          {
            "hash": "f49a213f54b19022dacebbc4eaae13d144f595c7",
            "messageTitle": "Update UserGuide.md",
            "messageBody": "",
            "insertions": 6,
            "deletions": 4
          },
          {
            "hash": "0cce076f3bb08c3f62517c6e600b0672105c6fa1",
            "messageTitle": "Update UserGuide.md",
            "messageBody": "",
            "insertions": 1,
            "deletions": 1
          },
          {
            "hash": "4aae72cc97981e7f513a43225f243893cd8f6cc2",
            "messageTitle": "Update UserGuide.md",
            "messageBody": "",
            "insertions": 1,
            "deletions": 2
          },
          {
            "hash": "da388ba4c79541b9444b2bf4ea1d6b1ccd039472",
            "messageTitle": "Update UserGuide.md",
            "messageBody": "",
            "insertions": 14,
            "deletions": 8
          },
          {
            "hash": "e1d6d8445dbce6db7226a90431dc7a9ccc424b88",
            "messageTitle": "Update UserGuide.md",
            "messageBody": "",
            "insertions": 2,
            "deletions": 3
          },
          {
            "hash": "2d39a8c316e7275cb9285df027e0171093567015",
            "messageTitle": "Update UserGuide.md",
            "messageBody": "",
            "insertions": 1,
            "deletions": 1
          },
          {
            "hash": "0a53205e307a7fbf6e7df34745f2ccb943a86bb3",
            "messageTitle": "Update DeveloperGuide.md",
            "messageBody": "",
            "insertions": 1,
            "deletions": 1
          },
          {
            "hash": "e062fca0f3c80e5e01c28fe2b1c0a214c16d2195",
            "messageTitle": "Update DeveloperGuide.md",
            "messageBody": "",
            "insertions": 1,
            "deletions": 1
          },
          {
            "hash": "0fd243866b4af3fde21c1f88098f5223d56df5d0",
            "messageTitle": "Update DeveloperGuide.md",
            "messageBody": "",
            "insertions": 1,
            "deletions": 1
          },
          {
            "hash": "6514e4627ceca00368a6887f6a2141afefbde6e8",
            "messageTitle": "Update DeveloperGuide.md",
            "messageBody": "",
            "insertions": 41,
            "deletions": 10
          },
          {
            "hash": "3c803c1c9299c36de0bfd501179ad6d04c787096",
            "messageTitle": "Update PPP",
            "messageBody": "",
            "insertions": 85,
            "deletions": 0
          }
        ]
      }
    ],
    "MeLoveCarbs": [
      {
        "insertions": 1,
        "deletions": 2,
        "date": "2020-03-03",
        "commitResults": [
          {
            "hash": "754b89e0eda0ec8817dda16b116103261a247510",
            "messageTitle": "[Update] Testing PR workflow with xi zhi",
            "messageBody": "",
            "insertions": 1,
            "deletions": 1
          },
          {
            "hash": "aa9fbbc9ceb8c12c8422cb1c827d8c97fd84adc1",
            "messageTitle": "[Update]Deleted hi-from-ck.txt",
            "messageBody": "",
            "insertions": 0,
            "deletions": 1
          }
        ]
      },
      {
        "insertions": 52,
        "deletions": 3,
        "date": "2020-03-08",
        "commitResults": [
          {
            "hash": "dfa9b658c288792e7c491721b8027c46d35b18c9",
            "messageTitle": "[update] Skeleton code",
            "messageBody": "",
            "insertions": 52,
            "deletions": 3
          }
        ]
      },
      {
        "insertions": 108,
        "deletions": 15,
        "date": "2020-03-09",
        "commitResults": [
          {
            "hash": "30a2f7d3de6e5f9592c22175468b5d93df4196e5",
            "messageTitle": "[Update] updated skeleton code with textUI",
            "messageBody": "",
            "insertions": 68,
            "deletions": 15
          },
          {
            "hash": "57220cd4acf2c4dba0d74c3072c9ae8e70d6d97e",
            "messageTitle": "[update] Added base code for TeamMember class",
            "messageBody": "",
            "insertions": 40,
            "deletions": 0
          }
        ]
      },
      {
        "insertions": 112,
        "deletions": 34,
        "date": "2020-03-12",
        "commitResults": [
          {
            "hash": "b28017f4efdd2c94bd7a5da4120fb6b4e3d9ec94",
            "messageTitle": "[New] code is untested, new add and delete methods in TeamMember class",
            "messageBody": "",
            "insertions": 112,
            "deletions": 34
          }
        ]
      },
      {
        "insertions": 119,
        "deletions": 65,
        "date": "2020-03-13",
        "commitResults": [
          {
            "hash": "a4065614191e03d03c1a97a751ca612fe57b6a77",
            "messageTitle": "[update] Added junit test for add method of TeamMember class, [Fixed] user can now block out more than 24hours",
            "messageBody": "",
            "insertions": 112,
            "deletions": 48
          },
          {
            "hash": "b33faf06e56af822eed9319b95b067b8a903adef",
            "messageTitle": "[Fixed] TeamMember class: getBlocksFromTime() now outputs the conversion from time to blocks correctly",
            "messageBody": "",
            "insertions": 7,
            "deletions": 17
          }
        ]
      },
      {
        "insertions": 265,
        "deletions": 211,
        "date": "2020-03-15",
        "commitResults": [
          {
            "hash": "221d28883dac99afe6488b5a6e04696d7eca3f9b",
            "messageTitle": "[Update] Fix CI error caused by checkstyle",
            "messageBody": "",
            "insertions": 122,
            "deletions": 86
          },
          {
            "hash": "01be80e8857daed1f4156344bb798acb9c0147ad",
            "messageTitle": "[Update] Fixed CI error caused by checktyle, max code length in checkstyle.xml changed to 125",
            "messageBody": "",
            "insertions": 141,
            "deletions": 124
          },
          {
            "hash": "e4103380f77764e42fbc3d8b2a6a6a40210e69ad",
            "messageTitle": "[Fixed] Turned off checkstyle for junit tests temporarily with //CHECKSTYLE:OFF at test/java/TeamMemberTest",
            "messageBody": "",
            "insertions": 1,
            "deletions": 0
          },
          {
            "hash": "7ca21fd25b0e60c0ac554e014a79d73db13feccc",
            "messageTitle": "[Update] Updated IO redirection in /text-ui-test",
            "messageBody": "",
            "insertions": 1,
            "deletions": 1
          }
        ]
      },
      {
        "insertions": 322,
        "deletions": 417,
        "date": "2020-03-16",
        "commitResults": [
          {
            "hash": "607a934506f478622a59d78ba2f11c7a31115d36",
            "messageTitle": "Revert \"Ck features\"",
            "messageBody": "",
            "insertions": 16,
            "deletions": 173
          },
          {
            "hash": "b7b4187b11f1d712fd9b6c622501767ef4c9615d",
            "messageTitle": "[Update] Updated MeetingOrganizer\u0027s CLI user interface",
            "messageBody": "",
            "insertions": 146,
            "deletions": 114
          },
          {
            "hash": "521beef78dac22f157548b8c174b6b82a11284bf",
            "messageTitle": "Resolved merge conflicts",
            "messageBody": "",
            "insertions": 151,
            "deletions": 123
          },
          {
            "hash": "b010afa711fc8b859b1f161c1d8cab7377616ff6",
            "messageTitle": "[Fixed] TeamMember Junit test",
            "messageBody": "",
            "insertions": 9,
            "deletions": 7
          }
        ]
      },
      {
        "insertions": 436,
        "deletions": 76,
        "date": "2020-03-21",
        "commitResults": [
          {
            "hash": "76aade93859a19fc2678eb6afcdc9239215de018",
            "messageTitle": "[New] Added NUSMOD API feature: Retrieve timeslots by startTime endTime Days, Weeks from an individual\u0027s nusmod link",
            "messageBody": "",
            "insertions": 365,
            "deletions": 6
          },
          {
            "hash": "f167a714ce6745da9e23bfc65b75c8c1ce04dc7b",
            "messageTitle": "[Update] Fixed checkstyle",
            "messageBody": "",
            "insertions": 71,
            "deletions": 70
          }
        ]
      },
      {
        "insertions": 38,
        "deletions": 14,
        "date": "2020-03-22",
        "commitResults": [
          {
            "hash": "2a17c44c83fef24e7e443d5558c92d8c98a07ce6",
            "messageTitle": "[Update] Updated javadoc of the api and module handler classes",
            "messageBody": "",
            "insertions": 38,
            "deletions": 14
          }
        ]
      },
      {
        "insertions": 270,
        "deletions": 196,
        "date": "2020-03-23",
        "commitResults": [
          {
            "hash": "d73ba7aa5155acdc91f4bd0a8becd464279f5f84",
            "messageTitle": "[Update] Main user\u0027s schedule is automatically updated whenever new meeting is deleted/added",
            "messageBody": "",
            "insertions": 102,
            "deletions": 58
          },
          {
            "hash": "e49084d22bab760225e151b2bd848d20c2ac5d0d",
            "messageTitle": "Fixed delete meeting issues not reflecting on main user\u0027s schedule, and some other MeetingOrganizer class bugs",
            "messageBody": "",
            "insertions": 15,
            "deletions": 28
          },
          {
            "hash": "0720ad1682d68ceef98a0bce637401f2db6fef1e",
            "messageTitle": "Fixed checkstyle",
            "messageBody": "",
            "insertions": 79,
            "deletions": 77
          },
          {
            "hash": "407ec4d629accb458744757d37df2415c68c989b",
            "messageTitle": "Created a hash-set in ModuleHandler to catch out-dated format modules from NUSMOD API",
            "messageBody": "",
            "insertions": 74,
            "deletions": 33
          }
        ]
      },
      {
        "insertions": 204,
        "deletions": 53,
        "date": "2020-03-25",
        "commitResults": [
          {
            "hash": "70ab6a49cf6d0e24f71f77a90edeabf7c955d778",
            "messageTitle": "Refactor classes into packages",
            "messageBody": "",
            "insertions": 70,
            "deletions": 20
          },
          {
            "hash": "17018cf4535326bee9a2e6ab18e6f96814e7ada8",
            "messageTitle": "Fixed checkstyle",
            "messageBody": "",
            "insertions": 11,
            "deletions": 8
          },
          {
            "hash": "11ff0b147a1af03b31d61343489945bc17515f5a",
            "messageTitle": "Skeleton DG",
            "messageBody": "",
            "insertions": 28,
            "deletions": 1
          },
          {
            "hash": "4f8d7a0bd4e75bf7e271513e32e9f2ec4c9635cd",
            "messageTitle": "fixed typos",
            "messageBody": "",
            "insertions": 4,
            "deletions": 3
          },
          {
            "hash": "f8bece7eb353239893f234b1d2bdbe13f94d8b3a",
            "messageTitle": "Updated DG for moduelelogic component",
            "messageBody": "",
            "insertions": 83,
            "deletions": 20
          },
          {
            "hash": "cc2cce241f91d9b7b4685771dadc4887f094461d",
            "messageTitle": "Updated modulelogic component of DG with alternatives",
            "messageBody": "",
            "insertions": 8,
            "deletions": 1
          }
        ]
      },
      {
        "insertions": 508,
        "deletions": 286,
        "date": "2020-03-28",
        "commitResults": [
          {
            "hash": "6def8ec5c154a970c309fea5ffcf82d1ec293f79",
            "messageTitle": "Refactor TeamMember with javadocs",
            "messageBody": "",
            "insertions": 77,
            "deletions": 70
          },
          {
            "hash": "246fa7c61c230a8f44b3893b7364c045a9d426f5",
            "messageTitle": "Refactoed modulelogic component with Javadocs",
            "messageBody": "",
            "insertions": 89,
            "deletions": 60
          },
          {
            "hash": "d5123efb4404a74df31f6319643f147e456e3e78",
            "messageTitle": "Updated Junit for modulelogic component",
            "messageBody": "",
            "insertions": 249,
            "deletions": 77
          },
          {
            "hash": "291968ca1e6f0deda8f5286f5ad9ee373eda074e",
            "messageTitle": "Fixed checkstyle",
            "messageBody": "",
            "insertions": 93,
            "deletions": 79
          }
        ]
      },
      {
        "insertions": 6,
        "deletions": 5,
        "date": "2020-03-29",
        "commitResults": [
          {
            "hash": "d4d1b0e9c7e8df96448849f1ab0879f32f8546f3",
            "messageTitle": "Fixed ModuleHandlerTest in modulelogic component",
            "messageBody": "",
            "insertions": 2,
            "deletions": 4
          },
          {
            "hash": "38c6dc48ead95d005d8ac6df6182f03bd85f3719",
            "messageTitle": "Fixed checkstyle",
            "messageBody": "",
            "insertions": 4,
            "deletions": 1
          }
        ]
      },
      {
        "insertions": 193,
        "deletions": 212,
        "date": "2020-03-30",
        "commitResults": [
          {
            "hash": "226144e3210da8e2ab74634f24b535a994809c66",
            "messageTitle": "Update DeveloperGuide.md",
            "messageBody": "",
            "insertions": 2,
            "deletions": 2
          },
          {
            "hash": "bedb8b20cef356c36f754c51aed1de7aa944cfb0",
            "messageTitle": "Updated CommandHandler with \u0027add using link\u0027",
            "messageBody": "",
            "insertions": 125,
            "deletions": 130
          },
          {
            "hash": "a8a9f084ae01a080871a781a0a2670121ec6a0d9",
            "messageTitle": "Fixed checkstyle",
            "messageBody": "",
            "insertions": 49,
            "deletions": 43
          },
          {
            "hash": "4fe93f7f2659fad45e64379f25f8b5b40e262de1",
            "messageTitle": "Fixed LessonsGeneratorTest randomly indexed api pulls",
            "messageBody": "",
            "insertions": 15,
            "deletions": 11
          },
          {
            "hash": "70c437750fd3f7a5411d41c9616120e529993778",
            "messageTitle": "Fixed ModuleParserApiTest random API pulls",
            "messageBody": "",
            "insertions": 2,
            "deletions": 26
          }
        ]
      },
      {
        "insertions": 638,
        "deletions": 316,
        "date": "2020-03-31",
        "commitResults": [
          {
            "hash": "573e1afd2f5a2c93e464412e92b2cb9648f60662",
            "messageTitle": "Fixed null mainuser on startup after exiting with a saved storage",
            "messageBody": "",
            "insertions": 15,
            "deletions": 8
          },
          {
            "hash": "fd2cfd0019f332edc4599c0bcca503e3cefccf6e",
            "messageTitle": "Fixed JAR issue caused by blacklisted config file not compiled within JAR",
            "messageBody": "",
            "insertions": 57,
            "deletions": 27
          },
          {
            "hash": "6ac797f5a48e97549df434fe13a79454d0ff349b",
            "messageTitle": "Refactor packages to model logic storage UI exceptions common",
            "messageBody": "",
            "insertions": 194,
            "deletions": 201
          },
          {
            "hash": "9b335d188d4d2d8c34844e1a4909fc7349cb61bc",
            "messageTitle": "Fixed typo",
            "messageBody": "",
            "insertions": 1,
            "deletions": 1
          },
          {
            "hash": "0f960a30ac2bd167c41943f50c2f3dd7ddfa7882",
            "messageTitle": "Deleted insignificant CliParser class",
            "messageBody": "",
            "insertions": 1,
            "deletions": 9
          },
          {
            "hash": "417ba66dad83f47e832435cd1256c7e231c56034",
            "messageTitle": "Changed blacklisted module to a hashset in common component",
            "messageBody": "",
            "insertions": 258,
            "deletions": 55
          },
          {
            "hash": "e4883d5bb62d2032a3865ae5eddd0434f02f1827",
            "messageTitle": "Add method to retrieve blacklisted module",
            "messageBody": "",
            "insertions": 38,
            "deletions": 0
          },
          {
            "hash": "83309d8cda3f7b2cefb9609ef49080c76f026499",
            "messageTitle": "Updated devguide",
            "messageBody": "",
            "insertions": 74,
            "deletions": 15
          }
        ]
      },
      {
        "insertions": 32,
        "deletions": 57,
        "date": "2020-04-01",
        "commitResults": [
          {
            "hash": "406aa5a3fcfd164277df9ad9f70411f398cb5e66",
            "messageTitle": "Fixed TextUI typos",
            "messageBody": "",
            "insertions": 10,
            "deletions": 11
          },
          {
            "hash": "27c5730bf254f0262ec7969e497ef07b75fc192a",
            "messageTitle": "Updated UG",
            "messageBody": "",
            "insertions": 22,
            "deletions": 46
          }
        ]
      },
      {
        "insertions": 200,
        "deletions": 150,
        "date": "2020-04-08",
        "commitResults": [
          {
            "hash": "87ea8ac9b4c6329f15e4ff3851a918c24bd1b1da",
            "messageTitle": "Created LogicManager to decrease exposure of MeetingOrganizer.java. [Update] Dev guide architecture overview",
            "messageBody": "",
            "insertions": 199,
            "deletions": 149
          },
          {
            "hash": "809595eadd1031609e0399ecb67ea473a0ccf066",
            "messageTitle": "Update DeveloperGuide.md",
            "messageBody": "",
            "insertions": 1,
            "deletions": 1
          }
        ]
      },
      {
        "insertions": 234,
        "deletions": 127,
        "date": "2020-04-09",
        "commitResults": [
          {
            "hash": "d064661a77e1858342c4ddb56e094b6555750ec4",
            "messageTitle": "Updated dev guide with design of Logic.modulelogic and implementations of addcontact and listcontact",
            "messageBody": "",
            "insertions": 133,
            "deletions": 36
          },
          {
            "hash": "8b37f37c4c9ed8c6c06f6b3eeccfce3b49ff1ece",
            "messageTitle": "update dev guide",
            "messageBody": "",
            "insertions": 3,
            "deletions": 3
          },
          {
            "hash": "88de250f0ad0c77d18db48d374ae0f64cc465b29",
            "messageTitle": "fixed issue",
            "messageBody": "",
            "insertions": 9,
            "deletions": 12
          },
          {
            "hash": "4d228dfd923519840c98b46555efce296056b99f",
            "messageTitle": "fixed issue",
            "messageBody": "",
            "insertions": 1,
            "deletions": 11
          },
          {
            "hash": "b52396e1f5da6ae8330301b7034f3142903b90bc",
            "messageTitle": "Update UserGuide.md",
            "messageBody": "",
            "insertions": 1,
            "deletions": 1
          },
          {
            "hash": "58331c3fef974e4f2eb361b4deebb158c73a5616",
            "messageTitle": "fixed issue",
            "messageBody": "",
            "insertions": 2,
            "deletions": 1
          },
          {
            "hash": "f7e472ca96ae63effae924e9fb968fbda466e33d",
            "messageTitle": "fixed issue",
            "messageBody": "",
            "insertions": 1,
            "deletions": 1
          },
          {
            "hash": "310cc626be8c9ef960c1abcff01a2aeaa726e3ff",
            "messageTitle": "Update UserGuide.md",
            "messageBody": "",
            "insertions": 1,
            "deletions": 0
          },
          {
            "hash": "fd18e39bc53451ede5565f63f0a56c4a0ab27168",
            "messageTitle": "Update UserGuide.md",
            "messageBody": "",
            "insertions": 4,
            "deletions": 1
          },
          {
            "hash": "34c40a4c0c7780774957abd157d008f7d4da5d9f",
            "messageTitle": "Update UserGuide.md",
            "messageBody": "",
            "insertions": 1,
            "deletions": 0
          },
          {
            "hash": "c2785001febf16223fca226676180100aa6906bd",
            "messageTitle": "Fixed major issue #155",
            "messageBody": "",
            "insertions": 40,
            "deletions": 39
          },
          {
            "hash": "6a2fa4b05ab741279083ccff5e92909b904cadd3",
            "messageTitle": "Fixed medium issue #106",
            "messageBody": "",
            "insertions": 24,
            "deletions": 17
          },
          {
            "hash": "cfa328fdc58af1526081b108e290f83a9201afcb",
            "messageTitle": "fixed issue #104",
            "messageBody": "",
            "insertions": 1,
            "deletions": 1
          },
          {
            "hash": "be6a1ca5a14737b92951689f977313487c41be78",
            "messageTitle": "solved issue #101",
            "messageBody": "",
            "insertions": 7,
            "deletions": 1
          },
          {
            "hash": "caace9245b93ef8371c36342ae66bd18d072b212",
            "messageTitle": "Fixed checkstyle",
            "messageBody": "",
            "insertions": 1,
            "deletions": 1
          },
          {
            "hash": "2454e121ead3eb2b1aada3218ac15a90b05aa5e1",
            "messageTitle": "Fixed checkstyleTest",
            "messageBody": "",
            "insertions": 5,
            "deletions": 2
          }
        ]
      },
      {
        "insertions": 524,
        "deletions": 457,
        "date": "2020-04-10",
        "commitResults": [
          {
            "hash": "4a875026ef54173afca10273bef6b8fd9b4a6cb5",
            "messageTitle": "Updated I/O tests",
            "messageBody": "",
            "insertions": 29,
            "deletions": 6
          },
          {
            "hash": "2998ab3b81e9a94ccb10e4ec8f54c52a21c9d259",
            "messageTitle": "Updated packages with javadocs",
            "messageBody": "",
            "insertions": 200,
            "deletions": 173
          },
          {
            "hash": "259c6cfc0fdcc76af7b549536b737d01a3cdc8b5",
            "messageTitle": "Fix checkstyle",
            "messageBody": "",
            "insertions": 1,
            "deletions": 2
          },
          {
            "hash": "df31879420bfd4133873935c312b170ee9cbe9d0",
            "messageTitle": "delete meeting now reflect changes onto timetable",
            "messageBody": "",
            "insertions": 256,
            "deletions": 29
          },
          {
            "hash": "01950929c91e01fd70038f5c58c62a1572ec74de",
            "messageTitle": "Fixed I/O redirection",
            "messageBody": "",
            "insertions": 3,
            "deletions": 3
          },
          {
            "hash": "e050069110623497d945d6968056ab9e8d198834",
            "messageTitle": "Fixed delete meeting and edit meeting conflict",
            "messageBody": "",
            "insertions": 33,
            "deletions": 34
          },
          {
            "hash": "1560bffec33f5ce81fd5623c2a8587faa9490d75",
            "messageTitle": "Fixed checkstyle",
            "messageBody": "",
            "insertions": 2,
            "deletions": 1
          },
          {
            "hash": "d5ccfbfdb60f2ccf10855a29ee51eadd90b8507a",
            "messageTitle": "Update gitignore",
            "messageBody": "",
            "insertions": 0,
            "deletions": 209
          }
        ]
      },
      {
        "insertions": 383,
        "deletions": 138,
        "date": "2020-04-11",
        "commitResults": [
          {
            "hash": "44079ad1c9d1d824b7971b4385953b84da1b6bf8",
            "messageTitle": "update Appendix F",
            "messageBody": "",
            "insertions": 14,
            "deletions": 10
          },
          {
            "hash": "efa1a48a696003b36be8e21f67b6e63ff769b01a",
            "messageTitle": "V2.1 jar source code release",
            "messageBody": "",
            "insertions": 9,
            "deletions": 9
          },
          {
            "hash": "bbf3efe7f3e82e2c90d3c55591a818461d104885",
            "messageTitle": "Fixed I/O build issues",
            "messageBody": "",
            "insertions": 22,
            "deletions": 22
          },
          {
            "hash": "6203697c88dbd80e20c0d4771fade69ca37b89fa",
            "messageTitle": "fix I/O",
            "messageBody": "",
            "insertions": 0,
            "deletions": 1
          },
          {
            "hash": "8daa54792d5f40d77d1169e7d3fe2927a4a6ba7c",
            "messageTitle": "fix I/O",
            "messageBody": "",
            "insertions": 1,
            "deletions": 0
          },
          {
            "hash": "abf0fb6f5452e703128860188000c918d27a5688",
            "messageTitle": "Updated appendix F",
            "messageBody": "",
            "insertions": 46,
            "deletions": 12
          },
          {
            "hash": "3ce5a4ec1b2e8ecd65eda7dbb7fe21a4db46c4b9",
            "messageTitle": "Fix typos for dev guide",
            "messageBody": "",
            "insertions": 59,
            "deletions": 38
          },
          {
            "hash": "4434fbcc37f3afc95ea4ad8b8b9f3fda3638b14c",
            "messageTitle": "update dev guide",
            "messageBody": "",
            "insertions": 9,
            "deletions": 6
          },
          {
            "hash": "2bc05315ae2be194264563c7d5cc5822271ff35c",
            "messageTitle": "Fixed devguide typo",
            "messageBody": "",
            "insertions": 22,
            "deletions": 20
          },
          {
            "hash": "64c2b97a34eb4508a58f440de71428a819b4de7b",
            "messageTitle": "fix typo",
            "messageBody": "",
            "insertions": 3,
            "deletions": 4
          },
          {
            "hash": "20e496ff877aca752799afd72be321492fba0002",
            "messageTitle": "Added weiyang\u0027s PPP",
            "messageBody": "",
            "insertions": 77,
            "deletions": 0
          },
          {
            "hash": "f51109e0e845c06201181ab1b0f17c7436fe03e3",
            "messageTitle": "Update melovecarbs.md",
            "messageBody": "",
            "insertions": 1,
            "deletions": 1
          },
          {
            "hash": "5d4bdccd9fa593623230eaf1972e905e1cbc3cb6",
            "messageTitle": "Update melovecarbs.md",
            "messageBody": "",
            "insertions": 2,
            "deletions": 1
          },
          {
            "hash": "a21ec720b9b449175f02c73c7a6f061aa3602c7b",
            "messageTitle": "Update melovecarbs.md",
            "messageBody": "",
            "insertions": 12,
            "deletions": 5
          },
          {
            "hash": "40ac60c426028bb57ce03b7ab8e5011f8431c799",
            "messageTitle": "Update melovecarbs.md",
            "messageBody": "",
            "insertions": 1,
            "deletions": 1
          },
          {
            "hash": "5e69f91deeb224f24f0dbba0cbd07507c6e8357a",
            "messageTitle": "Update melovecarbs.md",
            "messageBody": "",
            "insertions": 1,
            "deletions": 1
          },
          {
            "hash": "235c53c01e9c695975015e62aab37a285d743b94",
            "messageTitle": "Updated dev guide with Use cases",
            "messageBody": "",
            "insertions": 104,
            "deletions": 7
          }
        ]
      }
    ]
  },
  "authorFinalContributionMap": {
    "matthewc97": 192,
    "lowxizhi": 1060,
    "synCKun": 1153,
    "MeLoveCarbs": 2062
  },
  "authorFileTypeContributionMap": {
    "matthewc97": {
      "docs": 65,
      "functional-code": 109,
      "test-code": 18
    },
    "lowxizhi": {
      "docs": 413,
      "functional-code": 595,
      "test-code": 52
    },
    "synCKun": {
      "docs": 357,
      "functional-code": 760,
      "test-code": 36
    },
    "MeLoveCarbs": {
      "docs": 430,
      "functional-code": 1389,
      "test-code": 213,
      "other": 30
    }
  },
  "authorContributionVariance": {
    "matthewc97": 21296.91,
    "lowxizhi": 96875.39,
    "synCKun": 48039.68,
    "MeLoveCarbs": 77655.5
  },
  "authorDisplayNameMap": {
    "matthewc97": "CS2113T-T12-1 CHAN..THEW",
    "lowxizhi": "CS2113T-T12-1 LOW .. ZHI",
    "synCKun": "CS2113T-T12-1 WEI .. KUN",
    "MeLoveCarbs": "CS2113T-T12-1 HONG..YANG"
  }
}
