{
  "authorDailyContributionsMap": {
    "matthewc97": [
      {
        "insertions": 1,
        "deletions": 1,
        "date": "2020-03-03",
        "commitResults": [
          {
            "hash": "51ef0ada7f31c32145296d8cf107ed4086a876cf",
            "messageTitle": "Edit AboutUs.md",
            "messageBody": "",
            "insertions": 1,
            "deletions": 1
          }
        ]
      },
      {
        "insertions": 85,
        "deletions": 8,
        "date": "2020-03-10",
        "commitResults": [
          {
            "hash": "ac2c5338f944525c168375a79a0d886f18ee2c2e",
            "messageTitle": "Add schedule meeting function Add JUnit MeetingTest",
            "messageBody": "",
            "insertions": 85,
            "deletions": 8
          }
        ]
      },
      {
        "insertions": 28,
        "deletions": 0,
        "date": "2020-03-12",
        "commitResults": [
          {
            "hash": "365614013e311ccdf832004bb0015a36791e411e",
            "messageTitle": "Add printTimetable",
            "messageBody": "",
            "insertions": 28,
            "deletions": 0
          }
        ]
      },
      {
        "insertions": 40,
        "deletions": 22,
        "date": "2020-03-15",
        "commitResults": [
          {
            "hash": "a3fae4f6c80e46edc1d393c9fc635c0eca82efba",
            "messageTitle": "Add schedule meeting function",
            "messageBody": "",
            "insertions": 34,
            "deletions": 18
          },
          {
            "hash": "a1c4ec849840586885db79d25727a32cb069f315",
            "messageTitle": "Fix merge conflict error",
            "messageBody": "",
            "insertions": 1,
            "deletions": 0
          },
          {
            "hash": "3430aa7a1c5c19ad0dcbc2762eb1c19bdf8e584c",
            "messageTitle": "Fix checkstyle error",
            "messageBody": "",
            "insertions": 1,
            "deletions": 1
          },
          {
            "hash": "4fb150460d187aa64d6ba2fc88f091e103690bc6",
            "messageTitle": "Shorten line",
            "messageBody": "",
            "insertions": 2,
            "deletions": 1
          },
          {
            "hash": "56dccca93b21a2fa66bc7f4ff6269ba4dc43f23b",
            "messageTitle": "Update MeetingTest.java",
            "messageBody": "",
            "insertions": 2,
            "deletions": 2
          }
        ]
      },
      {
        "insertions": 625,
        "deletions": 320,
        "date": "2020-03-16",
        "commitResults": [
          {
            "hash": "c40334ba893508adaca57006200bccfc7552cff3",
            "messageTitle": "Fix schedule meeting bug Fix timetable label (SUN MON ... SAT)",
            "messageBody": "",
            "insertions": 191,
            "deletions": 9
          },
          {
            "hash": "086294b7f9de3f4725bc899e695e6d0433d986f4",
            "messageTitle": "Fix Cl error",
            "messageBody": "",
            "insertions": 71,
            "deletions": 91
          },
          {
            "hash": "6b6dc739c0991b00fa66b22530e56d2592d95d54",
            "messageTitle": "Revert \"Fix Cl error\"",
            "messageBody": "This reverts commit 086294b7f9de3f4725bc899e695e6d0433d986f4.\n",
            "insertions": 91,
            "deletions": 71
          },
          {
            "hash": "2ac7f1c9ca073c4158cab01e54382b1909bf0094",
            "messageTitle": "Fix Cl error",
            "messageBody": "",
            "insertions": 16,
            "deletions": 31
          },
          {
            "hash": "8eb433aa708211397ef93a878c95c59aec900f7b",
            "messageTitle": "Fix WhitespaceAround error",
            "messageBody": "",
            "insertions": 11,
            "deletions": 11
          },
          {
            "hash": "9a7b74bf159d73796a772e45fe67b5c7ba2985f0",
            "messageTitle": "Edit JUnit MeetingTest Handle exceptions",
            "messageBody": "",
            "insertions": 30,
            "deletions": 23
          },
          {
            "hash": "9046bd9836c26e9c7aac2db62ff587a4aa88a96c",
            "messageTitle": "Fix Cl error",
            "messageBody": "",
            "insertions": 4,
            "deletions": 1
          },
          {
            "hash": "126a587daa22ffb1ebdf9974b0a56a138b93512c",
            "messageTitle": "Fix I/O Clean up testing code",
            "messageBody": "",
            "insertions": 209,
            "deletions": 66
          },
          {
            "hash": "60cf5156bdf49ef83961852179666d8e493a4b8a",
            "messageTitle": "Fix Cl error",
            "messageBody": "",
            "insertions": 1,
            "deletions": 16
          },
          {
            "hash": "227f9fdd60f8a61c455386e8ea7ac5eea947990d",
            "messageTitle": "Fix Cl error",
            "messageBody": "",
            "insertions": 1,
            "deletions": 1
          }
        ]
      },
      {
        "insertions": 135,
        "deletions": 40,
        "date": "2020-03-26",
        "commitResults": [
          {
            "hash": "32eae7a6bbd65e04f70a07c779e726b70c54fb6f",
            "messageTitle": "Add table of contents for DG",
            "messageBody": "",
            "insertions": 66,
            "deletions": 23
          },
          {
            "hash": "8d83c213028cd3cc599592a6e9f608ceff159114",
            "messageTitle": "Edit UG",
            "messageBody": "",
            "insertions": 69,
            "deletions": 17
          }
        ]
      },
      {
        "insertions": 23,
        "deletions": 13,
        "date": "2020-03-30",
        "commitResults": [
          {
            "hash": "9f7e059432ea69d1865777f28ce8962297df9fa5",
            "messageTitle": "Update README.md",
            "messageBody": "Fix broken link to DG\r\nAdd intro",
            "insertions": 2,
            "deletions": 2
          },
          {
            "hash": "f964352c39cdbdb2b5ea87d0e21d15d047c223b6",
            "messageTitle": "Update UserGuide.md",
            "messageBody": "Fix typo",
            "insertions": 1,
            "deletions": 1
          },
          {
            "hash": "a773bb5fdc900b435611a25f668a43b655906a46",
            "messageTitle": "Add exception for meeting command",
            "messageBody": "",
            "insertions": 20,
            "deletions": 10
          }
        ]
      }
    ],
    "lowxizhi": [
      {
        "insertions": 8,
        "deletions": 2,
        "date": "2020-03-03",
        "commitResults": [
          {
            "hash": "f98339235c679360bed9b4a84a490ae1b693988b",
            "messageTitle": "edit AboutUs lowxizhi",
            "messageBody": "",
            "insertions": 1,
            "deletions": 1
          },
          {
            "hash": "a6393f9a59c07a5ee260ea728533fa86cd055bd6",
            "messageTitle": "add Xi Zhi details in AboutUs.md",
            "messageBody": "",
            "insertions": 7,
            "deletions": 1
          }
        ]
      },
      {
        "insertions": 553,
        "deletions": 113,
        "date": "2020-03-13",
        "commitResults": [
          {
            "hash": "7d1ca34e0afe2cc5f20f18ef3f7887abde4ff3c1",
            "messageTitle": "find common free slots with Schedule Handler",
            "messageBody": "",
            "insertions": 399,
            "deletions": 43
          },
          {
            "hash": "2eaf72d3f8708830d92b5b93c66b74cf24b8cb2f",
            "messageTitle": "add updateFreeBlocks method, store freeBlocks as a private ArrayList in ScheduleHandler",
            "messageBody": "",
            "insertions": 118,
            "deletions": 61
          },
          {
            "hash": "63131d78f1bf5e818f605f48fa6e13ce4d383664",
            "messageTitle": "join first and last free slot if Sunday midnight overlap",
            "messageBody": "",
            "insertions": 36,
            "deletions": 9
          }
        ]
      },
      {
        "insertions": 91,
        "deletions": 44,
        "date": "2020-03-16",
        "commitResults": [
          {
            "hash": "9a28ca79c0707652591538945b9724f982464ece",
            "messageTitle": "correct merge error in updatefreeslot method",
            "messageBody": "",
            "insertions": 19,
            "deletions": 37
          },
          {
            "hash": "010338f2067bdc1d8ef1b7c31fff81beff305735",
            "messageTitle": "add jUnit test for scheduleHandler",
            "messageBody": "",
            "insertions": 72,
            "deletions": 7
          }
        ]
      },
      {
        "insertions": 129,
        "deletions": 93,
        "date": "2020-03-18",
        "commitResults": [
          {
            "hash": "4d5d4f4c7703e4cf517410bbe262caecbd1ef270",
            "messageTitle": "change to one-liner input, add TeamMemberList class",
            "messageBody": "",
            "insertions": 126,
            "deletions": 87
          },
          {
            "hash": "d5de3017e2ba4d3f0ad4fe83cb72a1cd5bf70e15",
            "messageTitle": "fix CI",
            "messageBody": "",
            "insertions": 3,
            "deletions": 6
          }
        ]
      },
      {
        "insertions": 16,
        "deletions": 22,
        "date": "2020-03-22",
        "commitResults": [
          {
            "hash": "f44bd958c675a52c2a1161b8f43bb4148375bc54",
            "messageTitle": "fix NoSuchElementException",
            "messageBody": "",
            "insertions": 3,
            "deletions": 5
          },
          {
            "hash": "aeccf15406c721364392f2ed2d533c7e505ae842",
            "messageTitle": "fix NoSuchElementException",
            "messageBody": "",
            "insertions": 2,
            "deletions": 4
          },
          {
            "hash": "7cf3563495dcb6873d39961ea12cb774f20a618d",
            "messageTitle": "fix NoSuchElementException",
            "messageBody": "",
            "insertions": 5,
            "deletions": 7
          },
          {
            "hash": "27c1a51cc6d77480790747cb735949fb6f1118f1",
            "messageTitle": "fix NoSuchElementException",
            "messageBody": "",
            "insertions": 1,
            "deletions": 2
          },
          {
            "hash": "4f2859c0f03c772243c147e71b18705143cf0184",
            "messageTitle": "fix NoSuchElementException",
            "messageBody": "",
            "insertions": 5,
            "deletions": 4
          }
        ]
      },
      {
        "insertions": 371,
        "deletions": 351,
        "date": "2020-03-24",
        "commitResults": [
          {
            "hash": "b620ae1060563dc70b5e54cadf187b1241ead895",
            "messageTitle": "add display function to show the master schedule of main user + others",
            "messageBody": "",
            "insertions": 140,
            "deletions": 145
          },
          {
            "hash": "7df9721df1480c291d0226284371d12d2d08a015",
            "messageTitle": "fix checkstyle",
            "messageBody": "",
            "insertions": 134,
            "deletions": 135
          },
          {
            "hash": "83fca4dc87e8aadb1142690c7bc0c78e551bc718",
            "messageTitle": "fix expected.txt to pass runtest.sh",
            "messageBody": "",
            "insertions": 1,
            "deletions": 1
          },
          {
            "hash": "703a185b4b084f88d9b2a979764d32d2dcbf3aae",
            "messageTitle": "change isValidMeeting() to account for mainuser schedule only",
            "messageBody": "",
            "insertions": 23,
            "deletions": 20
          },
          {
            "hash": "8710c414ccae14818607306403f4cc960e10f053",
            "messageTitle": "show mainuser schedule only with input display",
            "messageBody": "",
            "insertions": 20,
            "deletions": 16
          },
          {
            "hash": "dd32fae370f65947d601c2976bac621f9944e1d0",
            "messageTitle": "Edit function for existing contacts\u0027 (including mainuser) schedules. Allow blocking and freeing of slots.",
            "messageBody": "",
            "insertions": 46,
            "deletions": 27
          },
          {
            "hash": "fb70843d9efb4ad6826f9a99e0b55e65064ff231",
            "messageTitle": "Fix TeamMemberTest to correct checkstyleTest",
            "messageBody": "",
            "insertions": 7,
            "deletions": 7
          }
        ]
      },
      {
        "insertions": 1,
        "deletions": 1,
        "date": "2020-03-26",
        "commitResults": [
          {
            "hash": "9e126085033684cc80bb7ce47ad16c1759c2b65d",
            "messageTitle": "Update UserGuide.md",
            "messageBody": "",
            "insertions": 1,
            "deletions": 1
          }
        ]
      },
      {
        "insertions": 33,
        "deletions": 8,
        "date": "2020-03-28",
        "commitResults": [
          {
            "hash": "6065641cc730ed8ce5aed633b5db25ea428fbbac",
            "messageTitle": "change \u0027display\u0027 to \u0027timetable\u0027. allow display of timetable of individual contact",
            "messageBody": "",
            "insertions": 32,
            "deletions": 7
          },
          {
            "hash": "fa5d0157a306a8e90e9bb79fc1462a66e0016971",
            "messageTitle": "change EXPECTED.TXT to pass runtest",
            "messageBody": "",
            "insertions": 1,
            "deletions": 1
          }
        ]
      },
      {
        "insertions": 293,
        "deletions": 206,
        "date": "2020-03-29",
        "commitResults": [
          {
            "hash": "8e15a7b43b2fda3d86a85a7c74ae5ee9f9ca5f72",
            "messageTitle": "add customized exception messages for timetable function",
            "messageBody": "",
            "insertions": 54,
            "deletions": 26
          },
          {
            "hash": "78ab3ab3ccb7d6ece327fb852f645aa656c184a4",
            "messageTitle": "restoring git stash",
            "messageBody": "",
            "insertions": 44,
            "deletions": 123
          },
          {
            "hash": "b242a2d9bfbbeffd04f598c27f0c3e67784bf0fe",
            "messageTitle": "refactor commands into command class except for add using link",
            "messageBody": "",
            "insertions": 195,
            "deletions": 57
          }
        ]
      },
      {
        "insertions": 97,
        "deletions": 58,
        "date": "2020-03-30",
        "commitResults": [
          {
            "hash": "97f63bade3368a46700aaf8a8ccd5032303ccfec",
            "messageTitle": "edit DG Design Schedule component",
            "messageBody": "",
            "insertions": 12,
            "deletions": 2
          },
          {
            "hash": "80931331ff5e37be90070f02398ce17f066b294d",
            "messageTitle": "edit DG Design Schedule component",
            "messageBody": "",
            "insertions": 1,
            "deletions": 1
          },
          {
            "hash": "a8a99fcd86b35890f8d7a6b1e3e638d281ebf14d",
            "messageTitle": "add exceptions for contacts, timetable and schedule",
            "messageBody": "",
            "insertions": 84,
            "deletions": 55
          }
        ]
      },
      {
        "insertions": 47,
        "deletions": 55,
        "date": "2020-04-01",
        "commitResults": [
          {
            "hash": "cf851cd9f5209f9ee7b5f1edbf06898124ede205",
            "messageTitle": "Update UserGuide.md",
            "messageBody": "",
            "insertions": 8,
            "deletions": 24
          },
          {
            "hash": "1608fd706f8f8ddae7e07f9f4a811d5cb4caf477",
            "messageTitle": "Update UserGuide.md",
            "messageBody": "",
            "insertions": 24,
            "deletions": 16
          },
          {
            "hash": "8ff74a2b87bf5fcb59f0065e20b541cf8fe1208a",
            "messageTitle": "Update UserGuide.md",
            "messageBody": "",
            "insertions": 1,
            "deletions": 1
          },
          {
            "hash": "6d8a62c204c257782f7f498c36e3b6d636fe9e6b",
            "messageTitle": "Update UserGuide.md",
            "messageBody": "",
            "insertions": 7,
            "deletions": 7
          },
          {
            "hash": "7f0661ddcdfed0b8cf52ca56635d4bdb75bfefd0",
            "messageTitle": "Update UserGuide.md",
            "messageBody": "",
            "insertions": 7,
            "deletions": 7
          }
        ]
      },
      {
        "insertions": 84,
        "deletions": 46,
        "date": "2020-04-02",
        "commitResults": [
          {
            "hash": "b065bd02501bf3294ee0c1974875eed365765c33",
            "messageTitle": "re-structure DG",
            "messageBody": "",
            "insertions": 69,
            "deletions": 36
          },
          {
            "hash": "e475f8cee99b7c421f0e6c61e8615632756f7b4b",
            "messageTitle": "edit DG",
            "messageBody": "",
            "insertions": 15,
            "deletions": 10
          }
        ]
      },
      {
        "insertions": 229,
        "deletions": 349,
        "date": "2020-04-03",
        "commitResults": [
          {
            "hash": "f45cb315fca279039ae86847fa5e1b1fe80df49d",
            "messageTitle": "shift isValidMeeting into meetinglogic.MeetingHandler class",
            "messageBody": "",
            "insertions": 179,
            "deletions": 159
          },
          {
            "hash": "985f04a45fbb31217681193c69e59d6e64c3acb4",
            "messageTitle": "shift isValidMeeting into meetinglogic.MeetingHandler class",
            "messageBody": "",
            "insertions": 9,
            "deletions": 9
          },
          {
            "hash": "006f049b3235b5f3a766a3b2ac6353d411938e1c",
            "messageTitle": "add assertions in ScheduleHandler",
            "messageBody": "",
            "insertions": 21,
            "deletions": 157
          },
          {
            "hash": "b2c95d3082287d914f054105eb8c4242f2a3b21a",
            "messageTitle": "add assertions in ScheduleHandler",
            "messageBody": "",
            "insertions": 7,
            "deletions": 7
          },
          {
            "hash": "cf30cd24ac6417799dd9b9b90f4eacd41d1f2397",
            "messageTitle": "remove testGetTimeFromBlock() from ScheduleHandlerTest",
            "messageBody": "",
            "insertions": 13,
            "deletions": 17
          }
        ]
      },
      {
        "insertions": 315,
        "deletions": 109,
        "date": "2020-04-04",
        "commitResults": [
          {
            "hash": "191a188be7a8ff475d28975b245a0e20a285e832",
            "messageTitle": "add back edit function",
            "messageBody": "",
            "insertions": 81,
            "deletions": 30
          },
          {
            "hash": "b657ab1baaa89559de7fedfa453277a22c9c5af9",
            "messageTitle": "add back edit function",
            "messageBody": "",
            "insertions": 32,
            "deletions": 27
          },
          {
            "hash": "a124f7729aeb1c21210939575f8d8ee020751cbc",
            "messageTitle": "fix Storage bug, meeting_list and members files can be saved properly now",
            "messageBody": "",
            "insertions": 9,
            "deletions": 3
          },
          {
            "hash": "90523e0d187dcad7eb00b506d100456d74601462",
            "messageTitle": "disallow edit over meetings by checking isValidEdit when editing main user, correct logical error in isValidMeeting() in MeetingHandler, add exceptions for edit function",
            "messageBody": "",
            "insertions": 193,
            "deletions": 49
          }
        ]
      }
    ],
    "synCKun": [
      {
        "insertions": 2,
        "deletions": 1,
        "date": "2020-03-03",
        "commitResults": [
          {
            "hash": "c6f580267a3049482e673c8da504daff8469c80e",
            "messageTitle": "Add a friendly hello from the friendly ckunkun",
            "messageBody": "",
            "insertions": 1,
            "deletions": 0
          },
          {
            "hash": "9e24d2f38b4e9b31066cbd1323265d640886f83d",
            "messageTitle": "Add ck to AboutUs.md",
            "messageBody": "",
            "insertions": 1,
            "deletions": 1
          }
        ]
      },
      {
        "insertions": 187,
        "deletions": 30,
        "date": "2020-03-16",
        "commitResults": [
          {
            "hash": "7abb044ab7261f26f3b1d537d323a4fee934327f",
            "messageTitle": "Add feature to allow listing and storage of scheduled meetings",
            "messageBody": "",
            "insertions": 173,
            "deletions": 16
          },
          {
            "hash": "81e2944cee5341cd8709b30364c3ffd7aa3f7d0d",
            "messageTitle": "Change to fit CI",
            "messageBody": "",
            "insertions": 14,
            "deletions": 14
          }
        ]
      },
      {
        "insertions": 93,
        "deletions": 15,
        "date": "2020-03-21",
        "commitResults": [
          {
            "hash": "f1eacc82da39099fdfb4d5083c4cbe1fe3a78592",
            "messageTitle": "Allow storage of members onto disk",
            "messageBody": "",
            "insertions": 93,
            "deletions": 15
          }
        ]
      },
      {
        "insertions": 11,
        "deletions": 8,
        "date": "2020-03-22",
        "commitResults": [
          {
            "hash": "86929b841319e3ff5f48d7c573784e3c5b4dd8cd",
            "messageTitle": "Correct javadoc style",
            "messageBody": "",
            "insertions": 11,
            "deletions": 8
          }
        ]
      },
      {
        "insertions": 171,
        "deletions": 63,
        "date": "2020-03-23",
        "commitResults": [
          {
            "hash": "6e0ba92692b5da5c412a5cf546040a709d9cc8af",
            "messageTitle": "Enable local storage of individual member data, and create user input method to allow for both manual and \u003cname\u003e \u003cNUSMODS link\u003e input",
            "messageBody": "",
            "insertions": 171,
            "deletions": 63
          }
        ]
      },
      {
        "insertions": 68,
        "deletions": 21,
        "date": "2020-03-25",
        "commitResults": [
          {
            "hash": "2b329f2c2c4b15264c7620a371bd00008db58198",
            "messageTitle": "Update UserGuide.md",
            "messageBody": "",
            "insertions": 18,
            "deletions": 3
          },
          {
            "hash": "9d31f5bfd32a312b5bfd0523edd7fdb52b5a6fd5",
            "messageTitle": "Improve data collection to exclude repeated name for schedule received",
            "messageBody": "",
            "insertions": 7,
            "deletions": 0
          },
          {
            "hash": "8886bb4b9c50394c283557b13bd1dbc9b5497291",
            "messageTitle": "Resolves #66",
            "messageBody": "",
            "insertions": 37,
            "deletions": 13
          },
          {
            "hash": "7c9678596eae04e011c81c4fd83183ad5cac71ab",
            "messageTitle": "Adapt code for CI",
            "messageBody": "",
            "insertions": 6,
            "deletions": 5
          }
        ]
      },
      {
        "insertions": 51,
        "deletions": 22,
        "date": "2020-03-26",
        "commitResults": [
          {
            "hash": "cb214a08dbcbedb9a02a3d2627d1791e6eb52db5",
            "messageTitle": "Revert UserGuide",
            "messageBody": "",
            "insertions": 2,
            "deletions": 1
          },
          {
            "hash": "32bbff4affb42637d5445a6987bed32d54122449",
            "messageTitle": "Revert Userguide",
            "messageBody": "",
            "insertions": 1,
            "deletions": 17
          },
          {
            "hash": "0c8bb565f9531d86d585eeb24b0a157a3e5894d1",
            "messageTitle": "Update userguide",
            "messageBody": "",
            "insertions": 48,
            "deletions": 4
          }
        ]
      },
      {
        "insertions": 817,
        "deletions": 508,
        "date": "2020-03-31",
        "commitResults": [
          {
            "hash": "84ce8c99eb2dcdd0f35ea8be820d4cfdf147438c",
            "messageTitle": "Adopt program to parse data based on weeks",
            "messageBody": "",
            "insertions": 665,
            "deletions": 322
          },
          {
            "hash": "63c642279f8710751db7ceb5b7b0b169aab440a4",
            "messageTitle": "Implement capability to differentiate weeks",
            "messageBody": "",
            "insertions": 59,
            "deletions": 27
          },
          {
            "hash": "3caa472df2084bc9c602ac35dc98acb48d1c6128",
            "messageTitle": "Improve coding standard",
            "messageBody": "",
            "insertions": 51,
            "deletions": 138
          },
          {
            "hash": "d27005f98741d59b69b0386daf044955a20d3248",
            "messageTitle": "Correct code for CI",
            "messageBody": "",
            "insertions": 30,
            "deletions": 16
          },
          {
            "hash": "3621d214febcf75407199901cc8794784eb1ede5",
            "messageTitle": "Correct code for CI",
            "messageBody": "",
            "insertions": 1,
            "deletions": 1
          },
          {
            "hash": "b46ce13248c85a7b9329568c860c1aeea4c0ab16",
            "messageTitle": "Fix code for CI",
            "messageBody": "",
            "insertions": 11,
            "deletions": 4
          }
        ]
      },
      {
        "insertions": 112,
        "deletions": 41,
        "date": "2020-04-02",
        "commitResults": [
          {
            "hash": "94d0dd8d2ab67e2bb63b650ea6c016c9df0a77c7",
            "messageTitle": "Improve timetable display by cutting off unnecessary portions of timetable",
            "messageBody": "",
            "insertions": 40,
            "deletions": 5
          },
          {
            "hash": "7b8738c3552aef08a7b7247cd6dada0aee6a908e",
            "messageTitle": "Implement capability to delete contacts",
            "messageBody": "",
            "insertions": 72,
            "deletions": 36
          }
        ]
      }
    ],
    "MeLoveCarbs": [
      {
        "insertions": 1,
        "deletions": 2,
        "date": "2020-03-03",
        "commitResults": [
          {
            "hash": "754b89e0eda0ec8817dda16b116103261a247510",
            "messageTitle": "[Update] Testing PR workflow with xi zhi",
            "messageBody": "",
            "insertions": 1,
            "deletions": 1
          },
          {
            "hash": "aa9fbbc9ceb8c12c8422cb1c827d8c97fd84adc1",
            "messageTitle": "[Update]Deleted hi-from-ck.txt",
            "messageBody": "",
            "insertions": 0,
            "deletions": 1
          }
        ]
      },
      {
        "insertions": 52,
        "deletions": 3,
        "date": "2020-03-08",
        "commitResults": [
          {
            "hash": "dfa9b658c288792e7c491721b8027c46d35b18c9",
            "messageTitle": "[update] Skeleton code",
            "messageBody": "",
            "insertions": 52,
            "deletions": 3
          }
        ]
      },
      {
        "insertions": 108,
        "deletions": 15,
        "date": "2020-03-09",
        "commitResults": [
          {
            "hash": "30a2f7d3de6e5f9592c22175468b5d93df4196e5",
            "messageTitle": "[Update] updated skeleton code with textUI",
            "messageBody": "",
            "insertions": 68,
            "deletions": 15
          },
          {
            "hash": "57220cd4acf2c4dba0d74c3072c9ae8e70d6d97e",
            "messageTitle": "[update] Added base code for TeamMember class",
            "messageBody": "",
            "insertions": 40,
            "deletions": 0
          }
        ]
      },
      {
        "insertions": 112,
        "deletions": 34,
        "date": "2020-03-12",
        "commitResults": [
          {
            "hash": "b28017f4efdd2c94bd7a5da4120fb6b4e3d9ec94",
            "messageTitle": "[New] code is untested, new add and delete methods in TeamMember class",
            "messageBody": "",
            "insertions": 112,
            "deletions": 34
          }
        ]
      },
      {
        "insertions": 119,
        "deletions": 65,
        "date": "2020-03-13",
        "commitResults": [
          {
            "hash": "a4065614191e03d03c1a97a751ca612fe57b6a77",
            "messageTitle": "[update] Added junit test for add method of TeamMember class, [Fixed] user can now block out more than 24hours",
            "messageBody": "",
            "insertions": 112,
            "deletions": 48
          },
          {
            "hash": "b33faf06e56af822eed9319b95b067b8a903adef",
            "messageTitle": "[Fixed] TeamMember class: getBlocksFromTime() now outputs the conversion from time to blocks correctly",
            "messageBody": "",
            "insertions": 7,
            "deletions": 17
          }
        ]
      },
      {
        "insertions": 265,
        "deletions": 211,
        "date": "2020-03-15",
        "commitResults": [
          {
            "hash": "221d28883dac99afe6488b5a6e04696d7eca3f9b",
            "messageTitle": "[Update] Fix CI error caused by checkstyle",
            "messageBody": "",
            "insertions": 122,
            "deletions": 86
          },
          {
            "hash": "01be80e8857daed1f4156344bb798acb9c0147ad",
            "messageTitle": "[Update] Fixed CI error caused by checktyle, max code length in checkstyle.xml changed to 125",
            "messageBody": "",
            "insertions": 141,
            "deletions": 124
          },
          {
            "hash": "e4103380f77764e42fbc3d8b2a6a6a40210e69ad",
            "messageTitle": "[Fixed] Turned off checkstyle for junit tests temporarily with //CHECKSTYLE:OFF at test/java/TeamMemberTest",
            "messageBody": "",
            "insertions": 1,
            "deletions": 0
          },
          {
            "hash": "7ca21fd25b0e60c0ac554e014a79d73db13feccc",
            "messageTitle": "[Update] Updated IO redirection in /text-ui-test",
            "messageBody": "",
            "insertions": 1,
            "deletions": 1
          }
        ]
      },
      {
        "insertions": 322,
        "deletions": 417,
        "date": "2020-03-16",
        "commitResults": [
          {
            "hash": "607a934506f478622a59d78ba2f11c7a31115d36",
            "messageTitle": "Revert \"Ck features\"",
            "messageBody": "",
            "insertions": 16,
            "deletions": 173
          },
          {
            "hash": "b7b4187b11f1d712fd9b6c622501767ef4c9615d",
            "messageTitle": "[Update] Updated MeetingOrganizer\u0027s CLI user interface",
            "messageBody": "",
            "insertions": 146,
            "deletions": 114
          },
          {
            "hash": "521beef78dac22f157548b8c174b6b82a11284bf",
            "messageTitle": "Resolved merge conflicts",
            "messageBody": "",
            "insertions": 151,
            "deletions": 123
          },
          {
            "hash": "b010afa711fc8b859b1f161c1d8cab7377616ff6",
            "messageTitle": "[Fixed] TeamMember Junit test",
            "messageBody": "",
            "insertions": 9,
            "deletions": 7
          }
        ]
      },
      {
        "insertions": 436,
        "deletions": 76,
        "date": "2020-03-21",
        "commitResults": [
          {
            "hash": "76aade93859a19fc2678eb6afcdc9239215de018",
            "messageTitle": "[New] Added NUSMOD API feature: Retrieve timeslots by startTime endTime Days, Weeks from an individual\u0027s nusmod link",
            "messageBody": "",
            "insertions": 365,
            "deletions": 6
          },
          {
            "hash": "f167a714ce6745da9e23bfc65b75c8c1ce04dc7b",
            "messageTitle": "[Update] Fixed checkstyle",
            "messageBody": "",
            "insertions": 71,
            "deletions": 70
          }
        ]
      },
      {
        "insertions": 38,
        "deletions": 14,
        "date": "2020-03-22",
        "commitResults": [
          {
            "hash": "2a17c44c83fef24e7e443d5558c92d8c98a07ce6",
            "messageTitle": "[Update] Updated javadoc of the api and module handler classes",
            "messageBody": "",
            "insertions": 38,
            "deletions": 14
          }
        ]
      },
      {
        "insertions": 270,
        "deletions": 196,
        "date": "2020-03-23",
        "commitResults": [
          {
            "hash": "d73ba7aa5155acdc91f4bd0a8becd464279f5f84",
            "messageTitle": "[Update] Main user\u0027s schedule is automatically updated whenever new meeting is deleted/added",
            "messageBody": "",
            "insertions": 102,
            "deletions": 58
          },
          {
            "hash": "e49084d22bab760225e151b2bd848d20c2ac5d0d",
            "messageTitle": "Fixed delete meeting issues not reflecting on main user\u0027s schedule, and some other MeetingOrganizer class bugs",
            "messageBody": "",
            "insertions": 15,
            "deletions": 28
          },
          {
            "hash": "0720ad1682d68ceef98a0bce637401f2db6fef1e",
            "messageTitle": "Fixed checkstyle",
            "messageBody": "",
            "insertions": 79,
            "deletions": 77
          },
          {
            "hash": "407ec4d629accb458744757d37df2415c68c989b",
            "messageTitle": "Created a hash-set in ModuleHandler to catch out-dated format modules from NUSMOD API",
            "messageBody": "",
            "insertions": 74,
            "deletions": 33
          }
        ]
      },
      {
        "insertions": 204,
        "deletions": 53,
        "date": "2020-03-25",
        "commitResults": [
          {
            "hash": "70ab6a49cf6d0e24f71f77a90edeabf7c955d778",
            "messageTitle": "Refactor classes into packages",
            "messageBody": "",
            "insertions": 70,
            "deletions": 20
          },
          {
            "hash": "17018cf4535326bee9a2e6ab18e6f96814e7ada8",
            "messageTitle": "Fixed checkstyle",
            "messageBody": "",
            "insertions": 11,
            "deletions": 8
          },
          {
            "hash": "11ff0b147a1af03b31d61343489945bc17515f5a",
            "messageTitle": "Skeleton DG",
            "messageBody": "",
            "insertions": 28,
            "deletions": 1
          },
          {
            "hash": "4f8d7a0bd4e75bf7e271513e32e9f2ec4c9635cd",
            "messageTitle": "fixed typos",
            "messageBody": "",
            "insertions": 4,
            "deletions": 3
          },
          {
            "hash": "f8bece7eb353239893f234b1d2bdbe13f94d8b3a",
            "messageTitle": "Updated DG for moduelelogic component",
            "messageBody": "",
            "insertions": 83,
            "deletions": 20
          },
          {
            "hash": "cc2cce241f91d9b7b4685771dadc4887f094461d",
            "messageTitle": "Updated modulelogic component of DG with alternatives",
            "messageBody": "",
            "insertions": 8,
            "deletions": 1
          }
        ]
      },
      {
        "insertions": 508,
        "deletions": 286,
        "date": "2020-03-28",
        "commitResults": [
          {
            "hash": "6def8ec5c154a970c309fea5ffcf82d1ec293f79",
            "messageTitle": "Refactor TeamMember with javadocs",
            "messageBody": "",
            "insertions": 77,
            "deletions": 70
          },
          {
            "hash": "246fa7c61c230a8f44b3893b7364c045a9d426f5",
            "messageTitle": "Refactoed modulelogic component with Javadocs",
            "messageBody": "",
            "insertions": 89,
            "deletions": 60
          },
          {
            "hash": "d5123efb4404a74df31f6319643f147e456e3e78",
            "messageTitle": "Updated Junit for modulelogic component",
            "messageBody": "",
            "insertions": 249,
            "deletions": 77
          },
          {
            "hash": "291968ca1e6f0deda8f5286f5ad9ee373eda074e",
            "messageTitle": "Fixed checkstyle",
            "messageBody": "",
            "insertions": 93,
            "deletions": 79
          }
        ]
      },
      {
        "insertions": 6,
        "deletions": 5,
        "date": "2020-03-29",
        "commitResults": [
          {
            "hash": "d4d1b0e9c7e8df96448849f1ab0879f32f8546f3",
            "messageTitle": "Fixed ModuleHandlerTest in modulelogic component",
            "messageBody": "",
            "insertions": 2,
            "deletions": 4
          },
          {
            "hash": "38c6dc48ead95d005d8ac6df6182f03bd85f3719",
            "messageTitle": "Fixed checkstyle",
            "messageBody": "",
            "insertions": 4,
            "deletions": 1
          }
        ]
      },
      {
        "insertions": 193,
        "deletions": 212,
        "date": "2020-03-30",
        "commitResults": [
          {
            "hash": "226144e3210da8e2ab74634f24b535a994809c66",
            "messageTitle": "Update DeveloperGuide.md",
            "messageBody": "",
            "insertions": 2,
            "deletions": 2
          },
          {
            "hash": "bedb8b20cef356c36f754c51aed1de7aa944cfb0",
            "messageTitle": "Updated CommandHandler with \u0027add using link\u0027",
            "messageBody": "",
            "insertions": 125,
            "deletions": 130
          },
          {
            "hash": "a8a9f084ae01a080871a781a0a2670121ec6a0d9",
            "messageTitle": "Fixed checkstyle",
            "messageBody": "",
            "insertions": 49,
            "deletions": 43
          },
          {
            "hash": "4fe93f7f2659fad45e64379f25f8b5b40e262de1",
            "messageTitle": "Fixed LessonsGeneratorTest randomly indexed api pulls",
            "messageBody": "",
            "insertions": 15,
            "deletions": 11
          },
          {
            "hash": "70c437750fd3f7a5411d41c9616120e529993778",
            "messageTitle": "Fixed ModuleParserApiTest random API pulls",
            "messageBody": "",
            "insertions": 2,
            "deletions": 26
          }
        ]
      },
      {
        "insertions": 638,
        "deletions": 316,
        "date": "2020-03-31",
        "commitResults": [
          {
            "hash": "573e1afd2f5a2c93e464412e92b2cb9648f60662",
            "messageTitle": "Fixed null mainuser on startup after exiting with a saved storage",
            "messageBody": "",
            "insertions": 15,
            "deletions": 8
          },
          {
            "hash": "fd2cfd0019f332edc4599c0bcca503e3cefccf6e",
            "messageTitle": "Fixed JAR issue caused by blacklisted config file not compiled within JAR",
            "messageBody": "",
            "insertions": 57,
            "deletions": 27
          },
          {
            "hash": "6ac797f5a48e97549df434fe13a79454d0ff349b",
            "messageTitle": "Refactor packages to model logic storage UI exceptions common",
            "messageBody": "",
            "insertions": 194,
            "deletions": 201
          },
          {
            "hash": "9b335d188d4d2d8c34844e1a4909fc7349cb61bc",
            "messageTitle": "Fixed typo",
            "messageBody": "",
            "insertions": 1,
            "deletions": 1
          },
          {
            "hash": "0f960a30ac2bd167c41943f50c2f3dd7ddfa7882",
            "messageTitle": "Deleted insignificant CliParser class",
            "messageBody": "",
            "insertions": 1,
            "deletions": 9
          },
          {
            "hash": "417ba66dad83f47e832435cd1256c7e231c56034",
            "messageTitle": "Changed blacklisted module to a hashset in common component",
            "messageBody": "",
            "insertions": 258,
            "deletions": 55
          },
          {
            "hash": "e4883d5bb62d2032a3865ae5eddd0434f02f1827",
            "messageTitle": "Add method to retrieve blacklisted module",
            "messageBody": "",
            "insertions": 38,
            "deletions": 0
          },
          {
            "hash": "83309d8cda3f7b2cefb9609ef49080c76f026499",
            "messageTitle": "Updated devguide",
            "messageBody": "",
            "insertions": 74,
            "deletions": 15
          }
        ]
      },
      {
        "insertions": 32,
        "deletions": 57,
        "date": "2020-04-01",
        "commitResults": [
          {
            "hash": "406aa5a3fcfd164277df9ad9f70411f398cb5e66",
            "messageTitle": "Fixed TextUI typos",
            "messageBody": "",
            "insertions": 10,
            "deletions": 11
          },
          {
            "hash": "27c5730bf254f0262ec7969e497ef07b75fc192a",
            "messageTitle": "Updated UG",
            "messageBody": "",
            "insertions": 22,
            "deletions": 46
          }
        ]
      }
    ]
  },
  "authorFinalContributionMap": {
    "matthewc97": 203,
    "lowxizhi": 815,
    "synCKun": 897,
    "MeLoveCarbs": 1536
  },
  "authorFileTypeContributionMap": {
    "matthewc97": {
      "docs": 78,
      "functional-code": 107,
      "test-code": 18
    },
    "lowxizhi": {
      "docs": 131,
      "functional-code": 621,
      "test-code": 63
    },
    "synCKun": {
      "docs": 26,
      "functional-code": 832,
      "test-code": 39
    },
    "MeLoveCarbs": {
      "docs": 106,
      "functional-code": 1215,
      "test-code": 204,
      "other": 11
    }
  },
  "authorContributionVariance": {
    "matthewc97": 25338.51,
    "lowxizhi": 41529.562,
    "synCKun": 50434.984,
    "MeLoveCarbs": 66125.62
  },
  "authorDisplayNameMap": {
    "matthewc97": "CS2113T-T12-1 CHAN..THEW",
    "lowxizhi": "CS2113T-T12-1 LOW .. ZHI",
    "synCKun": "CS2113T-T12-1 WEI .. KUN",
    "MeLoveCarbs": "CS2113T-T12-1 HONG..YANG"
  }
}
