[
  {
    "path": "docs/AboutUs.md",
    "fileType": "md",
    "lines": [
      {
        "lineNumber": 1,
        "author": {
          "gitId": "-"
        },
        "content": "# About us"
      },
      {
        "lineNumber": 2,
        "author": {
          "gitId": "-"
        },
        "content": ""
      },
      {
        "lineNumber": 3,
        "author": {
          "gitId": "-"
        },
        "content": "Display | Name | Github Profile | Portfolio "
      },
      {
        "lineNumber": 4,
        "author": {
          "gitId": "-"
        },
        "content": "--------|:----:|:--------------:|:---------:"
      },
      {
        "lineNumber": 5,
        "author": {
          "gitId": "RenzoTsai"
        },
        "content": "![Cai Runze](https://via.placeholder.com/100.png?text\u003dPhoto) | Cai Runze | [Github](https://github.com/RenzoTsai) | [Portfolio](docs/team/johndoe.md)"
      },
      {
        "lineNumber": 6,
        "author": {
          "gitId": "RenzoTsai"
        },
        "content": "![Daryl Mok](https://via.placeholder.com/100.png?text\u003dPhoto) | Daryl Mok| [Github](https://github.com/DeetoMok) | [Portfolio](docs/team/johndoe.md)"
      },
      {
        "lineNumber": 7,
        "author": {
          "gitId": "bennychanya"
        },
        "content": "![Benny Chan](https://via.placeholder.com/100.png?text\u003dPhoto) | Benny Chan | [Github](https://github.com/bennychanya) | [Portfolio](docs/team/johndoe.md)"
      },
      {
        "lineNumber": 8,
        "author": {
          "gitId": "chengTzeNing"
        },
        "content": "![Cheng Tze Ning](https://via.placeholder.com/100.png?text\u003dPhoto) | Cheng Tze Ning | [Github](https://github.com/chengTzeNing) | [Portfolio](docs/team/johndoe.md)"
      },
      {
        "lineNumber": 9,
        "author": {
          "gitId": "-"
        },
        "content": "![](https://via.placeholder.com/100.png?text\u003dPhoto) | Don Roe | [Github](https://github.com/) | [Portfolio](docs/team/johndoe.md)"
      }
    ],
    "authorContributionMap": {
      "chengTzeNing": 1,
      "RenzoTsai": 2,
      "bennychanya": 1,
      "-": 5
    }
  },
  {
    "path": "src/main/java/seedu/duke/Duke.java",
    "fileType": "java",
    "lines": [
      {
        "lineNumber": 1,
        "author": {
          "gitId": "-"
        },
        "content": "package seedu.duke;"
      },
      {
        "lineNumber": 2,
        "author": {
          "gitId": "-"
        },
        "content": ""
      },
      {
        "lineNumber": 3,
        "author": {
          "gitId": "-"
        },
        "content": "import java.util.Scanner;"
      },
      {
        "lineNumber": 4,
        "author": {
          "gitId": "-"
        },
        "content": ""
      },
      {
        "lineNumber": 5,
        "author": {
          "gitId": "RenzoTsai"
        },
        "content": "import seedu.duke.command.Command;"
      },
      {
        "lineNumber": 6,
        "author": {
          "gitId": "bennychanya"
        },
        "content": "import seedu.duke.data.AvailableModulesList;"
      },
      {
        "lineNumber": 7,
        "author": {
          "gitId": "bennychanya"
        },
        "content": "import seedu.duke.data.SelectedModulesList;"
      },
      {
        "lineNumber": 8,
        "author": {
          "gitId": "RenzoTsai"
        },
        "content": "import seedu.duke.parser.Parser;"
      },
      {
        "lineNumber": 9,
        "author": {
          "gitId": "RenzoTsai"
        },
        "content": "import seedu.duke.ui.Ui;"
      },
      {
        "lineNumber": 10,
        "author": {
          "gitId": "-"
        },
        "content": ""
      },
      {
        "lineNumber": 11,
        "author": {
          "gitId": "RenzoTsai"
        },
        "content": ""
      },
      {
        "lineNumber": 12,
        "author": {
          "gitId": "-"
        },
        "content": "public class Duke {"
      },
      {
        "lineNumber": 13,
        "author": {
          "gitId": "RenzoTsai"
        },
        "content": ""
      },
      {
        "lineNumber": 14,
        "author": {
          "gitId": "RenzoTsai"
        },
        "content": "    private static AvailableModulesList availableModulesList;"
      },
      {
        "lineNumber": 15,
        "author": {
          "gitId": "RenzoTsai"
        },
        "content": "    private static SelectedModulesList selectedModulesList;"
      },
      {
        "lineNumber": 16,
        "author": {
          "gitId": "bennychanya"
        },
        "content": "    private static Ui ui;"
      },
      {
        "lineNumber": 17,
        "author": {
          "gitId": "RenzoTsai"
        },
        "content": ""
      },
      {
        "lineNumber": 18,
        "author": {
          "gitId": "-"
        },
        "content": "    /**"
      },
      {
        "lineNumber": 19,
        "author": {
          "gitId": "bennychanya"
        },
        "content": "     * Instantiate all required classes."
      },
      {
        "lineNumber": 20,
        "author": {
          "gitId": "-"
        },
        "content": "     */"
      },
      {
        "lineNumber": 21,
        "author": {
          "gitId": "bennychanya"
        },
        "content": "    public Duke() {"
      },
      {
        "lineNumber": 22,
        "author": {
          "gitId": "bennychanya"
        },
        "content": "        ui \u003d new Ui();"
      },
      {
        "lineNumber": 23,
        "author": {
          "gitId": "bennychanya"
        },
        "content": "        availableModulesList \u003d new AvailableModulesList();"
      },
      {
        "lineNumber": 24,
        "author": {
          "gitId": "bennychanya"
        },
        "content": "        selectedModulesList \u003d new SelectedModulesList();"
      },
      {
        "lineNumber": 25,
        "author": {
          "gitId": "bennychanya"
        },
        "content": "    }"
      },
      {
        "lineNumber": 26,
        "author": {
          "gitId": "-"
        },
        "content": ""
      },
      {
        "lineNumber": 27,
        "author": {
          "gitId": "bennychanya"
        },
        "content": "    /**"
      },
      {
        "lineNumber": 28,
        "author": {
          "gitId": "bennychanya"
        },
        "content": "     * Main program to run."
      },
      {
        "lineNumber": 29,
        "author": {
          "gitId": "bennychanya"
        },
        "content": "     */"
      },
      {
        "lineNumber": 30,
        "author": {
          "gitId": "bennychanya"
        },
        "content": "    public void run() {"
      },
      {
        "lineNumber": 31,
        "author": {
          "gitId": "bennychanya"
        },
        "content": "        ui.greetUser();"
      },
      {
        "lineNumber": 32,
        "author": {
          "gitId": "bennychanya"
        },
        "content": "        String fullCommand;"
      },
      {
        "lineNumber": 33,
        "author": {
          "gitId": "bennychanya"
        },
        "content": "        boolean isExit \u003d false;"
      },
      {
        "lineNumber": 34,
        "author": {
          "gitId": "-"
        },
        "content": "        Scanner in \u003d new Scanner(System.in);"
      },
      {
        "lineNumber": 35,
        "author": {
          "gitId": "bennychanya"
        },
        "content": "        do {"
      },
      {
        "lineNumber": 36,
        "author": {
          "gitId": "RenzoTsai"
        },
        "content": "            fullCommand \u003d in.nextLine();"
      },
      {
        "lineNumber": 37,
        "author": {
          "gitId": "bennychanya"
        },
        "content": "            Command command \u003d Parser.parse(fullCommand);"
      },
      {
        "lineNumber": 38,
        "author": {
          "gitId": "bennychanya"
        },
        "content": "            command.execute(selectedModulesList, availableModulesList);"
      },
      {
        "lineNumber": 39,
        "author": {
          "gitId": "bennychanya"
        },
        "content": "            isExit \u003d command.isExit();"
      },
      {
        "lineNumber": 40,
        "author": {
          "gitId": "bennychanya"
        },
        "content": "        } while (!isExit);"
      },
      {
        "lineNumber": 41,
        "author": {
          "gitId": "bennychanya"
        },
        "content": "        ui.greetFarewell();"
      },
      {
        "lineNumber": 42,
        "author": {
          "gitId": "RenzoTsai"
        },
        "content": "    }"
      },
      {
        "lineNumber": 43,
        "author": {
          "gitId": "RenzoTsai"
        },
        "content": ""
      },
      {
        "lineNumber": 44,
        "author": {
          "gitId": "RenzoTsai"
        },
        "content": "    /**"
      },
      {
        "lineNumber": 45,
        "author": {
          "gitId": "RenzoTsai"
        },
        "content": "     * Main entry-point for the java.duke.Duke application."
      },
      {
        "lineNumber": 46,
        "author": {
          "gitId": "RenzoTsai"
        },
        "content": "     */"
      },
      {
        "lineNumber": 47,
        "author": {
          "gitId": "-"
        },
        "content": "    public static void main(String[] args) {"
      },
      {
        "lineNumber": 48,
        "author": {
          "gitId": "bennychanya"
        },
        "content": "        new Duke().run();"
      },
      {
        "lineNumber": 49,
        "author": {
          "gitId": "-"
        },
        "content": "    }"
      },
      {
        "lineNumber": 50,
        "author": {
          "gitId": "-"
        },
        "content": "}"
      }
    ],
    "authorContributionMap": {
      "RenzoTsai": 14,
      "bennychanya": 23,
      "-": 13
    }
  },
  {
    "path": "src/main/java/seedu/duke/command/AddCommand.java",
    "fileType": "java",
    "lines": [
      {
        "lineNumber": 1,
        "author": {
          "gitId": "RenzoTsai"
        },
        "content": "package seedu.duke.command;"
      },
      {
        "lineNumber": 2,
        "author": {
          "gitId": "RenzoTsai"
        },
        "content": ""
      },
      {
        "lineNumber": 3,
        "author": {
          "gitId": "RenzoTsai"
        },
        "content": "import seedu.duke.ui.Ui;"
      },
      {
        "lineNumber": 4,
        "author": {
          "gitId": "RenzoTsai"
        },
        "content": "import seedu.duke.data.ModuleList;"
      },
      {
        "lineNumber": 5,
        "author": {
          "gitId": "RenzoTsai"
        },
        "content": "import seedu.duke.data.SelectedModulesList;"
      },
      {
        "lineNumber": 6,
        "author": {
          "gitId": "RenzoTsai"
        },
        "content": "import seedu.duke.data.SemModulesList;"
      },
      {
        "lineNumber": 7,
        "author": {
          "gitId": "RenzoTsai"
        },
        "content": "import seedu.duke.module.Module;"
      },
      {
        "lineNumber": 8,
        "author": {
          "gitId": "RenzoTsai"
        },
        "content": ""
      },
      {
        "lineNumber": 9,
        "author": {
          "gitId": "RenzoTsai"
        },
        "content": "public class AddCommand extends Command {"
      },
      {
        "lineNumber": 10,
        "author": {
          "gitId": "RenzoTsai"
        },
        "content": ""
      },
      {
        "lineNumber": 11,
        "author": {
          "gitId": "RenzoTsai"
        },
        "content": "    public static final String COMMAND_WORD \u003d \"add\";"
      },
      {
        "lineNumber": 12,
        "author": {
          "gitId": "RenzoTsai"
        },
        "content": "    private Module module;"
      },
      {
        "lineNumber": 13,
        "author": {
          "gitId": "RenzoTsai"
        },
        "content": ""
      },
      {
        "lineNumber": 14,
        "author": {
          "gitId": "RenzoTsai"
        },
        "content": "    public AddCommand(Module module) {"
      },
      {
        "lineNumber": 15,
        "author": {
          "gitId": "RenzoTsai"
        },
        "content": "        this.module \u003d module;"
      },
      {
        "lineNumber": 16,
        "author": {
          "gitId": "RenzoTsai"
        },
        "content": "    }"
      },
      {
        "lineNumber": 17,
        "author": {
          "gitId": "RenzoTsai"
        },
        "content": ""
      },
      {
        "lineNumber": 18,
        "author": {
          "gitId": "RenzoTsai"
        },
        "content": "    @Override"
      },
      {
        "lineNumber": 19,
        "author": {
          "gitId": "RenzoTsai"
        },
        "content": "    public void execute(SelectedModulesList selectedModulesList, ModuleList availableModulesList) {"
      },
      {
        "lineNumber": 20,
        "author": {
          "gitId": "bennychanya"
        },
        "content": "        addModule(selectedModulesList);"
      },
      {
        "lineNumber": 21,
        "author": {
          "gitId": "bennychanya"
        },
        "content": "        Ui.showAddedMessage(module.toString());"
      },
      {
        "lineNumber": 22,
        "author": {
          "gitId": "RenzoTsai"
        },
        "content": "    }"
      },
      {
        "lineNumber": 23,
        "author": {
          "gitId": "RenzoTsai"
        },
        "content": ""
      },
      {
        "lineNumber": 24,
        "author": {
          "gitId": "RenzoTsai"
        },
        "content": "    private void addModule(SelectedModulesList moduleList) {"
      },
      {
        "lineNumber": 25,
        "author": {
          "gitId": "RenzoTsai"
        },
        "content": "        for (SemModulesList sem: moduleList) {"
      },
      {
        "lineNumber": 26,
        "author": {
          "gitId": "RenzoTsai"
        },
        "content": "            if (sem.getSem().equals(module.getSem())) {"
      },
      {
        "lineNumber": 27,
        "author": {
          "gitId": "RenzoTsai"
        },
        "content": "                sem.add(module);"
      },
      {
        "lineNumber": 28,
        "author": {
          "gitId": "RenzoTsai"
        },
        "content": "                return;"
      },
      {
        "lineNumber": 29,
        "author": {
          "gitId": "RenzoTsai"
        },
        "content": "            }"
      },
      {
        "lineNumber": 30,
        "author": {
          "gitId": "RenzoTsai"
        },
        "content": "        }"
      },
      {
        "lineNumber": 31,
        "author": {
          "gitId": "RenzoTsai"
        },
        "content": "        SemModulesList sem \u003d new SemModulesList(module.getSem());"
      },
      {
        "lineNumber": 32,
        "author": {
          "gitId": "RenzoTsai"
        },
        "content": "        sem.add(module);"
      },
      {
        "lineNumber": 33,
        "author": {
          "gitId": "RenzoTsai"
        },
        "content": "        moduleList.add(sem);"
      },
      {
        "lineNumber": 34,
        "author": {
          "gitId": "RenzoTsai"
        },
        "content": "    }"
      },
      {
        "lineNumber": 35,
        "author": {
          "gitId": "RenzoTsai"
        },
        "content": "}"
      }
    ],
    "authorContributionMap": {
      "RenzoTsai": 33,
      "bennychanya": 2
    }
  },
  {
    "path": "src/main/java/seedu/duke/command/Command.java",
    "fileType": "java",
    "lines": [
      {
        "lineNumber": 1,
        "author": {
          "gitId": "RenzoTsai"
        },
        "content": "package seedu.duke.command;"
      },
      {
        "lineNumber": 2,
        "author": {
          "gitId": "RenzoTsai"
        },
        "content": ""
      },
      {
        "lineNumber": 3,
        "author": {
          "gitId": "RenzoTsai"
        },
        "content": "import seedu.duke.data.ModuleList;"
      },
      {
        "lineNumber": 4,
        "author": {
          "gitId": "RenzoTsai"
        },
        "content": "import seedu.duke.data.SelectedModulesList;"
      },
      {
        "lineNumber": 5,
        "author": {
          "gitId": "RenzoTsai"
        },
        "content": ""
      },
      {
        "lineNumber": 6,
        "author": {
          "gitId": "RenzoTsai"
        },
        "content": "public class Command {"
      },
      {
        "lineNumber": 7,
        "author": {
          "gitId": "RenzoTsai"
        },
        "content": ""
      },
      {
        "lineNumber": 8,
        "author": {
          "gitId": "RenzoTsai"
        },
        "content": "    public void execute(SelectedModulesList selectedModulesList, ModuleList availableModulesList) {"
      },
      {
        "lineNumber": 9,
        "author": {
          "gitId": "RenzoTsai"
        },
        "content": "    }"
      },
      {
        "lineNumber": 10,
        "author": {
          "gitId": "bennychanya"
        },
        "content": ""
      },
      {
        "lineNumber": 11,
        "author": {
          "gitId": "bennychanya"
        },
        "content": "    public boolean isExit() {"
      },
      {
        "lineNumber": 12,
        "author": {
          "gitId": "bennychanya"
        },
        "content": "        return false;"
      },
      {
        "lineNumber": 13,
        "author": {
          "gitId": "RenzoTsai"
        },
        "content": "    }"
      },
      {
        "lineNumber": 14,
        "author": {
          "gitId": "RenzoTsai"
        },
        "content": "}"
      }
    ],
    "authorContributionMap": {
      "RenzoTsai": 11,
      "bennychanya": 3
    }
  },
  {
    "path": "src/main/java/seedu/duke/command/ExitCommand.java",
    "fileType": "java",
    "lines": [
      {
        "lineNumber": 1,
        "author": {
          "gitId": "bennychanya"
        },
        "content": "package seedu.duke.command;"
      },
      {
        "lineNumber": 2,
        "author": {
          "gitId": "bennychanya"
        },
        "content": ""
      },
      {
        "lineNumber": 3,
        "author": {
          "gitId": "bennychanya"
        },
        "content": "public class ExitCommand extends Command {"
      },
      {
        "lineNumber": 4,
        "author": {
          "gitId": "bennychanya"
        },
        "content": ""
      },
      {
        "lineNumber": 5,
        "author": {
          "gitId": "RenzoTsai"
        },
        "content": "    public static final String COMMAND_WORD \u003d \"bye\";"
      },
      {
        "lineNumber": 6,
        "author": {
          "gitId": "bennychanya"
        },
        "content": ""
      },
      {
        "lineNumber": 7,
        "author": {
          "gitId": "bennychanya"
        },
        "content": "    public boolean isExit() {"
      },
      {
        "lineNumber": 8,
        "author": {
          "gitId": "bennychanya"
        },
        "content": "        return true;"
      },
      {
        "lineNumber": 9,
        "author": {
          "gitId": "bennychanya"
        },
        "content": "    }"
      },
      {
        "lineNumber": 10,
        "author": {
          "gitId": "bennychanya"
        },
        "content": "}"
      }
    ],
    "authorContributionMap": {
      "bennychanya": 9,
      "RenzoTsai": 1
    }
  },
  {
    "path": "src/main/java/seedu/duke/command/ViewCommand.java",
    "fileType": "java",
    "lines": [
      {
        "lineNumber": 1,
        "author": {
          "gitId": "RenzoTsai"
        },
        "content": "package seedu.duke.command;"
      },
      {
        "lineNumber": 2,
        "author": {
          "gitId": "RenzoTsai"
        },
        "content": ""
      },
      {
        "lineNumber": 3,
        "author": {
          "gitId": "RenzoTsai"
        },
        "content": "import seedu.duke.data.ModuleList;"
      },
      {
        "lineNumber": 4,
        "author": {
          "gitId": "RenzoTsai"
        },
        "content": "import seedu.duke.data.SelectedModulesList;"
      },
      {
        "lineNumber": 5,
        "author": {
          "gitId": "RenzoTsai"
        },
        "content": "import seedu.duke.data.SemModulesList;"
      },
      {
        "lineNumber": 6,
        "author": {
          "gitId": "RenzoTsai"
        },
        "content": "import seedu.duke.module.Module;"
      },
      {
        "lineNumber": 7,
        "author": {
          "gitId": "RenzoTsai"
        },
        "content": "import seedu.duke.module.SelectedModule;"
      },
      {
        "lineNumber": 8,
        "author": {
          "gitId": "RenzoTsai"
        },
        "content": "import seedu.duke.ui.Ui;"
      },
      {
        "lineNumber": 9,
        "author": {
          "gitId": "RenzoTsai"
        },
        "content": ""
      },
      {
        "lineNumber": 10,
        "author": {
          "gitId": "RenzoTsai"
        },
        "content": "public class ViewCommand extends Command {"
      },
      {
        "lineNumber": 11,
        "author": {
          "gitId": "RenzoTsai"
        },
        "content": ""
      },
      {
        "lineNumber": 12,
        "author": {
          "gitId": "RenzoTsai"
        },
        "content": "    public static final String COMMAND_WORD \u003d \"view\";"
      },
      {
        "lineNumber": 13,
        "author": {
          "gitId": "RenzoTsai"
        },
        "content": "    public static final String VIEW_COMPULSORY_MODULES \u003d \"cm\";"
      },
      {
        "lineNumber": 14,
        "author": {
          "gitId": "RenzoTsai"
        },
        "content": "    public static final String VIEW_DONE_MODULES \u003d \"dm\";"
      },
      {
        "lineNumber": 15,
        "author": {
          "gitId": "RenzoTsai"
        },
        "content": "    public static final String VIEW_MODULE_PLAN \u003d \"mp\";"
      },
      {
        "lineNumber": 16,
        "author": {
          "gitId": "RenzoTsai"
        },
        "content": "    public static final String VIEW_SPECIFIC_MODULE \u003d \"sm\";"
      },
      {
        "lineNumber": 17,
        "author": {
          "gitId": "RenzoTsai"
        },
        "content": "    private String viewTaskType;"
      },
      {
        "lineNumber": 18,
        "author": {
          "gitId": "RenzoTsai"
        },
        "content": "    private String moduleToBeViewed;"
      },
      {
        "lineNumber": 19,
        "author": {
          "gitId": "RenzoTsai"
        },
        "content": ""
      },
      {
        "lineNumber": 20,
        "author": {
          "gitId": "RenzoTsai"
        },
        "content": "    public ViewCommand(String viewTaskType) {"
      },
      {
        "lineNumber": 21,
        "author": {
          "gitId": "RenzoTsai"
        },
        "content": "        this.viewTaskType \u003d viewTaskType;"
      },
      {
        "lineNumber": 22,
        "author": {
          "gitId": "RenzoTsai"
        },
        "content": "    }"
      },
      {
        "lineNumber": 23,
        "author": {
          "gitId": "RenzoTsai"
        },
        "content": ""
      },
      {
        "lineNumber": 24,
        "author": {
          "gitId": "RenzoTsai"
        },
        "content": "    public ViewCommand(String viewTaskType, String moduleIdentifier) {"
      },
      {
        "lineNumber": 25,
        "author": {
          "gitId": "RenzoTsai"
        },
        "content": "        this.viewTaskType \u003d viewTaskType;"
      },
      {
        "lineNumber": 26,
        "author": {
          "gitId": "RenzoTsai"
        },
        "content": "        this.moduleToBeViewed \u003d moduleIdentifier;"
      },
      {
        "lineNumber": 27,
        "author": {
          "gitId": "RenzoTsai"
        },
        "content": "    }"
      },
      {
        "lineNumber": 28,
        "author": {
          "gitId": "RenzoTsai"
        },
        "content": ""
      },
      {
        "lineNumber": 29,
        "author": {
          "gitId": "RenzoTsai"
        },
        "content": "    @Override"
      },
      {
        "lineNumber": 30,
        "author": {
          "gitId": "RenzoTsai"
        },
        "content": "    public void execute(SelectedModulesList selectedModulesList, ModuleList availableModulesList) {"
      },
      {
        "lineNumber": 31,
        "author": {
          "gitId": "RenzoTsai"
        },
        "content": "        switch (viewTaskType) {"
      },
      {
        "lineNumber": 32,
        "author": {
          "gitId": "RenzoTsai"
        },
        "content": "        case VIEW_MODULE_PLAN:"
      },
      {
        "lineNumber": 33,
        "author": {
          "gitId": "RenzoTsai"
        },
        "content": "            viewModulePlan(selectedModulesList);"
      },
      {
        "lineNumber": 34,
        "author": {
          "gitId": "RenzoTsai"
        },
        "content": "            break;"
      },
      {
        "lineNumber": 35,
        "author": {
          "gitId": "RenzoTsai"
        },
        "content": "        default:"
      },
      {
        "lineNumber": 36,
        "author": {
          "gitId": "RenzoTsai"
        },
        "content": "            return;"
      },
      {
        "lineNumber": 37,
        "author": {
          "gitId": "RenzoTsai"
        },
        "content": "        }"
      },
      {
        "lineNumber": 38,
        "author": {
          "gitId": "RenzoTsai"
        },
        "content": "    }"
      },
      {
        "lineNumber": 39,
        "author": {
          "gitId": "RenzoTsai"
        },
        "content": ""
      },
      {
        "lineNumber": 40,
        "author": {
          "gitId": "RenzoTsai"
        },
        "content": "    /**"
      },
      {
        "lineNumber": 41,
        "author": {
          "gitId": "RenzoTsai"
        },
        "content": "     * Prints the user\u0027s module plan."
      },
      {
        "lineNumber": 42,
        "author": {
          "gitId": "RenzoTsai"
        },
        "content": "     * @param moduleList user\u0027s module list."
      },
      {
        "lineNumber": 43,
        "author": {
          "gitId": "RenzoTsai"
        },
        "content": "     */"
      },
      {
        "lineNumber": 44,
        "author": {
          "gitId": "RenzoTsai"
        },
        "content": "    private void viewModulePlan(SelectedModulesList moduleList) {"
      },
      {
        "lineNumber": 45,
        "author": {
          "gitId": "RenzoTsai"
        },
        "content": "        StringBuilder viewList \u003d new StringBuilder();"
      },
      {
        "lineNumber": 46,
        "author": {
          "gitId": "RenzoTsai"
        },
        "content": "        for (SemModulesList sem: moduleList) {"
      },
      {
        "lineNumber": 47,
        "author": {
          "gitId": "RenzoTsai"
        },
        "content": "            viewList.append(sem.getSem()).append(System.lineSeparator());"
      },
      {
        "lineNumber": 48,
        "author": {
          "gitId": "RenzoTsai"
        },
        "content": "            for (Module selectedModule: sem) {"
      },
      {
        "lineNumber": 49,
        "author": {
          "gitId": "RenzoTsai"
        },
        "content": "                int index \u003d sem.indexOf(selectedModule) + 1;"
      },
      {
        "lineNumber": 50,
        "author": {
          "gitId": "RenzoTsai"
        },
        "content": "                viewList.append(index).append(\".\")"
      },
      {
        "lineNumber": 51,
        "author": {
          "gitId": "RenzoTsai"
        },
        "content": "                        .append(selectedModule.toString())"
      },
      {
        "lineNumber": 52,
        "author": {
          "gitId": "RenzoTsai"
        },
        "content": "                        .append(System.lineSeparator());"
      },
      {
        "lineNumber": 53,
        "author": {
          "gitId": "RenzoTsai"
        },
        "content": "            }"
      },
      {
        "lineNumber": 54,
        "author": {
          "gitId": "RenzoTsai"
        },
        "content": "            viewList.append(System.lineSeparator());"
      },
      {
        "lineNumber": 55,
        "author": {
          "gitId": "RenzoTsai"
        },
        "content": "        }"
      },
      {
        "lineNumber": 56,
        "author": {
          "gitId": "RenzoTsai"
        },
        "content": "        Ui.showViewedMessage(viewList.toString().trim());"
      },
      {
        "lineNumber": 57,
        "author": {
          "gitId": "RenzoTsai"
        },
        "content": "    }"
      },
      {
        "lineNumber": 58,
        "author": {
          "gitId": "RenzoTsai"
        },
        "content": "}"
      }
    ],
    "authorContributionMap": {
      "RenzoTsai": 58
    }
  },
  {
    "path": "src/main/java/seedu/duke/data/AvailableModulesList.java",
    "fileType": "java",
    "lines": [
      {
        "lineNumber": 1,
        "author": {
          "gitId": "bennychanya"
        },
        "content": "package seedu.duke.data;"
      },
      {
        "lineNumber": 2,
        "author": {
          "gitId": "bennychanya"
        },
        "content": ""
      },
      {
        "lineNumber": 3,
        "author": {
          "gitId": "bennychanya"
        },
        "content": "public class AvailableModulesList extends ModuleList {"
      },
      {
        "lineNumber": 4,
        "author": {
          "gitId": "bennychanya"
        },
        "content": "    public AvailableModulesList() {"
      },
      {
        "lineNumber": 5,
        "author": {
          "gitId": "bennychanya"
        },
        "content": "        super();"
      },
      {
        "lineNumber": 6,
        "author": {
          "gitId": "bennychanya"
        },
        "content": "    }"
      },
      {
        "lineNumber": 7,
        "author": {
          "gitId": "bennychanya"
        },
        "content": "}"
      }
    ],
    "authorContributionMap": {
      "bennychanya": 7
    }
  },
  {
    "path": "src/main/java/seedu/duke/data/ModuleList.java",
    "fileType": "java",
    "lines": [
      {
        "lineNumber": 1,
        "author": {
          "gitId": "RenzoTsai"
        },
        "content": "package seedu.duke.data;"
      },
      {
        "lineNumber": 2,
        "author": {
          "gitId": "RenzoTsai"
        },
        "content": ""
      },
      {
        "lineNumber": 3,
        "author": {
          "gitId": "RenzoTsai"
        },
        "content": "import seedu.duke.module.Module;"
      },
      {
        "lineNumber": 4,
        "author": {
          "gitId": "RenzoTsai"
        },
        "content": ""
      },
      {
        "lineNumber": 5,
        "author": {
          "gitId": "RenzoTsai"
        },
        "content": "import java.util.ArrayList;"
      },
      {
        "lineNumber": 6,
        "author": {
          "gitId": "RenzoTsai"
        },
        "content": ""
      },
      {
        "lineNumber": 7,
        "author": {
          "gitId": "RenzoTsai"
        },
        "content": "public class ModuleList extends ArrayList\u003cModule\u003e {"
      },
      {
        "lineNumber": 8,
        "author": {
          "gitId": "RenzoTsai"
        },
        "content": "    public ModuleList() {"
      },
      {
        "lineNumber": 9,
        "author": {
          "gitId": "RenzoTsai"
        },
        "content": "        super();"
      },
      {
        "lineNumber": 10,
        "author": {
          "gitId": "RenzoTsai"
        },
        "content": "    }"
      },
      {
        "lineNumber": 11,
        "author": {
          "gitId": "RenzoTsai"
        },
        "content": ""
      },
      {
        "lineNumber": 12,
        "author": {
          "gitId": "RenzoTsai"
        },
        "content": "}"
      }
    ],
    "authorContributionMap": {
      "RenzoTsai": 12
    }
  },
  {
    "path": "src/main/java/seedu/duke/data/SelectedModulesList.java",
    "fileType": "java",
    "lines": [
      {
        "lineNumber": 1,
        "author": {
          "gitId": "bennychanya"
        },
        "content": "package seedu.duke.data;"
      },
      {
        "lineNumber": 2,
        "author": {
          "gitId": "bennychanya"
        },
        "content": ""
      },
      {
        "lineNumber": 3,
        "author": {
          "gitId": "RenzoTsai"
        },
        "content": "import java.util.ArrayList;"
      },
      {
        "lineNumber": 4,
        "author": {
          "gitId": "RenzoTsai"
        },
        "content": ""
      },
      {
        "lineNumber": 5,
        "author": {
          "gitId": "RenzoTsai"
        },
        "content": "public class SelectedModulesList extends ArrayList\u003cSemModulesList\u003e {"
      },
      {
        "lineNumber": 6,
        "author": {
          "gitId": "bennychanya"
        },
        "content": "    public SelectedModulesList() {"
      },
      {
        "lineNumber": 7,
        "author": {
          "gitId": "bennychanya"
        },
        "content": "        super();"
      },
      {
        "lineNumber": 8,
        "author": {
          "gitId": "bennychanya"
        },
        "content": "    }"
      },
      {
        "lineNumber": 9,
        "author": {
          "gitId": "bennychanya"
        },
        "content": "}"
      }
    ],
    "authorContributionMap": {
      "bennychanya": 6,
      "RenzoTsai": 3
    }
  },
  {
    "path": "src/main/java/seedu/duke/data/SemModulesList.java",
    "fileType": "java",
    "lines": [
      {
        "lineNumber": 1,
        "author": {
          "gitId": "RenzoTsai"
        },
        "content": "package seedu.duke.data;"
      },
      {
        "lineNumber": 2,
        "author": {
          "gitId": "RenzoTsai"
        },
        "content": ""
      },
      {
        "lineNumber": 3,
        "author": {
          "gitId": "RenzoTsai"
        },
        "content": "public class SemModulesList extends ModuleList {"
      },
      {
        "lineNumber": 4,
        "author": {
          "gitId": "RenzoTsai"
        },
        "content": "    private String semName;"
      },
      {
        "lineNumber": 5,
        "author": {
          "gitId": "RenzoTsai"
        },
        "content": ""
      },
      {
        "lineNumber": 6,
        "author": {
          "gitId": "RenzoTsai"
        },
        "content": "    public SemModulesList(String semName) {"
      },
      {
        "lineNumber": 7,
        "author": {
          "gitId": "RenzoTsai"
        },
        "content": "        this.semName \u003d semName;"
      },
      {
        "lineNumber": 8,
        "author": {
          "gitId": "RenzoTsai"
        },
        "content": "    }"
      },
      {
        "lineNumber": 9,
        "author": {
          "gitId": "RenzoTsai"
        },
        "content": ""
      },
      {
        "lineNumber": 10,
        "author": {
          "gitId": "RenzoTsai"
        },
        "content": "    public String getSem() {"
      },
      {
        "lineNumber": 11,
        "author": {
          "gitId": "RenzoTsai"
        },
        "content": "        return semName;"
      },
      {
        "lineNumber": 12,
        "author": {
          "gitId": "RenzoTsai"
        },
        "content": "    }"
      },
      {
        "lineNumber": 13,
        "author": {
          "gitId": "RenzoTsai"
        },
        "content": "}"
      }
    ],
    "authorContributionMap": {
      "RenzoTsai": 13
    }
  },
  {
    "path": "src/main/java/seedu/duke/module/Module.java",
    "fileType": "java",
    "lines": [
      {
        "lineNumber": 1,
        "author": {
          "gitId": "RenzoTsai"
        },
        "content": "package seedu.duke.module;"
      },
      {
        "lineNumber": 2,
        "author": {
          "gitId": "RenzoTsai"
        },
        "content": ""
      },
      {
        "lineNumber": 3,
        "author": {
          "gitId": "RenzoTsai"
        },
        "content": "import seedu.duke.data.ModuleList;"
      },
      {
        "lineNumber": 4,
        "author": {
          "gitId": "RenzoTsai"
        },
        "content": ""
      },
      {
        "lineNumber": 5,
        "author": {
          "gitId": "RenzoTsai"
        },
        "content": "public class Module {"
      },
      {
        "lineNumber": 6,
        "author": {
          "gitId": "RenzoTsai"
        },
        "content": "    protected String name;"
      },
      {
        "lineNumber": 7,
        "author": {
          "gitId": "RenzoTsai"
        },
        "content": "    protected String id;"
      },
      {
        "lineNumber": 8,
        "author": {
          "gitId": "RenzoTsai"
        },
        "content": "    protected String semester;"
      },
      {
        "lineNumber": 9,
        "author": {
          "gitId": "RenzoTsai"
        },
        "content": "    protected String description;"
      },
      {
        "lineNumber": 10,
        "author": {
          "gitId": "RenzoTsai"
        },
        "content": "    protected Boolean isSUable;"
      },
      {
        "lineNumber": 11,
        "author": {
          "gitId": "RenzoTsai"
        },
        "content": "    protected ModuleList preReqModules;"
      },
      {
        "lineNumber": 12,
        "author": {
          "gitId": "RenzoTsai"
        },
        "content": "    protected boolean isNameValid;"
      },
      {
        "lineNumber": 13,
        "author": {
          "gitId": "RenzoTsai"
        },
        "content": "    protected boolean isIdValid;"
      },
      {
        "lineNumber": 14,
        "author": {
          "gitId": "RenzoTsai"
        },
        "content": ""
      },
      {
        "lineNumber": 15,
        "author": {
          "gitId": "RenzoTsai"
        },
        "content": ""
      },
      {
        "lineNumber": 16,
        "author": {
          "gitId": "RenzoTsai"
        },
        "content": "    /**"
      },
      {
        "lineNumber": 17,
        "author": {
          "gitId": "RenzoTsai"
        },
        "content": "     * This is Module\u0027s constructor."
      },
      {
        "lineNumber": 18,
        "author": {
          "gitId": "RenzoTsai"
        },
        "content": "     * @param type the type of module identifier."
      },
      {
        "lineNumber": 19,
        "author": {
          "gitId": "RenzoTsai"
        },
        "content": "     * @param moduleIdentifier the identifier which can be either module\u0027s name or module\u0027s id."
      },
      {
        "lineNumber": 20,
        "author": {
          "gitId": "RenzoTsai"
        },
        "content": "     * @param semester the module\u0027s semester."
      },
      {
        "lineNumber": 21,
        "author": {
          "gitId": "RenzoTsai"
        },
        "content": "     */"
      },
      {
        "lineNumber": 22,
        "author": {
          "gitId": "RenzoTsai"
        },
        "content": "    public Module(String type, String moduleIdentifier, String semester) {"
      },
      {
        "lineNumber": 23,
        "author": {
          "gitId": "RenzoTsai"
        },
        "content": "        this.isNameValid \u003d type.equals(\"name\");"
      },
      {
        "lineNumber": 24,
        "author": {
          "gitId": "RenzoTsai"
        },
        "content": "        this.isIdValid \u003d type.equals(\"id\");"
      },
      {
        "lineNumber": 25,
        "author": {
          "gitId": "RenzoTsai"
        },
        "content": "        this.semester \u003d semester;"
      },
      {
        "lineNumber": 26,
        "author": {
          "gitId": "RenzoTsai"
        },
        "content": "        if (isNameValid) {"
      },
      {
        "lineNumber": 27,
        "author": {
          "gitId": "RenzoTsai"
        },
        "content": "            this.name \u003d moduleIdentifier;"
      },
      {
        "lineNumber": 28,
        "author": {
          "gitId": "RenzoTsai"
        },
        "content": "        } else if (isIdValid) {"
      },
      {
        "lineNumber": 29,
        "author": {
          "gitId": "RenzoTsai"
        },
        "content": "            this.id \u003d moduleIdentifier;"
      },
      {
        "lineNumber": 30,
        "author": {
          "gitId": "RenzoTsai"
        },
        "content": "        }"
      },
      {
        "lineNumber": 31,
        "author": {
          "gitId": "RenzoTsai"
        },
        "content": "    }"
      },
      {
        "lineNumber": 32,
        "author": {
          "gitId": "RenzoTsai"
        },
        "content": ""
      },
      {
        "lineNumber": 33,
        "author": {
          "gitId": "RenzoTsai"
        },
        "content": "    @Override"
      },
      {
        "lineNumber": 34,
        "author": {
          "gitId": "RenzoTsai"
        },
        "content": "    public String toString() {"
      },
      {
        "lineNumber": 35,
        "author": {
          "gitId": "RenzoTsai"
        },
        "content": "        String returnString \u003d null;"
      },
      {
        "lineNumber": 36,
        "author": {
          "gitId": "RenzoTsai"
        },
        "content": "        if (isIdValid \u0026\u0026 isNameValid) {"
      },
      {
        "lineNumber": 37,
        "author": {
          "gitId": "RenzoTsai"
        },
        "content": "            returnString \u003d \"ID: \" + id + \" Name: \" + name;"
      },
      {
        "lineNumber": 38,
        "author": {
          "gitId": "RenzoTsai"
        },
        "content": "        } else if (isNameValid) {"
      },
      {
        "lineNumber": 39,
        "author": {
          "gitId": "RenzoTsai"
        },
        "content": "            returnString \u003d \"Name: \" + name;"
      },
      {
        "lineNumber": 40,
        "author": {
          "gitId": "RenzoTsai"
        },
        "content": "        } else if (isIdValid) {"
      },
      {
        "lineNumber": 41,
        "author": {
          "gitId": "RenzoTsai"
        },
        "content": "            returnString \u003d \"ID: \" + id;"
      },
      {
        "lineNumber": 42,
        "author": {
          "gitId": "RenzoTsai"
        },
        "content": "        }"
      },
      {
        "lineNumber": 43,
        "author": {
          "gitId": "RenzoTsai"
        },
        "content": "        return returnString + \" | Sem: \" + semester;"
      },
      {
        "lineNumber": 44,
        "author": {
          "gitId": "RenzoTsai"
        },
        "content": "    }"
      },
      {
        "lineNumber": 45,
        "author": {
          "gitId": "RenzoTsai"
        },
        "content": ""
      },
      {
        "lineNumber": 46,
        "author": {
          "gitId": "RenzoTsai"
        },
        "content": "    public String getSem() {"
      },
      {
        "lineNumber": 47,
        "author": {
          "gitId": "RenzoTsai"
        },
        "content": "        return semester;"
      },
      {
        "lineNumber": 48,
        "author": {
          "gitId": "RenzoTsai"
        },
        "content": "    }"
      },
      {
        "lineNumber": 49,
        "author": {
          "gitId": "RenzoTsai"
        },
        "content": "}"
      }
    ],
    "authorContributionMap": {
      "RenzoTsai": 49
    }
  },
  {
    "path": "src/main/java/seedu/duke/module/SelectedModule.java",
    "fileType": "java",
    "lines": [
      {
        "lineNumber": 1,
        "author": {
          "gitId": "RenzoTsai"
        },
        "content": "package seedu.duke.module;"
      },
      {
        "lineNumber": 2,
        "author": {
          "gitId": "RenzoTsai"
        },
        "content": ""
      },
      {
        "lineNumber": 3,
        "author": {
          "gitId": "RenzoTsai"
        },
        "content": "public class SelectedModule extends Module {"
      },
      {
        "lineNumber": 4,
        "author": {
          "gitId": "RenzoTsai"
        },
        "content": "    private boolean isCompleted;"
      },
      {
        "lineNumber": 5,
        "author": {
          "gitId": "RenzoTsai"
        },
        "content": "    private double grade;"
      },
      {
        "lineNumber": 6,
        "author": {
          "gitId": "RenzoTsai"
        },
        "content": ""
      },
      {
        "lineNumber": 7,
        "author": {
          "gitId": "RenzoTsai"
        },
        "content": "    /**"
      },
      {
        "lineNumber": 8,
        "author": {
          "gitId": "RenzoTsai"
        },
        "content": "     * This is Module\u0027s constructor."
      },
      {
        "lineNumber": 9,
        "author": {
          "gitId": "RenzoTsai"
        },
        "content": "     *"
      },
      {
        "lineNumber": 10,
        "author": {
          "gitId": "RenzoTsai"
        },
        "content": "     * @param type             the type of module identifier."
      },
      {
        "lineNumber": 11,
        "author": {
          "gitId": "RenzoTsai"
        },
        "content": "     * @param moduleIdentifier the identifier which can be either module\u0027s name or module\u0027s id."
      },
      {
        "lineNumber": 12,
        "author": {
          "gitId": "RenzoTsai"
        },
        "content": "     * @param semester         the module\u0027s semester."
      },
      {
        "lineNumber": 13,
        "author": {
          "gitId": "RenzoTsai"
        },
        "content": "     */"
      },
      {
        "lineNumber": 14,
        "author": {
          "gitId": "RenzoTsai"
        },
        "content": "    public SelectedModule(String type, String moduleIdentifier, String semester) {"
      },
      {
        "lineNumber": 15,
        "author": {
          "gitId": "RenzoTsai"
        },
        "content": "        super(type, moduleIdentifier, semester);"
      },
      {
        "lineNumber": 16,
        "author": {
          "gitId": "RenzoTsai"
        },
        "content": "    }"
      },
      {
        "lineNumber": 17,
        "author": {
          "gitId": "RenzoTsai"
        },
        "content": ""
      },
      {
        "lineNumber": 18,
        "author": {
          "gitId": "RenzoTsai"
        },
        "content": "}"
      }
    ],
    "authorContributionMap": {
      "RenzoTsai": 18
    }
  },
  {
    "path": "src/main/java/seedu/duke/parser/Parser.java",
    "fileType": "java",
    "lines": [
      {
        "lineNumber": 1,
        "author": {
          "gitId": "RenzoTsai"
        },
        "content": "package seedu.duke.parser;"
      },
      {
        "lineNumber": 2,
        "author": {
          "gitId": "RenzoTsai"
        },
        "content": ""
      },
      {
        "lineNumber": 3,
        "author": {
          "gitId": "RenzoTsai"
        },
        "content": "import seedu.duke.command.AddCommand;"
      },
      {
        "lineNumber": 4,
        "author": {
          "gitId": "RenzoTsai"
        },
        "content": "import seedu.duke.command.Command;"
      },
      {
        "lineNumber": 5,
        "author": {
          "gitId": "RenzoTsai"
        },
        "content": "import seedu.duke.command.ViewCommand;"
      },
      {
        "lineNumber": 6,
        "author": {
          "gitId": "bennychanya"
        },
        "content": "import seedu.duke.command.ExitCommand;"
      },
      {
        "lineNumber": 7,
        "author": {
          "gitId": "RenzoTsai"
        },
        "content": "import seedu.duke.module.Module;"
      },
      {
        "lineNumber": 8,
        "author": {
          "gitId": "RenzoTsai"
        },
        "content": ""
      },
      {
        "lineNumber": 9,
        "author": {
          "gitId": "RenzoTsai"
        },
        "content": "/**"
      },
      {
        "lineNumber": 10,
        "author": {
          "gitId": "RenzoTsai"
        },
        "content": " * Parses user input."
      },
      {
        "lineNumber": 11,
        "author": {
          "gitId": "RenzoTsai"
        },
        "content": " */"
      },
      {
        "lineNumber": 12,
        "author": {
          "gitId": "RenzoTsai"
        },
        "content": "public class Parser {"
      },
      {
        "lineNumber": 13,
        "author": {
          "gitId": "RenzoTsai"
        },
        "content": "    /**"
      },
      {
        "lineNumber": 14,
        "author": {
          "gitId": "RenzoTsai"
        },
        "content": "     * Parses user input into module."
      },
      {
        "lineNumber": 15,
        "author": {
          "gitId": "RenzoTsai"
        },
        "content": "     * @param fullCommand full user input command."
      },
      {
        "lineNumber": 16,
        "author": {
          "gitId": "RenzoTsai"
        },
        "content": "     * @return the module."
      },
      {
        "lineNumber": 17,
        "author": {
          "gitId": "RenzoTsai"
        },
        "content": "     */"
      },
      {
        "lineNumber": 18,
        "author": {
          "gitId": "RenzoTsai"
        },
        "content": "    public static Command parse(String fullCommand) {"
      },
      {
        "lineNumber": 19,
        "author": {
          "gitId": "RenzoTsai"
        },
        "content": "        String taskType;"
      },
      {
        "lineNumber": 20,
        "author": {
          "gitId": "RenzoTsai"
        },
        "content": "        String args \u003d null;"
      },
      {
        "lineNumber": 21,
        "author": {
          "gitId": "RenzoTsai"
        },
        "content": "        String[] words;"
      },
      {
        "lineNumber": 22,
        "author": {
          "gitId": "bennychanya"
        },
        "content": "        words \u003d fullCommand.split(\" \",2);"
      },
      {
        "lineNumber": 23,
        "author": {
          "gitId": "RenzoTsai"
        },
        "content": "        taskType \u003d words[0];"
      },
      {
        "lineNumber": 24,
        "author": {
          "gitId": "RenzoTsai"
        },
        "content": ""
      },
      {
        "lineNumber": 25,
        "author": {
          "gitId": "RenzoTsai"
        },
        "content": "        if (words.length \u003e 1) {"
      },
      {
        "lineNumber": 26,
        "author": {
          "gitId": "RenzoTsai"
        },
        "content": "            args \u003d words[1];"
      },
      {
        "lineNumber": 27,
        "author": {
          "gitId": "RenzoTsai"
        },
        "content": "        }"
      },
      {
        "lineNumber": 28,
        "author": {
          "gitId": "RenzoTsai"
        },
        "content": ""
      },
      {
        "lineNumber": 29,
        "author": {
          "gitId": "RenzoTsai"
        },
        "content": "        switch (taskType) {"
      },
      {
        "lineNumber": 30,
        "author": {
          "gitId": "RenzoTsai"
        },
        "content": "        case AddCommand.COMMAND_WORD:"
      },
      {
        "lineNumber": 31,
        "author": {
          "gitId": "RenzoTsai"
        },
        "content": "            return processAddCommand(args);"
      },
      {
        "lineNumber": 32,
        "author": {
          "gitId": "RenzoTsai"
        },
        "content": "        case ViewCommand.COMMAND_WORD:"
      },
      {
        "lineNumber": 33,
        "author": {
          "gitId": "RenzoTsai"
        },
        "content": "            return processViewCommand(args);"
      },
      {
        "lineNumber": 34,
        "author": {
          "gitId": "bennychanya"
        },
        "content": "        case ExitCommand.COMMAND_WORD:"
      },
      {
        "lineNumber": 35,
        "author": {
          "gitId": "bennychanya"
        },
        "content": "            return processExitCommand();"
      },
      {
        "lineNumber": 36,
        "author": {
          "gitId": "RenzoTsai"
        },
        "content": "        default:"
      },
      {
        "lineNumber": 37,
        "author": {
          "gitId": "RenzoTsai"
        },
        "content": "            return null;"
      },
      {
        "lineNumber": 38,
        "author": {
          "gitId": "RenzoTsai"
        },
        "content": "        }"
      },
      {
        "lineNumber": 39,
        "author": {
          "gitId": "RenzoTsai"
        },
        "content": "    }"
      },
      {
        "lineNumber": 40,
        "author": {
          "gitId": "RenzoTsai"
        },
        "content": ""
      },
      {
        "lineNumber": 41,
        "author": {
          "gitId": "RenzoTsai"
        },
        "content": "    private static AddCommand processAddCommand(String args) {"
      },
      {
        "lineNumber": 42,
        "author": {
          "gitId": "RenzoTsai"
        },
        "content": "        String[] moduleWords;"
      },
      {
        "lineNumber": 43,
        "author": {
          "gitId": "RenzoTsai"
        },
        "content": "        moduleWords \u003d args.split(\" s/\");"
      },
      {
        "lineNumber": 44,
        "author": {
          "gitId": "RenzoTsai"
        },
        "content": "        boolean isWrongArgs \u003d moduleWords.length \u003c 2;"
      },
      {
        "lineNumber": 45,
        "author": {
          "gitId": "RenzoTsai"
        },
        "content": "        if (isWrongArgs) {"
      },
      {
        "lineNumber": 46,
        "author": {
          "gitId": "RenzoTsai"
        },
        "content": "            return null;"
      },
      {
        "lineNumber": 47,
        "author": {
          "gitId": "RenzoTsai"
        },
        "content": "        }"
      },
      {
        "lineNumber": 48,
        "author": {
          "gitId": "RenzoTsai"
        },
        "content": "        String module \u003d moduleWords[0];"
      },
      {
        "lineNumber": 49,
        "author": {
          "gitId": "RenzoTsai"
        },
        "content": "        String semester \u003d moduleWords[1];"
      },
      {
        "lineNumber": 50,
        "author": {
          "gitId": "RenzoTsai"
        },
        "content": "        if (module.contains(\"n/\")) {"
      },
      {
        "lineNumber": 51,
        "author": {
          "gitId": "RenzoTsai"
        },
        "content": "            String moduleName \u003d module.replace(\"n/\",\"\");"
      },
      {
        "lineNumber": 52,
        "author": {
          "gitId": "RenzoTsai"
        },
        "content": "            return new AddCommand(new Module(\"name\", moduleName, semester));"
      },
      {
        "lineNumber": 53,
        "author": {
          "gitId": "RenzoTsai"
        },
        "content": "        } else if (module.contains(\"id/\")) {"
      },
      {
        "lineNumber": 54,
        "author": {
          "gitId": "RenzoTsai"
        },
        "content": "            String moduleId \u003d module.replace(\"id/\",\"\");"
      },
      {
        "lineNumber": 55,
        "author": {
          "gitId": "RenzoTsai"
        },
        "content": "            return new AddCommand(new Module(\"id\", moduleId, semester));"
      },
      {
        "lineNumber": 56,
        "author": {
          "gitId": "RenzoTsai"
        },
        "content": "        }"
      },
      {
        "lineNumber": 57,
        "author": {
          "gitId": "RenzoTsai"
        },
        "content": "        return null;"
      },
      {
        "lineNumber": 58,
        "author": {
          "gitId": "RenzoTsai"
        },
        "content": "    }"
      },
      {
        "lineNumber": 59,
        "author": {
          "gitId": "RenzoTsai"
        },
        "content": ""
      },
      {
        "lineNumber": 60,
        "author": {
          "gitId": "RenzoTsai"
        },
        "content": "    private static ViewCommand processViewCommand(String args) {"
      },
      {
        "lineNumber": 61,
        "author": {
          "gitId": "RenzoTsai"
        },
        "content": "        if (args.contains(\"/cm\")) {"
      },
      {
        "lineNumber": 62,
        "author": {
          "gitId": "RenzoTsai"
        },
        "content": "            return new ViewCommand(ViewCommand.VIEW_COMPULSORY_MODULES);"
      },
      {
        "lineNumber": 63,
        "author": {
          "gitId": "RenzoTsai"
        },
        "content": "        } else if (args.contains(\"/dm\")) {"
      },
      {
        "lineNumber": 64,
        "author": {
          "gitId": "RenzoTsai"
        },
        "content": "            return new ViewCommand(ViewCommand.VIEW_DONE_MODULES);"
      },
      {
        "lineNumber": 65,
        "author": {
          "gitId": "RenzoTsai"
        },
        "content": "        } else if (args.contains(\"/mp\")) {"
      },
      {
        "lineNumber": 66,
        "author": {
          "gitId": "RenzoTsai"
        },
        "content": "            return new ViewCommand(ViewCommand.VIEW_MODULE_PLAN);"
      },
      {
        "lineNumber": 67,
        "author": {
          "gitId": "RenzoTsai"
        },
        "content": "        } else if (args.contains(\"n/\")) {"
      },
      {
        "lineNumber": 68,
        "author": {
          "gitId": "RenzoTsai"
        },
        "content": "            String moduleToBeViewed \u003d args.replace(\"n/\",\"\");"
      },
      {
        "lineNumber": 69,
        "author": {
          "gitId": "RenzoTsai"
        },
        "content": "            return new ViewCommand(ViewCommand.VIEW_SPECIFIC_MODULE, moduleToBeViewed);"
      },
      {
        "lineNumber": 70,
        "author": {
          "gitId": "RenzoTsai"
        },
        "content": "        } else if (args.contains(\"id/\")) {"
      },
      {
        "lineNumber": 71,
        "author": {
          "gitId": "RenzoTsai"
        },
        "content": "            String moduleToBeViewed \u003d args.replace(\"id/\",\"\");"
      },
      {
        "lineNumber": 72,
        "author": {
          "gitId": "RenzoTsai"
        },
        "content": "            return new ViewCommand(ViewCommand.VIEW_SPECIFIC_MODULE, moduleToBeViewed);"
      },
      {
        "lineNumber": 73,
        "author": {
          "gitId": "RenzoTsai"
        },
        "content": "        }"
      },
      {
        "lineNumber": 74,
        "author": {
          "gitId": "RenzoTsai"
        },
        "content": "        return null;"
      },
      {
        "lineNumber": 75,
        "author": {
          "gitId": "RenzoTsai"
        },
        "content": "    }"
      },
      {
        "lineNumber": 76,
        "author": {
          "gitId": "RenzoTsai"
        },
        "content": ""
      },
      {
        "lineNumber": 77,
        "author": {
          "gitId": "bennychanya"
        },
        "content": "    private static ExitCommand processExitCommand() {"
      },
      {
        "lineNumber": 78,
        "author": {
          "gitId": "bennychanya"
        },
        "content": "        return new ExitCommand();"
      },
      {
        "lineNumber": 79,
        "author": {
          "gitId": "bennychanya"
        },
        "content": "    }"
      },
      {
        "lineNumber": 80,
        "author": {
          "gitId": "RenzoTsai"
        },
        "content": ""
      },
      {
        "lineNumber": 81,
        "author": {
          "gitId": "RenzoTsai"
        },
        "content": "}"
      }
    ],
    "authorContributionMap": {
      "RenzoTsai": 74,
      "bennychanya": 7
    }
  },
  {
    "path": "src/main/java/seedu/duke/ui/Ui.java",
    "fileType": "java",
    "lines": [
      {
        "lineNumber": 1,
        "author": {
          "gitId": "RenzoTsai"
        },
        "content": "package seedu.duke.ui;"
      },
      {
        "lineNumber": 2,
        "author": {
          "gitId": "bennychanya"
        },
        "content": ""
      },
      {
        "lineNumber": 3,
        "author": {
          "gitId": "bennychanya"
        },
        "content": "public class Ui {"
      },
      {
        "lineNumber": 4,
        "author": {
          "gitId": "bennychanya"
        },
        "content": ""
      },
      {
        "lineNumber": 5,
        "author": {
          "gitId": "bennychanya"
        },
        "content": "    private static final String LOGO \u003d"
      },
      {
        "lineNumber": 6,
        "author": {
          "gitId": "bennychanya"
        },
        "content": "              \" ____        _        \\n\""
      },
      {
        "lineNumber": 7,
        "author": {
          "gitId": "bennychanya"
        },
        "content": "            + \"|  _ \\\\ _   _| | _____ \\n\""
      },
      {
        "lineNumber": 8,
        "author": {
          "gitId": "bennychanya"
        },
        "content": "            + \"| | | | | | | |/ / _ \\\\\\n\""
      },
      {
        "lineNumber": 9,
        "author": {
          "gitId": "bennychanya"
        },
        "content": "            + \"| |_| | |_| |   \u003c  __/\\n\""
      },
      {
        "lineNumber": 10,
        "author": {
          "gitId": "bennychanya"
        },
        "content": "            + \"|____/ \\\\__,_|_|\\\\_\\\\___|\\n\";"
      },
      {
        "lineNumber": 11,
        "author": {
          "gitId": "bennychanya"
        },
        "content": ""
      },
      {
        "lineNumber": 12,
        "author": {
          "gitId": "bennychanya"
        },
        "content": "    private static final String START_MESSAGE \u003d \"Hello from\\n\" + LOGO + \"What can I do for you?\";"
      },
      {
        "lineNumber": 13,
        "author": {
          "gitId": "bennychanya"
        },
        "content": ""
      },
      {
        "lineNumber": 14,
        "author": {
          "gitId": "bennychanya"
        },
        "content": "    private static final String FAREWELL_MESSAGE \u003d \"bye!\";"
      },
      {
        "lineNumber": 15,
        "author": {
          "gitId": "bennychanya"
        },
        "content": ""
      },
      {
        "lineNumber": 16,
        "author": {
          "gitId": "bennychanya"
        },
        "content": "    private static final String ADDED_MESSAGE \u003d \"Okay! I have added this module to your module list:\";"
      },
      {
        "lineNumber": 17,
        "author": {
          "gitId": "bennychanya"
        },
        "content": ""
      },
      {
        "lineNumber": 18,
        "author": {
          "gitId": "RenzoTsai"
        },
        "content": "    private static final String VIEWED_MODULE_PLAN_MESSAGE \u003d \"Okay! Here is your module plan:\";"
      },
      {
        "lineNumber": 19,
        "author": {
          "gitId": "RenzoTsai"
        },
        "content": ""
      },
      {
        "lineNumber": 20,
        "author": {
          "gitId": "bennychanya"
        },
        "content": "    private static final String LINE_SEPARATOR \u003d System.lineSeparator();"
      },
      {
        "lineNumber": 21,
        "author": {
          "gitId": "bennychanya"
        },
        "content": ""
      },
      {
        "lineNumber": 22,
        "author": {
          "gitId": "bennychanya"
        },
        "content": "    private static void showToUser(String... messages) {"
      },
      {
        "lineNumber": 23,
        "author": {
          "gitId": "bennychanya"
        },
        "content": "        for (String m: messages) {"
      },
      {
        "lineNumber": 24,
        "author": {
          "gitId": "bennychanya"
        },
        "content": "            System.out.println(m);"
      },
      {
        "lineNumber": 25,
        "author": {
          "gitId": "bennychanya"
        },
        "content": "        }"
      },
      {
        "lineNumber": 26,
        "author": {
          "gitId": "bennychanya"
        },
        "content": "    }"
      },
      {
        "lineNumber": 27,
        "author": {
          "gitId": "bennychanya"
        },
        "content": ""
      },
      {
        "lineNumber": 28,
        "author": {
          "gitId": "bennychanya"
        },
        "content": "    public static void greetUser() {"
      },
      {
        "lineNumber": 29,
        "author": {
          "gitId": "bennychanya"
        },
        "content": "        showToUser(START_MESSAGE, LINE_SEPARATOR);"
      },
      {
        "lineNumber": 30,
        "author": {
          "gitId": "bennychanya"
        },
        "content": "    }"
      },
      {
        "lineNumber": 31,
        "author": {
          "gitId": "bennychanya"
        },
        "content": ""
      },
      {
        "lineNumber": 32,
        "author": {
          "gitId": "bennychanya"
        },
        "content": "    public static void greetFarewell() {"
      },
      {
        "lineNumber": 33,
        "author": {
          "gitId": "bennychanya"
        },
        "content": "        showToUser(FAREWELL_MESSAGE);"
      },
      {
        "lineNumber": 34,
        "author": {
          "gitId": "bennychanya"
        },
        "content": "    }"
      },
      {
        "lineNumber": 35,
        "author": {
          "gitId": "bennychanya"
        },
        "content": ""
      },
      {
        "lineNumber": 36,
        "author": {
          "gitId": "bennychanya"
        },
        "content": "    public static void showAddedMessage(String module) {"
      },
      {
        "lineNumber": 37,
        "author": {
          "gitId": "bennychanya"
        },
        "content": "        showToUser(ADDED_MESSAGE, module,LINE_SEPARATOR);"
      },
      {
        "lineNumber": 38,
        "author": {
          "gitId": "bennychanya"
        },
        "content": "    }"
      },
      {
        "lineNumber": 39,
        "author": {
          "gitId": "RenzoTsai"
        },
        "content": ""
      },
      {
        "lineNumber": 40,
        "author": {
          "gitId": "RenzoTsai"
        },
        "content": "    public static void showViewedMessage(String viewList) {"
      },
      {
        "lineNumber": 41,
        "author": {
          "gitId": "RenzoTsai"
        },
        "content": "        showToUser(VIEWED_MODULE_PLAN_MESSAGE, viewList,LINE_SEPARATOR);"
      },
      {
        "lineNumber": 42,
        "author": {
          "gitId": "RenzoTsai"
        },
        "content": "    }"
      },
      {
        "lineNumber": 43,
        "author": {
          "gitId": "bennychanya"
        },
        "content": "}"
      }
    ],
    "authorContributionMap": {
      "RenzoTsai": 7,
      "bennychanya": 36
    }
  },
  {
    "path": "src/test/java/seedu/duke/module/ModuleTest.java",
    "fileType": "java",
    "lines": [
      {
        "lineNumber": 1,
        "author": {
          "gitId": "RenzoTsai"
        },
        "content": "package seedu.duke.module;"
      },
      {
        "lineNumber": 2,
        "author": {
          "gitId": "RenzoTsai"
        },
        "content": ""
      },
      {
        "lineNumber": 3,
        "author": {
          "gitId": "RenzoTsai"
        },
        "content": "import org.junit.jupiter.api.Test;"
      },
      {
        "lineNumber": 4,
        "author": {
          "gitId": "RenzoTsai"
        },
        "content": "import static org.junit.jupiter.api.Assertions.assertEquals;"
      },
      {
        "lineNumber": 5,
        "author": {
          "gitId": "RenzoTsai"
        },
        "content": ""
      },
      {
        "lineNumber": 6,
        "author": {
          "gitId": "RenzoTsai"
        },
        "content": "public class ModuleTest {"
      },
      {
        "lineNumber": 7,
        "author": {
          "gitId": "RenzoTsai"
        },
        "content": ""
      },
      {
        "lineNumber": 8,
        "author": {
          "gitId": "RenzoTsai"
        },
        "content": "    @Test"
      },
      {
        "lineNumber": 9,
        "author": {
          "gitId": "RenzoTsai"
        },
        "content": "    public void testStringConversion() {"
      },
      {
        "lineNumber": 10,
        "author": {
          "gitId": "RenzoTsai"
        },
        "content": "        assertEquals(\"ID: CS2113 | Sem: 19/20 Sem2\", new Module(\"id\",\"CS2113\",\"19/20 Sem2\").toString());"
      },
      {
        "lineNumber": 11,
        "author": {
          "gitId": "RenzoTsai"
        },
        "content": "    }"
      },
      {
        "lineNumber": 12,
        "author": {
          "gitId": "RenzoTsai"
        },
        "content": ""
      },
      {
        "lineNumber": 13,
        "author": {
          "gitId": "RenzoTsai"
        },
        "content": "    @Test"
      },
      {
        "lineNumber": 14,
        "author": {
          "gitId": "RenzoTsai"
        },
        "content": "    public void getSem_newModule_success() {"
      },
      {
        "lineNumber": 15,
        "author": {
          "gitId": "RenzoTsai"
        },
        "content": "        assertEquals(\"19/20 Sem2\", new Module(\"id\",\"CS2113\",\"19/20 Sem2\").getSem());"
      },
      {
        "lineNumber": 16,
        "author": {
          "gitId": "RenzoTsai"
        },
        "content": "    }"
      },
      {
        "lineNumber": 17,
        "author": {
          "gitId": "RenzoTsai"
        },
        "content": "}"
      }
    ],
    "authorContributionMap": {
      "RenzoTsai": 17
    }
  },
  {
    "path": "text-ui-test/input.txt",
    "fileType": "txt",
    "lines": [
      {
        "lineNumber": 1,
        "author": {
          "gitId": "RenzoTsai"
        },
        "content": "add id/CS2113 s/19-20 Semester 2"
      },
      {
        "lineNumber": 2,
        "author": {
          "gitId": "RenzoTsai"
        },
        "content": "add n/Software Engineering \u0026 Object-Oriented Programming s/19-20 Semester 2"
      },
      {
        "lineNumber": 3,
        "author": {
          "gitId": "RenzoTsai"
        },
        "content": "add id/CS1010 s/19-20 Semester 1"
      },
      {
        "lineNumber": 4,
        "author": {
          "gitId": "RenzoTsai"
        },
        "content": "add id/CS4241 s/19-20 Semester 2"
      },
      {
        "lineNumber": 5,
        "author": {
          "gitId": "RenzoTsai"
        },
        "content": "view /mp"
      },
      {
        "lineNumber": 6,
        "author": {
          "gitId": "RenzoTsai"
        },
        "content": "bye"
      }
    ],
    "authorContributionMap": {
      "RenzoTsai": 6
    }
  }
]
