{
  "authorDailyContributionsMap": {
    "chengTzeNing": [
      {
        "insertions": 2,
        "deletions": 2,
        "date": "2020-03-03",
        "commitResults": [
          {
            "hash": "80fa0f46e0ec3a1c71707fabedb40e6f1a81d1c4",
            "messageTitle": "Add chengTzeNing",
            "messageBody": "",
            "insertions": 1,
            "deletions": 0
          },
          {
            "hash": "ba03bdd0a3c4ff75ce2426355b752eefb50249b8",
            "messageTitle": "Add chengTzeNing",
            "messageBody": "",
            "insertions": 1,
            "deletions": 2
          }
        ]
      },
      {
        "insertions": 210,
        "deletions": 77,
        "date": "2020-03-14",
        "commitResults": [
          {
            "hash": "7a8b28c72e66e7f559976102d8b15a5953e931d0",
            "messageTitle": "Add modules to data base to AvailableModulesList",
            "messageBody": "",
            "insertions": 123,
            "deletions": 22
          },
          {
            "hash": "a69f5127c7b49d401aa598418ebb980e6013b9d8",
            "messageTitle": "Complete AddToDataCommand increment",
            "messageBody": "",
            "insertions": 87,
            "deletions": 55
          }
        ]
      },
      {
        "insertions": 72,
        "deletions": 3,
        "date": "2020-03-19",
        "commitResults": [
          {
            "hash": "938887249eaf4c4b8bf028aab0d6b693b831e456",
            "messageTitle": "Add GE modules",
            "messageBody": "",
            "insertions": 13,
            "deletions": 0
          },
          {
            "hash": "a66b0a735904829e077d3182aede66823f14c619",
            "messageTitle": "Add boxes to make it easier to read",
            "messageBody": "",
            "insertions": 59,
            "deletions": 3
          }
        ]
      },
      {
        "insertions": 81,
        "deletions": 11,
        "date": "2020-03-22",
        "commitResults": [
          {
            "hash": "091c46e42ae2ba71665ef32973783ac86ad5da62",
            "messageTitle": "Add FindCommand",
            "messageBody": "",
            "insertions": 70,
            "deletions": 9
          },
          {
            "hash": "82f2c79987d222ea92e64e97b397399943d19d0a",
            "messageTitle": "Edit to pass checks",
            "messageBody": "",
            "insertions": 11,
            "deletions": 2
          }
        ]
      },
      {
        "insertions": 303,
        "deletions": 15,
        "date": "2020-03-23",
        "commitResults": [
          {
            "hash": "7c45d88178e26d9d4f1100cc935b86e706c4ecf9",
            "messageTitle": "Add Delete Command",
            "messageBody": "",
            "insertions": 236,
            "deletions": 14
          },
          {
            "hash": "258ef510cd19bf9dda3883158e11765f064882cf",
            "messageTitle": "Fix bug to make it delete",
            "messageBody": "",
            "insertions": 25,
            "deletions": 1
          },
          {
            "hash": "40d5e126c09b4119163d780b44ede239e567a6fd",
            "messageTitle": "Make DeleteFromAvailableCommand delete from SelectedModules if applicable",
            "messageBody": "",
            "insertions": 42,
            "deletions": 0
          }
        ]
      },
      {
        "insertions": 17,
        "deletions": 0,
        "date": "2020-03-26",
        "commitResults": [
          {
            "hash": "709124852ad0d3f55483f563fc37d7645090cee9",
            "messageTitle": "Edit AvailableModulesList according to comments",
            "messageBody": "",
            "insertions": 17,
            "deletions": 0
          }
        ]
      },
      {
        "insertions": 42,
        "deletions": 5,
        "date": "2020-03-30",
        "commitResults": [
          {
            "hash": "ba1d4066d2d785321faa9bc31f516b1278777c4e",
            "messageTitle": "Add JUnit test for AvailableModulesList",
            "messageBody": "",
            "insertions": 40,
            "deletions": 2
          },
          {
            "hash": "dc10893531dcac4d8d0ce872151e30e3972ad7b7",
            "messageTitle": "Fix bug in AvailableModules",
            "messageBody": "",
            "insertions": 2,
            "deletions": 3
          }
        ]
      },
      {
        "insertions": 33,
        "deletions": 1,
        "date": "2020-04-01",
        "commitResults": [
          {
            "hash": "b1fe819d9f07c11c254be3e9cf6ebbe5b5f9d950",
            "messageTitle": "Add Developer Guide",
            "messageBody": "",
            "insertions": 32,
            "deletions": 0
          },
          {
            "hash": "23efd96c8426651253128e63497123f49352f80c",
            "messageTitle": "Edit Developer\u0027s Guide",
            "messageBody": "",
            "insertions": 1,
            "deletions": 1
          }
        ]
      },
      {
        "insertions": 115,
        "deletions": 25,
        "date": "2020-04-02",
        "commitResults": [
          {
            "hash": "a16bc41437f50db847048a3c54dc9702f75d0d27",
            "messageTitle": "Edit DG text",
            "messageBody": "",
            "insertions": 1,
            "deletions": 1
          },
          {
            "hash": "01f00e3e40c19dc848b4de9116cd08ce98549d1d",
            "messageTitle": "Edit to prevent adding modules with prereqs of themselves",
            "messageBody": "",
            "insertions": 7,
            "deletions": 0
          },
          {
            "hash": "d6fa995dcbbb0d507f37f175b733cd108a9bb312",
            "messageTitle": "Make user guide more informative",
            "messageBody": "",
            "insertions": 107,
            "deletions": 24
          }
        ]
      },
      {
        "insertions": 50,
        "deletions": 7,
        "date": "2020-04-06",
        "commitResults": [
          {
            "hash": "96857ee6a3263396e5e613b723ef178df883f399",
            "messageTitle": "Add Sequence Diagrams for DG",
            "messageBody": "",
            "insertions": 3,
            "deletions": 0
          },
          {
            "hash": "c550b683d63b69f3209f9e10fc704f7df21514fc",
            "messageTitle": "Update Sequence Diagrams in DG",
            "messageBody": "",
            "insertions": 5,
            "deletions": 3
          },
          {
            "hash": "d11c43b0bc22be4114b3463a5134b666329c6728",
            "messageTitle": "Add description for DeleteFromAvailableCommand",
            "messageBody": "",
            "insertions": 40,
            "deletions": 2
          },
          {
            "hash": "7b2382cddb4d39d0a50b1d721883741cf65e2f6b",
            "messageTitle": "Edit minor text",
            "messageBody": "",
            "insertions": 2,
            "deletions": 2
          }
        ]
      },
      {
        "insertions": 1,
        "deletions": 3,
        "date": "2020-04-07",
        "commitResults": [
          {
            "hash": "bcd849fa72f5c9f4df2321ab06999812b9239d79",
            "messageTitle": "Make minor changes to AvailableModulesList",
            "messageBody": "",
            "insertions": 1,
            "deletions": 3
          }
        ]
      },
      {
        "insertions": 66,
        "deletions": 0,
        "date": "2020-04-08",
        "commitResults": [
          {
            "hash": "896ff6acbe6adda4dda32b6a2b46e8e989a149d4",
            "messageTitle": "Add chengtzening_PPP",
            "messageBody": "",
            "insertions": 66,
            "deletions": 0
          }
        ]
      },
      {
        "insertions": 92,
        "deletions": 62,
        "date": "2020-04-10",
        "commitResults": [
          {
            "hash": "29537de8c3f491566a226a97423ece3ed160fd52",
            "messageTitle": "Add FindCommand to DG",
            "messageBody": "",
            "insertions": 29,
            "deletions": 8
          },
          {
            "hash": "0e1c0c8e5c7451387cc944587a2ff8822a07046e",
            "messageTitle": "Delete Sequence Diagram for DeleteFromSemCommand",
            "messageBody": "",
            "insertions": 0,
            "deletions": 1
          },
          {
            "hash": "5cef69dd51a9dc518061104128a5143176fb53d6",
            "messageTitle": "Add DeleteFromSemCommand Sequence Diagram to DG",
            "messageBody": "",
            "insertions": 2,
            "deletions": 2
          },
          {
            "hash": "340c403f42b95d0e15ba342c975ec663f3ce332d",
            "messageTitle": "Add FindCommand to content page for UG and DG",
            "messageBody": "",
            "insertions": 39,
            "deletions": 15
          },
          {
            "hash": "c9d45d774e6f4c0f0b8a7397cdf5eedecd92ab7c",
            "messageTitle": "Shorten PPP",
            "messageBody": "",
            "insertions": 15,
            "deletions": 27
          },
          {
            "hash": "33a3f93a969004e71e19ebd84d5df01880fd7cf0",
            "messageTitle": "Edit headings in PPP",
            "messageBody": "",
            "insertions": 3,
            "deletions": 3
          },
          {
            "hash": "3d51e9a38f3372a70209196c27f7d32022467b0e",
            "messageTitle": "Edit to make it visible in .md file",
            "messageBody": "",
            "insertions": 1,
            "deletions": 1
          },
          {
            "hash": "4b84b153ca835f04427590bbba7830a71c5764b0",
            "messageTitle": "Update AboutUS.md",
            "messageBody": "",
            "insertions": 3,
            "deletions": 5
          }
        ]
      }
    ],
    "DeetoMok": [
      {
        "insertions": 1,
        "deletions": 1,
        "date": "2020-03-03",
        "commitResults": [
          {
            "hash": "7a3d210ec67210b8d1027fce60dae1a6daed8f1c",
            "messageTitle": "added darylMok-AboutUs",
            "messageBody": "",
            "insertions": 1,
            "deletions": 1
          }
        ]
      },
      {
        "insertions": 205,
        "deletions": 50,
        "date": "2020-03-12",
        "commitResults": [
          {
            "hash": "3153444912b2a2c7d7cf60ac3d82cf93e4fcf22e",
            "messageTitle": "added MarkAsDone",
            "messageBody": "",
            "insertions": 138,
            "deletions": 14
          },
          {
            "hash": "2d6039d44e75fe4b9b7ab1c0b01da6d19c9e2089",
            "messageTitle": "settled check style error",
            "messageBody": "",
            "insertions": 14,
            "deletions": 4
          },
          {
            "hash": "04475736097893c7d75bc8c1b6cc34a24cb67689",
            "messageTitle": "settled check style error",
            "messageBody": "",
            "insertions": 3,
            "deletions": 3
          },
          {
            "hash": "0b48b86ee589e925eab48576b798a37eefa315ee",
            "messageTitle": "Finished, but left with consideration for ID",
            "messageBody": "",
            "insertions": 8,
            "deletions": 4
          },
          {
            "hash": "fc274e883208a0374e6399ad8bb562dd46f7f5b6",
            "messageTitle": "updated EXPECTED.TXT",
            "messageBody": "",
            "insertions": 0,
            "deletions": 1
          },
          {
            "hash": "aeda4f14a4aaf2ea868876068c26c2cf722e2df4",
            "messageTitle": "updated to reduce errors",
            "messageBody": "",
            "insertions": 6,
            "deletions": 2
          },
          {
            "hash": "a03efc7971620865a3c2f6bec95c4295a850668c",
            "messageTitle": "Edited MarkAsDone class to consider both moduleName and moduleId when performing function",
            "messageBody": "",
            "insertions": 36,
            "deletions": 22
          }
        ]
      },
      {
        "insertions": 1,
        "deletions": 1,
        "date": "2020-03-13",
        "commitResults": [
          {
            "hash": "be28cf941b5aa64549705f25aeda8d73819a26c9",
            "messageTitle": "Configured runtest.bat",
            "messageBody": "",
            "insertions": 1,
            "deletions": 1
          }
        ]
      },
      {
        "insertions": 18,
        "deletions": 1,
        "date": "2020-03-14",
        "commitResults": [
          {
            "hash": "bf9f4737b83775e8c09d3d26fb13c55232f8b014",
            "messageTitle": "Add JUnit of SelectedModule class",
            "messageBody": "",
            "insertions": 17,
            "deletions": 0
          },
          {
            "hash": "58b682a918c726c156f5fdb2111c48500447a03e",
            "messageTitle": "reduced checkStyle error",
            "messageBody": "",
            "insertions": 1,
            "deletions": 1
          }
        ]
      },
      {
        "insertions": 30,
        "deletions": 4,
        "date": "2020-03-17",
        "commitResults": [
          {
            "hash": "66fbf5bd514a63fa4ec80ba1dc346cf591f110cb",
            "messageTitle": "Added Logging in Duke",
            "messageBody": "",
            "insertions": 28,
            "deletions": 3
          },
          {
            "hash": "dfdd5698ef744d63fb2d066ca25e7125d69500ba",
            "messageTitle": "updated to reduce check style error",
            "messageBody": "",
            "insertions": 1,
            "deletions": 1
          },
          {
            "hash": "9c4adeb2641beea16cd6189de696900085ab0efb",
            "messageTitle": "added assertion",
            "messageBody": "",
            "insertions": 1,
            "deletions": 0
          }
        ]
      },
      {
        "insertions": 168,
        "deletions": 37,
        "date": "2020-03-19",
        "commitResults": [
          {
            "hash": "4fc7f69c403fceb37049a91c45ca14df9ae4945e",
            "messageTitle": "Added Help, grade and cap of person",
            "messageBody": "",
            "insertions": 143,
            "deletions": 28
          },
          {
            "hash": "12d9785a86f2bb425b30571382103555384db2bf",
            "messageTitle": "Added new temp command to try fix github errors",
            "messageBody": "",
            "insertions": 20,
            "deletions": 4
          },
          {
            "hash": "65990a1e62b0cd81320e069486fd9add559e4bfd",
            "messageTitle": "Changed \"HelpCommand\" to \"HelpingCommand\"",
            "messageBody": "",
            "insertions": 5,
            "deletions": 5
          }
        ]
      },
      {
        "insertions": 0,
        "deletions": 1,
        "date": "2020-03-20",
        "commitResults": [
          {
            "hash": "19502cd78e62923ea90dfb404e0650bc4c87a279",
            "messageTitle": "settled merge conflict",
            "messageBody": "",
            "insertions": 0,
            "deletions": 1
          }
        ]
      },
      {
        "insertions": 55,
        "deletions": 5,
        "date": "2020-03-27",
        "commitResults": [
          {
            "hash": "be8ac96540af9cf9a5a6a5566389ce72f9cb7703",
            "messageTitle": "updated DeveloperGuide.md",
            "messageBody": "",
            "insertions": 48,
            "deletions": 0
          },
          {
            "hash": "9aac9e4dc3437f6368b74de6c4a813a874880018",
            "messageTitle": "Added target user profile and value proposition in DeveloperGuide.md",
            "messageBody": "",
            "insertions": 7,
            "deletions": 5
          }
        ]
      },
      {
        "insertions": 190,
        "deletions": 122,
        "date": "2020-03-28",
        "commitResults": [
          {
            "hash": "4e3c598dbb0a48173d3ae4927368981ea53d9ec7",
            "messageTitle": "Updated code to become completely CLI and changed format of displaying Year and Semester",
            "messageBody": "",
            "insertions": 162,
            "deletions": 93
          },
          {
            "hash": "ef7e215d1e5ad6b7d3f997db98d14b2c52c43395",
            "messageTitle": "update to pass Java CI test",
            "messageBody": "",
            "insertions": 20,
            "deletions": 19
          },
          {
            "hash": "4cc008cbd94160f6c2bb370f4082fe7d9cc419c9",
            "messageTitle": "update to pass Java CI test",
            "messageBody": "",
            "insertions": 7,
            "deletions": 9
          },
          {
            "hash": "9779c8ebfdae8502167147dc85cf86d86ba9619c",
            "messageTitle": "update to pass Java CI test",
            "messageBody": "",
            "insertions": 1,
            "deletions": 1
          }
        ]
      },
      {
        "insertions": 313,
        "deletions": 235,
        "date": "2020-03-29",
        "commitResults": [
          {
            "hash": "da9c6f3aa049c850890c6df4783d83de0dcc1f8c",
            "messageTitle": "Added a brain called Controller class and seperated it from the Parser class. Found a bug that considers two \"unnamed\" modules as the same module, preventing me from adding modules that has different Id, but \"unnamed\" name",
            "messageBody": "",
            "insertions": 313,
            "deletions": 235
          }
        ]
      },
      {
        "insertions": 59,
        "deletions": 15,
        "date": "2020-03-30",
        "commitResults": [
          {
            "hash": "308a7dd5c986cdf7338dd594aa5098cf5343fcea",
            "messageTitle": "Updated Developer Guide and User Guide",
            "messageBody": "",
            "insertions": 59,
            "deletions": 15
          }
        ]
      },
      {
        "insertions": 17,
        "deletions": 4,
        "date": "2020-04-03",
        "commitResults": [
          {
            "hash": "fa6ba3378b9871ea88b5cf1d508c6499779187ae",
            "messageTitle": "fixed bugs like creating exception for unacceptable values for modular credits and semester values",
            "messageBody": "",
            "insertions": 17,
            "deletions": 4
          }
        ]
      },
      {
        "insertions": 205,
        "deletions": 69,
        "date": "2020-04-04",
        "commitResults": [
          {
            "hash": "6b1bce3ff66a63c98c1e495ae6c980c8dc2a37c4",
            "messageTitle": "added ClearCommand and fixed code to make module codes and grades uppercase",
            "messageBody": "",
            "insertions": 54,
            "deletions": 20
          },
          {
            "hash": "0bf12df89b156c14ee2880f3af719176f87ea6c1",
            "messageTitle": "fixed for checkstyle",
            "messageBody": "",
            "insertions": 17,
            "deletions": 4
          },
          {
            "hash": "26fa79738d8d1a8c27f247f424b862f00ba5c04d",
            "messageTitle": "fixed bug for when view commands are executed even when the wrong formats are used",
            "messageBody": "",
            "insertions": 10,
            "deletions": 6
          },
          {
            "hash": "0ef6b95b398d7f4556b9565149ab12f00275ecd1",
            "messageTitle": "added Ui message when module plan is empty",
            "messageBody": "",
            "insertions": 11,
            "deletions": 2
          },
          {
            "hash": "00609ad2be6850d58f6a01b51402386a0e4ac336",
            "messageTitle": "remove checkstyle error",
            "messageBody": "",
            "insertions": 2,
            "deletions": 2
          },
          {
            "hash": "908275fdc29224e59bfb4d26d888c7b3d6c0a53e",
            "messageTitle": "Updated Developer Guide",
            "messageBody": "",
            "insertions": 60,
            "deletions": 17
          },
          {
            "hash": "8f5054178665a8b33e8eef84ed53fc93f3f0a8b9",
            "messageTitle": "Updated Developer Guide",
            "messageBody": "",
            "insertions": 15,
            "deletions": 7
          },
          {
            "hash": "0e3657aec8d28b11562675fcf46e2e11c47c6580",
            "messageTitle": "Updated Developer Guide",
            "messageBody": "",
            "insertions": 4,
            "deletions": 2
          },
          {
            "hash": "93f5cb652e8448e86161efa960e8d0208db8b089",
            "messageTitle": "Updated Developer Guide and Architecture.png",
            "messageBody": "",
            "insertions": 30,
            "deletions": 9
          },
          {
            "hash": "bcb9569629e9413b73bfecf37abafbf7dfed569c",
            "messageTitle": "Added object diagram for logic component and Object_Diagram_of_Logic_Component.png",
            "messageBody": "",
            "insertions": 1,
            "deletions": 0
          },
          {
            "hash": "caa1895f422f3df1b62c59365627c934439e2368",
            "messageTitle": "Updated object diagram for logic component and Object_Diagram_of_Logic_Component.png",
            "messageBody": "",
            "insertions": 1,
            "deletions": 0
          }
        ]
      },
      {
        "insertions": 297,
        "deletions": 131,
        "date": "2020-04-05",
        "commitResults": [
          {
            "hash": "fdd446d4afc38118c5dfc18a1ac4b959d6bf3414",
            "messageTitle": "Uploaded Class_Diagram_of_Model_Component.png",
            "messageBody": "",
            "insertions": 5,
            "deletions": 7
          },
          {
            "hash": "4a618ad8a9d2d273cddddc83a42115a10bc304bf",
            "messageTitle": "Updated Developer Guide",
            "messageBody": "",
            "insertions": 9,
            "deletions": 4
          },
          {
            "hash": "d398f57404704ac2b525c5f03f6fe2357aa4c576",
            "messageTitle": "Updated Developer Guide and renamed AddToDataCommand.java to AddToAvailableCommand.java",
            "messageBody": "",
            "insertions": 122,
            "deletions": 50
          },
          {
            "hash": "400beb6449078f815a4108da652032f523ada938",
            "messageTitle": "Fixed a delete bug (could not delete module when uppercase letter and lowercase letter different)",
            "messageBody": "",
            "insertions": 103,
            "deletions": 15
          },
          {
            "hash": "85ac194bde9aecbca271c8d2f32247e99916486e",
            "messageTitle": "Fixed a add module bug (module added did not convert lowercase module code to uppercase module code)",
            "messageBody": "",
            "insertions": 3,
            "deletions": 1
          },
          {
            "hash": "04695c10f639ee9c360f0cfb2f7bdbafaaa49e19",
            "messageTitle": "fixed bug (could not delete module in available module list if only difference was upper/lowercase related)",
            "messageBody": "",
            "insertions": 50,
            "deletions": 34
          },
          {
            "hash": "027a2193af8bc7b8aeaeccd6711ff8951b84ab81",
            "messageTitle": "updated DG",
            "messageBody": "",
            "insertions": 1,
            "deletions": 17
          },
          {
            "hash": "3af0ce0aee2d7c02bdcc76c9ea8e0e8ff4ac4f73",
            "messageTitle": "reduce checkstyle error",
            "messageBody": "",
            "insertions": 4,
            "deletions": 3
          }
        ]
      },
      {
        "insertions": 373,
        "deletions": 41,
        "date": "2020-04-08",
        "commitResults": [
          {
            "hash": "d182711d80976ceef12f3455f73b038196550da5",
            "messageTitle": "added JUnitTest and some Javadoc",
            "messageBody": "",
            "insertions": 355,
            "deletions": 30
          },
          {
            "hash": "be584a4e451464b7298c35798012cf8891565629",
            "messageTitle": "reduced checkstyle error",
            "messageBody": "",
            "insertions": 18,
            "deletions": 11
          }
        ]
      },
      {
        "insertions": 254,
        "deletions": 101,
        "date": "2020-04-09",
        "commitResults": [
          {
            "hash": "2a6f3af48793aca28c1170b3f315195e7f0f4966",
            "messageTitle": "updated DeveloperGuide.md Manual Testing section",
            "messageBody": "",
            "insertions": 85,
            "deletions": 12
          },
          {
            "hash": "ff8aab7066e27d98cb2363594ffb1e3ec5d41f72",
            "messageTitle": "added table of contents in DeveloperGuide.md",
            "messageBody": "",
            "insertions": 54,
            "deletions": 8
          },
          {
            "hash": "b9e22aca6e0312ccee5517422d8f7e7b304ac89f",
            "messageTitle": "updated UserGuide.md",
            "messageBody": "",
            "insertions": 2,
            "deletions": 1
          },
          {
            "hash": "ab4f107bbe7738993102b5206e99b8af5e2e02d6",
            "messageTitle": "update DeveloperGuide.md Table of Contents",
            "messageBody": "",
            "insertions": 34,
            "deletions": 34
          },
          {
            "hash": "5071319bff1c899348fa163de47274834cdccf90",
            "messageTitle": "Added table of contents in User Guide",
            "messageBody": "",
            "insertions": 79,
            "deletions": 46
          }
        ]
      },
      {
        "insertions": 7,
        "deletions": 3,
        "date": "2020-04-10",
        "commitResults": [
          {
            "hash": "7bbbb5e5fd9a444394a5e0417a2136ce2cac5992",
            "messageTitle": "added MarkAsDone Sequence Diagram",
            "messageBody": "",
            "insertions": 7,
            "deletions": 3
          }
        ]
      }
    ],
    "bennychanya": [
      {
        "insertions": 1,
        "deletions": 1,
        "date": "2020-03-03",
        "commitResults": [
          {
            "hash": "f9433c019402c75a98900ae259a4745a5efb38c5",
            "messageTitle": "Edited ReadMe to include Benny\u0027s name",
            "messageBody": "",
            "insertions": 1,
            "deletions": 1
          }
        ]
      },
      {
        "insertions": 126,
        "deletions": 38,
        "date": "2020-03-09",
        "commitResults": [
          {
            "hash": "7781a3fb0b03c33c87ff1fb38dd50a064dedddca",
            "messageTitle": "Added New Classes: ExitCommand - Exits program when user type \"bye\" AvailableModulesList - For storing all modules available for user SelectedModulesList - For storing user\u0027s selected modules Ui - Print out messages",
            "messageBody": "Refactored Duke main to be more OOP\n",
            "insertions": 107,
            "deletions": 27
          },
          {
            "hash": "76d2be0bdab8e9fe6f546c56fa8132f3b97e5e75",
            "messageTitle": "Resolve all build errors",
            "messageBody": "",
            "insertions": 19,
            "deletions": 11
          }
        ]
      },
      {
        "insertions": 5,
        "deletions": 5,
        "date": "2020-03-10",
        "commitResults": [
          {
            "hash": "940daaeb568b782af1ed41d2c7544ca7a300ee11",
            "messageTitle": "Update ExitCommand.java",
            "messageBody": "",
            "insertions": 1,
            "deletions": 1
          },
          {
            "hash": "8db284bd3935e92529e539ec5e85aa8ee1eb24b8",
            "messageTitle": "Update Ui.java",
            "messageBody": "",
            "insertions": 1,
            "deletions": 1
          },
          {
            "hash": "0eda827870421c8e8801b12ef9970c65a69e5378",
            "messageTitle": "Update Ui.java",
            "messageBody": "",
            "insertions": 1,
            "deletions": 1
          },
          {
            "hash": "1a4701c866796e09831bc9c18b78f9c07fdae176",
            "messageTitle": "Update Ui.java",
            "messageBody": "",
            "insertions": 2,
            "deletions": 2
          }
        ]
      },
      {
        "insertions": 470,
        "deletions": 323,
        "date": "2020-03-20",
        "commitResults": [
          {
            "hash": "061eff19d84bffc38514e47d7d1c0d4636655fc6",
            "messageTitle": "Added Enum for grades. Converted Module into an abstract Class Changed SelectedModuleList to SemesterList Changed SemesterList to inherit from priorityqueue for printing Changed MarkAsDoesCommand to take in grades Refactor method convertSemToStandardFormat into new static class SemesterConvertor",
            "messageBody": "",
            "insertions": 332,
            "deletions": 221
          },
          {
            "hash": "f585467ccfb34bf82e2b5274c84cdfed0e154d2d",
            "messageTitle": "Refactor code to pass build test",
            "messageBody": "",
            "insertions": 9,
            "deletions": 4
          },
          {
            "hash": "f527874501862ec2e34a8511d2f314f65e0c9ce0",
            "messageTitle": "Added grade point to grading Enum",
            "messageBody": "",
            "insertions": 21,
            "deletions": 15
          },
          {
            "hash": "0279705bbfd239a941c20b1af805ef083baeb61b",
            "messageTitle": "Refactor code for grading enum",
            "messageBody": "",
            "insertions": 0,
            "deletions": 47
          },
          {
            "hash": "f10261dad871ab5117bed0ff4ce1b90bb5e239f0",
            "messageTitle": "Refactor grading Enum",
            "messageBody": "",
            "insertions": 17,
            "deletions": 17
          },
          {
            "hash": "e339dcdedb250a1c96326ddb3e96646366d64f09",
            "messageTitle": "Added CalculateCapCommand to calculate user\u0027s CAP",
            "messageBody": "",
            "insertions": 36,
            "deletions": 17
          },
          {
            "hash": "e1009c728d769cac5b71c85873c731f263e842f3",
            "messageTitle": "Added CalculateCapCommand class",
            "messageBody": "",
            "insertions": 45,
            "deletions": 0
          },
          {
            "hash": "27a28bacdc2501f003c46064ec8187dcff55722b",
            "messageTitle": "Changed import for parser class to pass build test",
            "messageBody": "",
            "insertions": 9,
            "deletions": 1
          },
          {
            "hash": "aa119bd8bd09f9b05c52ca82c5e755b3591e246f",
            "messageTitle": "Change spacing to match expected.txt",
            "messageBody": "",
            "insertions": 1,
            "deletions": 1
          }
        ]
      },
      {
        "insertions": 73,
        "deletions": 18,
        "date": "2020-03-28",
        "commitResults": [
          {
            "hash": "8a2ba27cf05bdf01e7104f0a1dc383fa3da17c36",
            "messageTitle": "Refactor code to identify boolean conditions for if-statements Added PersonTest",
            "messageBody": "",
            "insertions": 33,
            "deletions": 3
          },
          {
            "hash": "c45f9132a00ebc3fb5d98fdb6fff0096b95e7184",
            "messageTitle": "Added Calculate Cap Implementation into DeveloperGuide",
            "messageBody": "",
            "insertions": 10,
            "deletions": 0
          },
          {
            "hash": "4e6c060a7154cfd7eaee22e29a8d14d2d47e0a56",
            "messageTitle": "Refactor Code for CalculateCapCommand",
            "messageBody": "",
            "insertions": 1,
            "deletions": 1
          },
          {
            "hash": "fdd0c5e4721da932cb03dafa8fcb5559914f7da0",
            "messageTitle": "Added assertion Refactor part of SelectedModule Updated DeveloperGuide to include Calculate CAP mechanism (Incompleted)",
            "messageBody": "",
            "insertions": 13,
            "deletions": 11
          },
          {
            "hash": "1f0a85d7c96bb0bc98a37c17f3f5e5e2047c5c45",
            "messageTitle": "Edited code to pass build test",
            "messageBody": "",
            "insertions": 11,
            "deletions": 2
          },
          {
            "hash": "ec19fd7e9c6fb64a83f3f461b18a6b6c741f0d88",
            "messageTitle": "Edited DeveloperGuide",
            "messageBody": "",
            "insertions": 3,
            "deletions": 0
          },
          {
            "hash": "4c5100f3f202600f1b73fa699ec21676b587197d",
            "messageTitle": "Edited DG",
            "messageBody": "",
            "insertions": 2,
            "deletions": 1
          }
        ]
      }
    ],
    "RenzoTsai": [
      {
        "insertions": 1,
        "deletions": 1,
        "date": "2020-03-03",
        "commitResults": [
          {
            "hash": "98446f7330287eab0679d97d850c59307b39cb1e",
            "messageTitle": "Update AboutUs.md",
            "messageBody": "",
            "insertions": 1,
            "deletions": 1
          }
        ]
      },
      {
        "insertions": 197,
        "deletions": 47,
        "date": "2020-03-05",
        "commitResults": [
          {
            "hash": "894d5d9a19dd411a97b69379fba2815dbaf78ac9",
            "messageTitle": "Add code of Module class",
            "messageBody": "",
            "insertions": 41,
            "deletions": 2
          },
          {
            "hash": "b3b6c05e501971a2b330673d30f8e6b74270b6c8",
            "messageTitle": "Add support for the \u0027add\u0027 module",
            "messageBody": "",
            "insertions": 49,
            "deletions": 8
          },
          {
            "hash": "37559626dd318c944549f5c88d89b061f7e3e89b",
            "messageTitle": "Add support to add modules to user\u0027s module list",
            "messageBody": "",
            "insertions": 60,
            "deletions": 10
          },
          {
            "hash": "ca724f41cb010a95706843f2e7225ae5f3754ff4",
            "messageTitle": "Fix some problems of code standard",
            "messageBody": "",
            "insertions": 11,
            "deletions": 10
          },
          {
            "hash": "675cb505820bed5fe7556cef2dd084d781f5854f",
            "messageTitle": "Update ui test",
            "messageBody": "",
            "insertions": 10,
            "deletions": 4
          },
          {
            "hash": "8a2310eafd9ee3bb34bd40d415b28fc4ac2ab3ad",
            "messageTitle": "Refactor code in parser",
            "messageBody": "",
            "insertions": 24,
            "deletions": 12
          },
          {
            "hash": "b09a66329aba175b8dd3b3e3406b48c6952e04fa",
            "messageTitle": "Refactor code in parser",
            "messageBody": "",
            "insertions": 2,
            "deletions": 1
          }
        ]
      },
      {
        "insertions": 14,
        "deletions": 9,
        "date": "2020-03-06",
        "commitResults": [
          {
            "hash": "331dfae72cb88037225b5fe390eed03d74e7268d",
            "messageTitle": "Change two variables \u0027isName\u0027 and \u0027isId\u0027 \u0027s name into \u0027isNameValid\u0027 and \u0027isIdValid\u0027.",
            "messageBody": "",
            "insertions": 9,
            "deletions": 9
          },
          {
            "hash": "c0ff1745f250a7aafb0ec0873f825d5eb5e7148f",
            "messageTitle": "Add three variables: description, isSUable and preReqModules into Module class",
            "messageBody": "",
            "insertions": 5,
            "deletions": 0
          }
        ]
      },
      {
        "insertions": 73,
        "deletions": 5,
        "date": "2020-03-07",
        "commitResults": [
          {
            "hash": "7da4737fc75c2f3e6ed79005411b36ab7b413266",
            "messageTitle": "Change variable identifier\u0027s name into moduleIdentifier in Module.java",
            "messageBody": "",
            "insertions": 4,
            "deletions": 4
          },
          {
            "hash": "1ba9b2383dd08a1e3ace464afa9e9aa361f3202b",
            "messageTitle": "Add code to support viewing module plan",
            "messageBody": "",
            "insertions": 69,
            "deletions": 1
          }
        ]
      },
      {
        "insertions": 50,
        "deletions": 5,
        "date": "2020-03-08",
        "commitResults": [
          {
            "hash": "77bc1553c86b2fd084e95cdbcdcb6f601842faaa",
            "messageTitle": "Add code to deal with different semester",
            "messageBody": "",
            "insertions": 50,
            "deletions": 5
          }
        ]
      },
      {
        "insertions": 13,
        "deletions": 0,
        "date": "2020-03-09",
        "commitResults": [
          {
            "hash": "abe84bc7257bbf4324bbecae5fa1011555e054d8",
            "messageTitle": "Add a JUnit Test",
            "messageBody": "",
            "insertions": 13,
            "deletions": 0
          }
        ]
      },
      {
        "insertions": 23,
        "deletions": 18,
        "date": "2020-03-10",
        "commitResults": [
          {
            "hash": "21fcda24db3d142d2f894c94f3f838f4b34fd826",
            "messageTitle": "Fix a problem in text-ui-test",
            "messageBody": "",
            "insertions": 4,
            "deletions": 3
          },
          {
            "hash": "56445caf2b896e565ac33b1e465e1c7c8744ebf4",
            "messageTitle": "Add JUnit of Module class",
            "messageBody": "",
            "insertions": 17,
            "deletions": 0
          },
          {
            "hash": "46e6f91993fe43876cf3d5c380b401c8360a0bbb",
            "messageTitle": "Delete a JUnit which was in a wrong path",
            "messageBody": "",
            "insertions": 0,
            "deletions": 13
          },
          {
            "hash": "a1a03fd1deb5d7a069b6452bf54ded1489f09b00",
            "messageTitle": "Fix a code style problem in Parser.java",
            "messageBody": "",
            "insertions": 1,
            "deletions": 1
          },
          {
            "hash": "16ae1ee1bf8e6be4ac690179bbb6d7a1f87c7598",
            "messageTitle": "Fix a problem in ModuleTest.java",
            "messageBody": "",
            "insertions": 1,
            "deletions": 1
          }
        ]
      },
      {
        "insertions": 35,
        "deletions": 7,
        "date": "2020-03-13",
        "commitResults": [
          {
            "hash": "ed145fecc39b35a912b734036b9f09150b05fdfa",
            "messageTitle": "Update code to pass CL",
            "messageBody": "",
            "insertions": 35,
            "deletions": 7
          }
        ]
      },
      {
        "insertions": 56,
        "deletions": 11,
        "date": "2020-03-15",
        "commitResults": [
          {
            "hash": "6bbfe11a90a5b121b4ad0dfc69e3dc7c61a196ce",
            "messageTitle": "Revise code to pass CL test",
            "messageBody": "",
            "insertions": 9,
            "deletions": 4
          },
          {
            "hash": "22a36002d83727e39e4ff4a506734c6faaa2cacc",
            "messageTitle": "Fix a bug when add new module to database",
            "messageBody": "",
            "insertions": 45,
            "deletions": 5
          },
          {
            "hash": "1d57655c413974f98b140f47fa3337c8d646bb19",
            "messageTitle": "Change a string in Ui.java",
            "messageBody": "",
            "insertions": 1,
            "deletions": 1
          },
          {
            "hash": "f12cc70065d10233db00793139e981b0aa89f217",
            "messageTitle": "Fix an error in checkstyleMain",
            "messageBody": "",
            "insertions": 1,
            "deletions": 1
          }
        ]
      },
      {
        "insertions": 110,
        "deletions": 23,
        "date": "2020-03-16",
        "commitResults": [
          {
            "hash": "2c20bf6e5b14c38d1ac433d020afc8cdf7656254",
            "messageTitle": "Add code to support exception handling and assert",
            "messageBody": "",
            "insertions": 100,
            "deletions": 18
          },
          {
            "hash": "8aab2f19c7ef48545c9110db50264af146aea7fb",
            "messageTitle": "Fix some code style errors",
            "messageBody": "",
            "insertions": 8,
            "deletions": 5
          },
          {
            "hash": "5b8ff6088d6cf0113d4a20255b14dcbfe7ec9dbc",
            "messageTitle": "Update text-ui-test",
            "messageBody": "",
            "insertions": 2,
            "deletions": 0
          }
        ]
      },
      {
        "insertions": 111,
        "deletions": 32,
        "date": "2020-03-17",
        "commitResults": [
          {
            "hash": "9e1d75a83b103214f36445ce372819e1a9d60bae",
            "messageTitle": "no message",
            "messageBody": "",
            "insertions": 110,
            "deletions": 31
          },
          {
            "hash": "ea2614716eeed0e43cdad881cd86f0e71f0f9fe5",
            "messageTitle": "Fix a mistake in input.txt",
            "messageBody": "",
            "insertions": 1,
            "deletions": 1
          }
        ]
      },
      {
        "insertions": 45,
        "deletions": 45,
        "date": "2020-03-19",
        "commitResults": [
          {
            "hash": "81d6b45a5247e46c635cc8c8a368fe4e53a50e5e",
            "messageTitle": "Refactor code of view available modules",
            "messageBody": "",
            "insertions": 45,
            "deletions": 45
          }
        ]
      },
      {
        "insertions": 75,
        "deletions": 27,
        "date": "2020-03-20",
        "commitResults": [
          {
            "hash": "2462e6199f467a1d7c09cbada84327b492fc4171",
            "messageTitle": "Refactor code to make it concise and add support to get the value of grade",
            "messageBody": "",
            "insertions": 75,
            "deletions": 27
          }
        ]
      },
      {
        "insertions": 75,
        "deletions": 25,
        "date": "2020-03-24",
        "commitResults": [
          {
            "hash": "dbe9bc313b706b4f59a8f48acb863655613e67b7",
            "messageTitle": "Fix a bug in Find",
            "messageBody": "",
            "insertions": 4,
            "deletions": 6
          },
          {
            "hash": "4a614e6640fa9f1aaa869032b6bbe5add3afcecf",
            "messageTitle": "Updata DG of add to semester",
            "messageBody": "",
            "insertions": 34,
            "deletions": 1
          },
          {
            "hash": "b31ba0ab3a8aa65f82b0fbba349655c5cea05ad0",
            "messageTitle": "Update UG of \u0027add to semester\u0027",
            "messageBody": "",
            "insertions": 14,
            "deletions": 11
          },
          {
            "hash": "9c8b12db428a481f0ac4013473e16fdeac9dcf5c",
            "messageTitle": "Fix a mistake in Duke.java",
            "messageBody": "",
            "insertions": 2,
            "deletions": 1
          },
          {
            "hash": "d6235e73a6849851ab0b2af6ad927386d4094178",
            "messageTitle": "Update img path in DG",
            "messageBody": "",
            "insertions": 1,
            "deletions": 1
          },
          {
            "hash": "681354817bfbbf7bdde2489e44156c607035ebfc",
            "messageTitle": "Fix a bug in add to sem",
            "messageBody": "",
            "insertions": 20,
            "deletions": 5
          }
        ]
      },
      {
        "insertions": 26,
        "deletions": 30,
        "date": "2020-03-25",
        "commitResults": [
          {
            "hash": "5096c47bf068eca350a9e196a9dd96ae1b58a0d3",
            "messageTitle": "Update README.md",
            "messageBody": "",
            "insertions": 1,
            "deletions": 1
          },
          {
            "hash": "4afbba0f1703720c777e7e76340b0e76c320a5d7",
            "messageTitle": "Revised code of \"delete\"",
            "messageBody": "",
            "insertions": 25,
            "deletions": 29
          }
        ]
      },
      {
        "insertions": 33,
        "deletions": 31,
        "date": "2020-03-26",
        "commitResults": [
          {
            "hash": "0b36894c57ca91bd227129ba9c83320450677521",
            "messageTitle": "Revise code and make it pass CL test.",
            "messageBody": "",
            "insertions": 33,
            "deletions": 31
          }
        ]
      },
      {
        "insertions": 614,
        "deletions": 40,
        "date": "2020-03-27",
        "commitResults": [
          {
            "hash": "09dd33720bd991863febf019a3fe59d5c969951d",
            "messageTitle": "Add support for storage person info",
            "messageBody": "",
            "insertions": 168,
            "deletions": 19
          },
          {
            "hash": "614c61c9566adf92a614b43dd17969f8b9366aef",
            "messageTitle": "Add support for storage available modules list",
            "messageBody": "",
            "insertions": 160,
            "deletions": 2
          },
          {
            "hash": "144a3ff201ce7866db77ab0deca03a514a902fc4",
            "messageTitle": "Add support for storage semester list",
            "messageBody": "",
            "insertions": 277,
            "deletions": 12
          },
          {
            "hash": "f03343a7241d3e77c7e268bd963fc473746c91d8",
            "messageTitle": "Correct mistakes about code style",
            "messageBody": "",
            "insertions": 4,
            "deletions": 2
          },
          {
            "hash": "233127d0bd7b558c01a3ffdc48daccf5e7ddd13e",
            "messageTitle": "Update ui test",
            "messageBody": "",
            "insertions": 0,
            "deletions": 1
          },
          {
            "hash": "4f07c80c1ee75247789cca4a5fe179603abf8f3b",
            "messageTitle": "Update personInfo.txt",
            "messageBody": "",
            "insertions": 1,
            "deletions": 0
          },
          {
            "hash": "a2e1bcad13b81b85ff8f2305572c42e39375a8ac",
            "messageTitle": "Updata personInfo storage",
            "messageBody": "",
            "insertions": 1,
            "deletions": 2
          },
          {
            "hash": "fe9817dbd0a145c881eb6526c4a9f026d4e636ac",
            "messageTitle": "Try to figure out why CL TEST in windows fail",
            "messageBody": "",
            "insertions": 1,
            "deletions": 1
          },
          {
            "hash": "004881f6aa0ca8522d553b9833d881f40196ece6",
            "messageTitle": "Update ui test",
            "messageBody": "",
            "insertions": 0,
            "deletions": 1
          },
          {
            "hash": "7ab673980a88a173190fb3481036480321d51348",
            "messageTitle": "Update ui test",
            "messageBody": "",
            "insertions": 2,
            "deletions": 0
          }
        ]
      },
      {
        "insertions": 2,
        "deletions": 2,
        "date": "2020-03-28",
        "commitResults": [
          {
            "hash": "59395b182ee419c9b35617853e266324bf3731be",
            "messageTitle": "Update runtest.bat",
            "messageBody": "",
            "insertions": 2,
            "deletions": 2
          }
        ]
      },
      {
        "insertions": 134,
        "deletions": 50,
        "date": "2020-03-30",
        "commitResults": [
          {
            "hash": "756d94d63bbbec35ef62896465541a1be39e25b1",
            "messageTitle": "Fix a bug in add to data (sometimes cannot add to data successfully)",
            "messageBody": "",
            "insertions": 7,
            "deletions": 13
          },
          {
            "hash": "9254750866231ea443d27d88a31596c546c57d02",
            "messageTitle": "Fix a bug",
            "messageBody": "",
            "insertions": 14,
            "deletions": 6
          },
          {
            "hash": "66188f3f5d9f015ea026006daf19e5d9ffb550ae",
            "messageTitle": "Update DG",
            "messageBody": "",
            "insertions": 10,
            "deletions": 8
          },
          {
            "hash": "699b23639e9f43dc9bc64ac21f614fad1dd22e42",
            "messageTitle": "Update DeveloperGuide.md",
            "messageBody": "",
            "insertions": 1,
            "deletions": 1
          },
          {
            "hash": "36f2c528dbfa283b559b0e1f2ada5c7bc58eabf7",
            "messageTitle": "Update UG",
            "messageBody": "",
            "insertions": 100,
            "deletions": 21
          },
          {
            "hash": "b0d6d04ff57e4652986998282b2ece47e52ede7c",
            "messageTitle": "Fix a mistake in Ui.java",
            "messageBody": "",
            "insertions": 1,
            "deletions": 1
          },
          {
            "hash": "caac397cc30e891e4ea83441145b7f9708589540",
            "messageTitle": "Fix a mistake in text ui test",
            "messageBody": "",
            "insertions": 1,
            "deletions": 0
          }
        ]
      },
      {
        "insertions": 1,
        "deletions": 1,
        "date": "2020-03-31",
        "commitResults": [
          {
            "hash": "0b218750952bab4c89e12f76971a5b684f16486a",
            "messageTitle": "Update DeveloperGuide.md",
            "messageBody": "",
            "insertions": 1,
            "deletions": 1
          }
        ]
      },
      {
        "insertions": 3,
        "deletions": 3,
        "date": "2020-04-01",
        "commitResults": [
          {
            "hash": "9d663dd346559d08103c68fd2441cbe3410d1c3b",
            "messageTitle": "Fix some bugs",
            "messageBody": "",
            "insertions": 3,
            "deletions": 3
          }
        ]
      },
      {
        "insertions": 39,
        "deletions": 21,
        "date": "2020-04-02",
        "commitResults": [
          {
            "hash": "5c10d79aa5649a2144a6d916b17b05d511f297a0",
            "messageTitle": "Fix bugs in add to sem",
            "messageBody": "",
            "insertions": 39,
            "deletions": 21
          }
        ]
      },
      {
        "insertions": 115,
        "deletions": 44,
        "date": "2020-04-03",
        "commitResults": [
          {
            "hash": "dc35c5be3a642e616d0d8f98e2f1ad802dcb3fac",
            "messageTitle": "Fix some bugs",
            "messageBody": "",
            "insertions": 111,
            "deletions": 40
          },
          {
            "hash": "0170c2959942cbf6d5d44a4f02c2ec8a22222594",
            "messageTitle": "Fix a bug in CAP (will get a wrong CAP if involves S/U)",
            "messageBody": "",
            "insertions": 4,
            "deletions": 4
          }
        ]
      },
      {
        "insertions": 38,
        "deletions": 12,
        "date": "2020-04-04",
        "commitResults": [
          {
            "hash": "718cad75d6f7465d827ac5827a36bc33191999ab",
            "messageTitle": "Update code to support showing preReqs which are not in available modules list",
            "messageBody": "",
            "insertions": 23,
            "deletions": 6
          },
          {
            "hash": "190ca3792713035839a6d9bc1b2bebce55489a5c",
            "messageTitle": "Fix some code style bugs",
            "messageBody": "",
            "insertions": 5,
            "deletions": 5
          },
          {
            "hash": "125a6099a60bc06cd47d7fbf1ba33066a469c74d",
            "messageTitle": "Fix a bug when add the same modules to available modules list",
            "messageBody": "",
            "insertions": 10,
            "deletions": 1
          }
        ]
      },
      {
        "insertions": 10,
        "deletions": 2,
        "date": "2020-04-05",
        "commitResults": [
          {
            "hash": "bb9146fbcf71a6d14468be7662b4c8bb16f5fcbd",
            "messageTitle": "Show \"Please input your command:\"",
            "messageBody": "",
            "insertions": 7,
            "deletions": 0
          },
          {
            "hash": "a741379e47b4d364e814c04870f1038491de2193",
            "messageTitle": "Update UG",
            "messageBody": "",
            "insertions": 1,
            "deletions": 0
          },
          {
            "hash": "71955642d2e60819b556c95d88a3594f65d91600",
            "messageTitle": "Fix a output error.",
            "messageBody": "",
            "insertions": 1,
            "deletions": 1
          },
          {
            "hash": "92021eca5e7b425bc922876a35cce6f72584bb6c",
            "messageTitle": "Fix a output error",
            "messageBody": "",
            "insertions": 1,
            "deletions": 1
          }
        ]
      },
      {
        "insertions": 75,
        "deletions": 4,
        "date": "2020-04-07",
        "commitResults": [
          {
            "hash": "2d2d8c2fa8ce82e498c03c30c5db015c23822cc1",
            "messageTitle": "Update Runze\u0027s PPP",
            "messageBody": "",
            "insertions": 75,
            "deletions": 4
          }
        ]
      },
      {
        "insertions": 105,
        "deletions": 52,
        "date": "2020-04-09",
        "commitResults": [
          {
            "hash": "85ba26d42301f718efc0d3db548ebb9f44533778",
            "messageTitle": "Fix bugs in DG\u0027s graph showing",
            "messageBody": "",
            "insertions": 3,
            "deletions": 3
          },
          {
            "hash": "008e765ee61c5188d1714373d441578a6c745915",
            "messageTitle": "Fix some bugs",
            "messageBody": "",
            "insertions": 71,
            "deletions": 9
          },
          {
            "hash": "55aff35ca28c200abee9122a07e9dbf9fda846e5",
            "messageTitle": "Update DeveloperGuide.md",
            "messageBody": "",
            "insertions": 6,
            "deletions": 1
          },
          {
            "hash": "5b07c388ce1911659bd3701eb957dc973bbc3301",
            "messageTitle": "Update renzotsai.md",
            "messageBody": "",
            "insertions": 3,
            "deletions": 2
          },
          {
            "hash": "c7c8e7525439105ed99451cd96ebe15bf90ec819",
            "messageTitle": "Update renzotsai.md",
            "messageBody": "",
            "insertions": 11,
            "deletions": 18
          },
          {
            "hash": "6a9e05a69e55843c432d812ed60be90b0fe0e5af",
            "messageTitle": "Update renzotsai.md",
            "messageBody": "",
            "insertions": 1,
            "deletions": 1
          },
          {
            "hash": "e4c81f5483aa9f600a185a1d1e1796745c08d57d",
            "messageTitle": "Update renzotsai.md",
            "messageBody": "",
            "insertions": 1,
            "deletions": 1
          },
          {
            "hash": "7536b43f8276bcb100e12ef4dc19999d0c0179ab",
            "messageTitle": "Update UserGuide.md",
            "messageBody": "",
            "insertions": 2,
            "deletions": 2
          },
          {
            "hash": "3dadbb30126af45748984e2e1994936b4a54965e",
            "messageTitle": "Update PPP",
            "messageBody": "",
            "insertions": 3,
            "deletions": 8
          },
          {
            "hash": "6542c3f16d6d40a47d415a4bbb9bbf32d49d435d",
            "messageTitle": "Update PPP",
            "messageBody": "",
            "insertions": 4,
            "deletions": 7
          }
        ]
      },
      {
        "insertions": 81,
        "deletions": 8,
        "date": "2020-04-10",
        "commitResults": [
          {
            "hash": "907ab8a9aaa65a1753d1d203f0b15689301ac2aa",
            "messageTitle": "Update JavaDoc",
            "messageBody": "",
            "insertions": 77,
            "deletions": 4
          },
          {
            "hash": "b1d78b27af4ca77ba532b385cc99f6b3344ba987",
            "messageTitle": "Update UserGuide.md",
            "messageBody": "",
            "insertions": 3,
            "deletions": 3
          },
          {
            "hash": "5480f5112000f7928a6cd785623a8ea5ad24f4f6",
            "messageTitle": "Update UserGuide.md",
            "messageBody": "",
            "insertions": 1,
            "deletions": 1
          }
        ]
      }
    ]
  },
  "authorFinalContributionMap": {
    "chengTzeNing": 640,
    "DeetoMok": 1626,
    "bennychanya": 399,
    "RenzoTsai": 1518
  },
  "authorFileTypeContributionMap": {
    "chengTzeNing": {
      "docs": 265,
      "functional-code": 351,
      "test-code": 15,
      "other": 9
    },
    "DeetoMok": {
      "docs": 550,
      "functional-code": 703,
      "test-code": 370,
      "other": 3
    },
    "bennychanya": {
      "docs": 6,
      "functional-code": 362,
      "test-code": 20,
      "other": 11
    },
    "RenzoTsai": {
      "docs": 190,
      "functional-code": 1242,
      "test-code": 69,
      "other": 17
    }
  },
  "authorContributionVariance": {
    "chengTzeNing": 5153.317,
    "DeetoMok": 20730.64,
    "bennychanya": 15529.895,
    "RenzoTsai": 12295.774
  },
  "authorDisplayNameMap": {
    "chengTzeNing": "CS2113-T15-3 CHEN..NING",
    "DeetoMok": "CS2113-T15-3 MOK ..ARYL",
    "bennychanya": "CS2113-T15-3 CHAN..ENNY",
    "RenzoTsai": "CS2113-T15-3 CAI ..UNZE"
  }
}
