{
  "authorDailyContributionsMap": {
    "chengTzeNing": [
      {
        "insertions": 2,
        "deletions": 2,
        "date": "2020-03-03",
        "commitResults": [
          {
            "hash": "80fa0f46e0ec3a1c71707fabedb40e6f1a81d1c4",
            "messageTitle": "Add chengTzeNing",
            "messageBody": "",
            "insertions": 1,
            "deletions": 0
          },
          {
            "hash": "ba03bdd0a3c4ff75ce2426355b752eefb50249b8",
            "messageTitle": "Add chengTzeNing",
            "messageBody": "",
            "insertions": 1,
            "deletions": 2
          }
        ]
      }
    ],
    "DeetoMok": [
      {
        "insertions": 1,
        "deletions": 1,
        "date": "2020-03-03",
        "commitResults": [
          {
            "hash": "7a3d210ec67210b8d1027fce60dae1a6daed8f1c",
            "messageTitle": "added darylMok-AboutUs",
            "messageBody": "",
            "insertions": 1,
            "deletions": 1
          }
        ]
      }
    ],
    "bennychanya": [
      {
        "insertions": 1,
        "deletions": 1,
        "date": "2020-03-03",
        "commitResults": [
          {
            "hash": "f9433c019402c75a98900ae259a4745a5efb38c5",
            "messageTitle": "Edited ReadMe to include Benny\u0027s name",
            "messageBody": "",
            "insertions": 1,
            "deletions": 1
          }
        ]
      }
    ],
    "RenzoTsai": [
      {
        "insertions": 1,
        "deletions": 1,
        "date": "2020-03-03",
        "commitResults": [
          {
            "hash": "98446f7330287eab0679d97d850c59307b39cb1e",
            "messageTitle": "Update AboutUs.md",
            "messageBody": "",
            "insertions": 1,
            "deletions": 1
          }
        ]
      },
      {
        "insertions": 197,
        "deletions": 47,
        "date": "2020-03-05",
        "commitResults": [
          {
            "hash": "894d5d9a19dd411a97b69379fba2815dbaf78ac9",
            "messageTitle": "Add code of Module class",
            "messageBody": "",
            "insertions": 41,
            "deletions": 2
          },
          {
            "hash": "b3b6c05e501971a2b330673d30f8e6b74270b6c8",
            "messageTitle": "Add support for the \u0027add\u0027 module",
            "messageBody": "",
            "insertions": 49,
            "deletions": 8
          },
          {
            "hash": "37559626dd318c944549f5c88d89b061f7e3e89b",
            "messageTitle": "Add support to add modules to user\u0027s module list",
            "messageBody": "",
            "insertions": 60,
            "deletions": 10
          },
          {
            "hash": "ca724f41cb010a95706843f2e7225ae5f3754ff4",
            "messageTitle": "Fix some problems of code standard",
            "messageBody": "",
            "insertions": 11,
            "deletions": 10
          },
          {
            "hash": "675cb505820bed5fe7556cef2dd084d781f5854f",
            "messageTitle": "Update ui test",
            "messageBody": "",
            "insertions": 10,
            "deletions": 4
          },
          {
            "hash": "8a2310eafd9ee3bb34bd40d415b28fc4ac2ab3ad",
            "messageTitle": "Refactor code in parser",
            "messageBody": "",
            "insertions": 24,
            "deletions": 12
          },
          {
            "hash": "b09a66329aba175b8dd3b3e3406b48c6952e04fa",
            "messageTitle": "Refactor code in parser",
            "messageBody": "",
            "insertions": 2,
            "deletions": 1
          }
        ]
      },
      {
        "insertions": 14,
        "deletions": 9,
        "date": "2020-03-06",
        "commitResults": [
          {
            "hash": "331dfae72cb88037225b5fe390eed03d74e7268d",
            "messageTitle": "Change two variables \u0027isName\u0027 and \u0027isId\u0027 \u0027s name into \u0027isNameValid\u0027 and \u0027isIdValid\u0027.",
            "messageBody": "",
            "insertions": 9,
            "deletions": 9
          },
          {
            "hash": "c0ff1745f250a7aafb0ec0873f825d5eb5e7148f",
            "messageTitle": "Add three variables: description, isSUable and preReqModules into Module class",
            "messageBody": "",
            "insertions": 5,
            "deletions": 0
          }
        ]
      },
      {
        "insertions": 4,
        "deletions": 4,
        "date": "2020-03-07",
        "commitResults": [
          {
            "hash": "7da4737fc75c2f3e6ed79005411b36ab7b413266",
            "messageTitle": "Change variable identifier\u0027s name into moduleIdentifier in Module.java",
            "messageBody": "",
            "insertions": 4,
            "deletions": 4
          }
        ]
      }
    ]
  },
  "authorFinalContributionMap": {
    "chengTzeNing": 1,
    "DeetoMok": 0,
    "bennychanya": 1,
    "RenzoTsai": 160
  },
  "authorFileTypeContributionMap": {
    "chengTzeNing": {
      "java": 0,
      "md": 1,
      "fxml": 0,
      "sh": 0,
      "bat": 0,
      "gradle": 0,
      "txt": 0
    },
    "DeetoMok": {
      "java": 0,
      "md": 0,
      "fxml": 0,
      "sh": 0,
      "bat": 0,
      "gradle": 0,
      "txt": 0
    },
    "bennychanya": {
      "java": 0,
      "md": 1,
      "fxml": 0,
      "sh": 0,
      "bat": 0,
      "gradle": 0,
      "txt": 0
    },
    "RenzoTsai": {
      "java": 155,
      "md": 2,
      "fxml": 0,
      "sh": 0,
      "bat": 0,
      "gradle": 0,
      "txt": 3
    }
  },
  "authorContributionVariance": {
    "chengTzeNing": 1.9591836,
    "DeetoMok": 0.4897959,
    "bennychanya": 0.4897959,
    "RenzoTsai": 7024.531
  },
  "authorDisplayNameMap": {
    "chengTzeNing": "CS2113-T15-3 CHEN..NING",
    "DeetoMok": "CS2113-T15-3 MOK ..ARYL",
    "bennychanya": "CS2113-T15-3 CHAN..ENNY",
    "RenzoTsai": "CS2113-T15-3 CAI ..UNZE"
  }
}
