{
  "authorDailyContributionsMap": {
    "chengTzeNing": [
      {
        "insertions": 2,
        "deletions": 2,
        "date": "2020-03-03",
        "commitResults": [
          {
            "hash": "80fa0f46e0ec3a1c71707fabedb40e6f1a81d1c4",
            "messageTitle": "Add chengTzeNing",
            "messageBody": "",
            "insertions": 1,
            "deletions": 0
          },
          {
            "hash": "ba03bdd0a3c4ff75ce2426355b752eefb50249b8",
            "messageTitle": "Add chengTzeNing",
            "messageBody": "",
            "insertions": 1,
            "deletions": 2
          }
        ]
      },
      {
        "insertions": 210,
        "deletions": 77,
        "date": "2020-03-14",
        "commitResults": [
          {
            "hash": "7a8b28c72e66e7f559976102d8b15a5953e931d0",
            "messageTitle": "Add modules to data base to AvailableModulesList",
            "messageBody": "",
            "insertions": 123,
            "deletions": 22
          },
          {
            "hash": "a69f5127c7b49d401aa598418ebb980e6013b9d8",
            "messageTitle": "Complete AddToDataCommand increment",
            "messageBody": "",
            "insertions": 87,
            "deletions": 55
          }
        ]
      },
      {
        "insertions": 72,
        "deletions": 3,
        "date": "2020-03-19",
        "commitResults": [
          {
            "hash": "938887249eaf4c4b8bf028aab0d6b693b831e456",
            "messageTitle": "Add GE modules",
            "messageBody": "",
            "insertions": 13,
            "deletions": 0
          },
          {
            "hash": "a66b0a735904829e077d3182aede66823f14c619",
            "messageTitle": "Add boxes to make it easier to read",
            "messageBody": "",
            "insertions": 59,
            "deletions": 3
          }
        ]
      },
      {
        "insertions": 81,
        "deletions": 11,
        "date": "2020-03-22",
        "commitResults": [
          {
            "hash": "091c46e42ae2ba71665ef32973783ac86ad5da62",
            "messageTitle": "Add FindCommand",
            "messageBody": "",
            "insertions": 70,
            "deletions": 9
          },
          {
            "hash": "82f2c79987d222ea92e64e97b397399943d19d0a",
            "messageTitle": "Edit to pass checks",
            "messageBody": "",
            "insertions": 11,
            "deletions": 2
          }
        ]
      },
      {
        "insertions": 303,
        "deletions": 15,
        "date": "2020-03-23",
        "commitResults": [
          {
            "hash": "7c45d88178e26d9d4f1100cc935b86e706c4ecf9",
            "messageTitle": "Add Delete Command",
            "messageBody": "",
            "insertions": 236,
            "deletions": 14
          },
          {
            "hash": "258ef510cd19bf9dda3883158e11765f064882cf",
            "messageTitle": "Fix bug to make it delete",
            "messageBody": "",
            "insertions": 25,
            "deletions": 1
          },
          {
            "hash": "40d5e126c09b4119163d780b44ede239e567a6fd",
            "messageTitle": "Make DeleteFromAvailableCommand delete from SelectedModules if applicable",
            "messageBody": "",
            "insertions": 42,
            "deletions": 0
          }
        ]
      },
      {
        "insertions": 17,
        "deletions": 0,
        "date": "2020-03-26",
        "commitResults": [
          {
            "hash": "709124852ad0d3f55483f563fc37d7645090cee9",
            "messageTitle": "Edit AvailableModulesList according to comments",
            "messageBody": "",
            "insertions": 17,
            "deletions": 0
          }
        ]
      }
    ],
    "DeetoMok": [
      {
        "insertions": 1,
        "deletions": 1,
        "date": "2020-03-03",
        "commitResults": [
          {
            "hash": "7a3d210ec67210b8d1027fce60dae1a6daed8f1c",
            "messageTitle": "added darylMok-AboutUs",
            "messageBody": "",
            "insertions": 1,
            "deletions": 1
          }
        ]
      },
      {
        "insertions": 205,
        "deletions": 50,
        "date": "2020-03-12",
        "commitResults": [
          {
            "hash": "3153444912b2a2c7d7cf60ac3d82cf93e4fcf22e",
            "messageTitle": "added MarkAsDone",
            "messageBody": "",
            "insertions": 138,
            "deletions": 14
          },
          {
            "hash": "2d6039d44e75fe4b9b7ab1c0b01da6d19c9e2089",
            "messageTitle": "settled check style error",
            "messageBody": "",
            "insertions": 14,
            "deletions": 4
          },
          {
            "hash": "04475736097893c7d75bc8c1b6cc34a24cb67689",
            "messageTitle": "settled check style error",
            "messageBody": "",
            "insertions": 3,
            "deletions": 3
          },
          {
            "hash": "0b48b86ee589e925eab48576b798a37eefa315ee",
            "messageTitle": "Finished, but left with consideration for ID",
            "messageBody": "",
            "insertions": 8,
            "deletions": 4
          },
          {
            "hash": "fc274e883208a0374e6399ad8bb562dd46f7f5b6",
            "messageTitle": "updated EXPECTED.TXT",
            "messageBody": "",
            "insertions": 0,
            "deletions": 1
          },
          {
            "hash": "aeda4f14a4aaf2ea868876068c26c2cf722e2df4",
            "messageTitle": "updated to reduce errors",
            "messageBody": "",
            "insertions": 6,
            "deletions": 2
          },
          {
            "hash": "a03efc7971620865a3c2f6bec95c4295a850668c",
            "messageTitle": "Edited MarkAsDone class to consider both moduleName and moduleId when performing function",
            "messageBody": "",
            "insertions": 36,
            "deletions": 22
          }
        ]
      },
      {
        "insertions": 1,
        "deletions": 1,
        "date": "2020-03-13",
        "commitResults": [
          {
            "hash": "be28cf941b5aa64549705f25aeda8d73819a26c9",
            "messageTitle": "Configured runtest.bat",
            "messageBody": "",
            "insertions": 1,
            "deletions": 1
          }
        ]
      },
      {
        "insertions": 18,
        "deletions": 1,
        "date": "2020-03-14",
        "commitResults": [
          {
            "hash": "bf9f4737b83775e8c09d3d26fb13c55232f8b014",
            "messageTitle": "Add JUnit of SelectedModule class",
            "messageBody": "",
            "insertions": 17,
            "deletions": 0
          },
          {
            "hash": "58b682a918c726c156f5fdb2111c48500447a03e",
            "messageTitle": "reduced checkStyle error",
            "messageBody": "",
            "insertions": 1,
            "deletions": 1
          }
        ]
      },
      {
        "insertions": 30,
        "deletions": 4,
        "date": "2020-03-17",
        "commitResults": [
          {
            "hash": "66fbf5bd514a63fa4ec80ba1dc346cf591f110cb",
            "messageTitle": "Added Logging in Duke",
            "messageBody": "",
            "insertions": 28,
            "deletions": 3
          },
          {
            "hash": "dfdd5698ef744d63fb2d066ca25e7125d69500ba",
            "messageTitle": "updated to reduce check style error",
            "messageBody": "",
            "insertions": 1,
            "deletions": 1
          },
          {
            "hash": "9c4adeb2641beea16cd6189de696900085ab0efb",
            "messageTitle": "added assertion",
            "messageBody": "",
            "insertions": 1,
            "deletions": 0
          }
        ]
      },
      {
        "insertions": 168,
        "deletions": 37,
        "date": "2020-03-19",
        "commitResults": [
          {
            "hash": "4fc7f69c403fceb37049a91c45ca14df9ae4945e",
            "messageTitle": "Added Help, grade and cap of person",
            "messageBody": "",
            "insertions": 143,
            "deletions": 28
          },
          {
            "hash": "12d9785a86f2bb425b30571382103555384db2bf",
            "messageTitle": "Added new temp command to try fix github errors",
            "messageBody": "",
            "insertions": 20,
            "deletions": 4
          },
          {
            "hash": "65990a1e62b0cd81320e069486fd9add559e4bfd",
            "messageTitle": "Changed \"HelpCommand\" to \"HelpingCommand\"",
            "messageBody": "",
            "insertions": 5,
            "deletions": 5
          }
        ]
      },
      {
        "insertions": 0,
        "deletions": 1,
        "date": "2020-03-20",
        "commitResults": [
          {
            "hash": "19502cd78e62923ea90dfb404e0650bc4c87a279",
            "messageTitle": "settled merge conflict",
            "messageBody": "",
            "insertions": 0,
            "deletions": 1
          }
        ]
      },
      {
        "insertions": 55,
        "deletions": 5,
        "date": "2020-03-27",
        "commitResults": [
          {
            "hash": "be8ac96540af9cf9a5a6a5566389ce72f9cb7703",
            "messageTitle": "updated DeveloperGuide.md",
            "messageBody": "",
            "insertions": 48,
            "deletions": 0
          },
          {
            "hash": "9aac9e4dc3437f6368b74de6c4a813a874880018",
            "messageTitle": "Added target user profile and value proposition in DeveloperGuide.md",
            "messageBody": "",
            "insertions": 7,
            "deletions": 5
          }
        ]
      },
      {
        "insertions": 190,
        "deletions": 122,
        "date": "2020-03-28",
        "commitResults": [
          {
            "hash": "4e3c598dbb0a48173d3ae4927368981ea53d9ec7",
            "messageTitle": "Updated code to become completely CLI and changed format of displaying Year and Semester",
            "messageBody": "",
            "insertions": 162,
            "deletions": 93
          },
          {
            "hash": "ef7e215d1e5ad6b7d3f997db98d14b2c52c43395",
            "messageTitle": "update to pass Java CI test",
            "messageBody": "",
            "insertions": 20,
            "deletions": 19
          },
          {
            "hash": "4cc008cbd94160f6c2bb370f4082fe7d9cc419c9",
            "messageTitle": "update to pass Java CI test",
            "messageBody": "",
            "insertions": 7,
            "deletions": 9
          },
          {
            "hash": "9779c8ebfdae8502167147dc85cf86d86ba9619c",
            "messageTitle": "update to pass Java CI test",
            "messageBody": "",
            "insertions": 1,
            "deletions": 1
          }
        ]
      }
    ],
    "bennychanya": [
      {
        "insertions": 1,
        "deletions": 1,
        "date": "2020-03-03",
        "commitResults": [
          {
            "hash": "f9433c019402c75a98900ae259a4745a5efb38c5",
            "messageTitle": "Edited ReadMe to include Benny\u0027s name",
            "messageBody": "",
            "insertions": 1,
            "deletions": 1
          }
        ]
      },
      {
        "insertions": 126,
        "deletions": 38,
        "date": "2020-03-09",
        "commitResults": [
          {
            "hash": "7781a3fb0b03c33c87ff1fb38dd50a064dedddca",
            "messageTitle": "Added New Classes: ExitCommand - Exits program when user type \"bye\" AvailableModulesList - For storing all modules available for user SelectedModulesList - For storing user\u0027s selected modules Ui - Print out messages",
            "messageBody": "Refactored Duke main to be more OOP\n",
            "insertions": 107,
            "deletions": 27
          },
          {
            "hash": "76d2be0bdab8e9fe6f546c56fa8132f3b97e5e75",
            "messageTitle": "Resolve all build errors",
            "messageBody": "",
            "insertions": 19,
            "deletions": 11
          }
        ]
      },
      {
        "insertions": 5,
        "deletions": 5,
        "date": "2020-03-10",
        "commitResults": [
          {
            "hash": "940daaeb568b782af1ed41d2c7544ca7a300ee11",
            "messageTitle": "Update ExitCommand.java",
            "messageBody": "",
            "insertions": 1,
            "deletions": 1
          },
          {
            "hash": "8db284bd3935e92529e539ec5e85aa8ee1eb24b8",
            "messageTitle": "Update Ui.java",
            "messageBody": "",
            "insertions": 1,
            "deletions": 1
          },
          {
            "hash": "0eda827870421c8e8801b12ef9970c65a69e5378",
            "messageTitle": "Update Ui.java",
            "messageBody": "",
            "insertions": 1,
            "deletions": 1
          },
          {
            "hash": "1a4701c866796e09831bc9c18b78f9c07fdae176",
            "messageTitle": "Update Ui.java",
            "messageBody": "",
            "insertions": 2,
            "deletions": 2
          }
        ]
      },
      {
        "insertions": 470,
        "deletions": 323,
        "date": "2020-03-20",
        "commitResults": [
          {
            "hash": "061eff19d84bffc38514e47d7d1c0d4636655fc6",
            "messageTitle": "Added Enum for grades. Converted Module into an abstract Class Changed SelectedModuleList to SemesterList Changed SemesterList to inherit from priorityqueue for printing Changed MarkAsDoesCommand to take in grades Refactor method convertSemToStandardFormat into new static class SemesterConvertor",
            "messageBody": "",
            "insertions": 332,
            "deletions": 221
          },
          {
            "hash": "f585467ccfb34bf82e2b5274c84cdfed0e154d2d",
            "messageTitle": "Refactor code to pass build test",
            "messageBody": "",
            "insertions": 9,
            "deletions": 4
          },
          {
            "hash": "f527874501862ec2e34a8511d2f314f65e0c9ce0",
            "messageTitle": "Added grade point to grading Enum",
            "messageBody": "",
            "insertions": 21,
            "deletions": 15
          },
          {
            "hash": "0279705bbfd239a941c20b1af805ef083baeb61b",
            "messageTitle": "Refactor code for grading enum",
            "messageBody": "",
            "insertions": 0,
            "deletions": 47
          },
          {
            "hash": "f10261dad871ab5117bed0ff4ce1b90bb5e239f0",
            "messageTitle": "Refactor grading Enum",
            "messageBody": "",
            "insertions": 17,
            "deletions": 17
          },
          {
            "hash": "e339dcdedb250a1c96326ddb3e96646366d64f09",
            "messageTitle": "Added CalculateCapCommand to calculate user\u0027s CAP",
            "messageBody": "",
            "insertions": 36,
            "deletions": 17
          },
          {
            "hash": "e1009c728d769cac5b71c85873c731f263e842f3",
            "messageTitle": "Added CalculateCapCommand class",
            "messageBody": "",
            "insertions": 45,
            "deletions": 0
          },
          {
            "hash": "27a28bacdc2501f003c46064ec8187dcff55722b",
            "messageTitle": "Changed import for parser class to pass build test",
            "messageBody": "",
            "insertions": 9,
            "deletions": 1
          },
          {
            "hash": "aa119bd8bd09f9b05c52ca82c5e755b3591e246f",
            "messageTitle": "Change spacing to match expected.txt",
            "messageBody": "",
            "insertions": 1,
            "deletions": 1
          }
        ]
      },
      {
        "insertions": 73,
        "deletions": 18,
        "date": "2020-03-28",
        "commitResults": [
          {
            "hash": "8a2ba27cf05bdf01e7104f0a1dc383fa3da17c36",
            "messageTitle": "Refactor code to identify boolean conditions for if-statements Added PersonTest",
            "messageBody": "",
            "insertions": 33,
            "deletions": 3
          },
          {
            "hash": "c45f9132a00ebc3fb5d98fdb6fff0096b95e7184",
            "messageTitle": "Added Calculate Cap Implementation into DeveloperGuide",
            "messageBody": "",
            "insertions": 10,
            "deletions": 0
          },
          {
            "hash": "4e6c060a7154cfd7eaee22e29a8d14d2d47e0a56",
            "messageTitle": "Refactor Code for CalculateCapCommand",
            "messageBody": "",
            "insertions": 1,
            "deletions": 1
          },
          {
            "hash": "fdd0c5e4721da932cb03dafa8fcb5559914f7da0",
            "messageTitle": "Added assertion Refactor part of SelectedModule Updated DeveloperGuide to include Calculate CAP mechanism (Incompleted)",
            "messageBody": "",
            "insertions": 13,
            "deletions": 11
          },
          {
            "hash": "1f0a85d7c96bb0bc98a37c17f3f5e5e2047c5c45",
            "messageTitle": "Edited code to pass build test",
            "messageBody": "",
            "insertions": 11,
            "deletions": 2
          },
          {
            "hash": "ec19fd7e9c6fb64a83f3f461b18a6b6c741f0d88",
            "messageTitle": "Edited DeveloperGuide",
            "messageBody": "",
            "insertions": 3,
            "deletions": 0
          },
          {
            "hash": "4c5100f3f202600f1b73fa699ec21676b587197d",
            "messageTitle": "Edited DG",
            "messageBody": "",
            "insertions": 2,
            "deletions": 1
          }
        ]
      }
    ],
    "RenzoTsai": [
      {
        "insertions": 1,
        "deletions": 1,
        "date": "2020-03-03",
        "commitResults": [
          {
            "hash": "98446f7330287eab0679d97d850c59307b39cb1e",
            "messageTitle": "Update AboutUs.md",
            "messageBody": "",
            "insertions": 1,
            "deletions": 1
          }
        ]
      },
      {
        "insertions": 197,
        "deletions": 47,
        "date": "2020-03-05",
        "commitResults": [
          {
            "hash": "894d5d9a19dd411a97b69379fba2815dbaf78ac9",
            "messageTitle": "Add code of Module class",
            "messageBody": "",
            "insertions": 41,
            "deletions": 2
          },
          {
            "hash": "b3b6c05e501971a2b330673d30f8e6b74270b6c8",
            "messageTitle": "Add support for the \u0027add\u0027 module",
            "messageBody": "",
            "insertions": 49,
            "deletions": 8
          },
          {
            "hash": "37559626dd318c944549f5c88d89b061f7e3e89b",
            "messageTitle": "Add support to add modules to user\u0027s module list",
            "messageBody": "",
            "insertions": 60,
            "deletions": 10
          },
          {
            "hash": "ca724f41cb010a95706843f2e7225ae5f3754ff4",
            "messageTitle": "Fix some problems of code standard",
            "messageBody": "",
            "insertions": 11,
            "deletions": 10
          },
          {
            "hash": "675cb505820bed5fe7556cef2dd084d781f5854f",
            "messageTitle": "Update ui test",
            "messageBody": "",
            "insertions": 10,
            "deletions": 4
          },
          {
            "hash": "8a2310eafd9ee3bb34bd40d415b28fc4ac2ab3ad",
            "messageTitle": "Refactor code in parser",
            "messageBody": "",
            "insertions": 24,
            "deletions": 12
          },
          {
            "hash": "b09a66329aba175b8dd3b3e3406b48c6952e04fa",
            "messageTitle": "Refactor code in parser",
            "messageBody": "",
            "insertions": 2,
            "deletions": 1
          }
        ]
      },
      {
        "insertions": 14,
        "deletions": 9,
        "date": "2020-03-06",
        "commitResults": [
          {
            "hash": "331dfae72cb88037225b5fe390eed03d74e7268d",
            "messageTitle": "Change two variables \u0027isName\u0027 and \u0027isId\u0027 \u0027s name into \u0027isNameValid\u0027 and \u0027isIdValid\u0027.",
            "messageBody": "",
            "insertions": 9,
            "deletions": 9
          },
          {
            "hash": "c0ff1745f250a7aafb0ec0873f825d5eb5e7148f",
            "messageTitle": "Add three variables: description, isSUable and preReqModules into Module class",
            "messageBody": "",
            "insertions": 5,
            "deletions": 0
          }
        ]
      },
      {
        "insertions": 73,
        "deletions": 5,
        "date": "2020-03-07",
        "commitResults": [
          {
            "hash": "7da4737fc75c2f3e6ed79005411b36ab7b413266",
            "messageTitle": "Change variable identifier\u0027s name into moduleIdentifier in Module.java",
            "messageBody": "",
            "insertions": 4,
            "deletions": 4
          },
          {
            "hash": "1ba9b2383dd08a1e3ace464afa9e9aa361f3202b",
            "messageTitle": "Add code to support viewing module plan",
            "messageBody": "",
            "insertions": 69,
            "deletions": 1
          }
        ]
      },
      {
        "insertions": 50,
        "deletions": 5,
        "date": "2020-03-08",
        "commitResults": [
          {
            "hash": "77bc1553c86b2fd084e95cdbcdcb6f601842faaa",
            "messageTitle": "Add code to deal with different semester",
            "messageBody": "",
            "insertions": 50,
            "deletions": 5
          }
        ]
      },
      {
        "insertions": 13,
        "deletions": 0,
        "date": "2020-03-09",
        "commitResults": [
          {
            "hash": "abe84bc7257bbf4324bbecae5fa1011555e054d8",
            "messageTitle": "Add a JUnit Test",
            "messageBody": "",
            "insertions": 13,
            "deletions": 0
          }
        ]
      },
      {
        "insertions": 23,
        "deletions": 18,
        "date": "2020-03-10",
        "commitResults": [
          {
            "hash": "21fcda24db3d142d2f894c94f3f838f4b34fd826",
            "messageTitle": "Fix a problem in text-ui-test",
            "messageBody": "",
            "insertions": 4,
            "deletions": 3
          },
          {
            "hash": "56445caf2b896e565ac33b1e465e1c7c8744ebf4",
            "messageTitle": "Add JUnit of Module class",
            "messageBody": "",
            "insertions": 17,
            "deletions": 0
          },
          {
            "hash": "46e6f91993fe43876cf3d5c380b401c8360a0bbb",
            "messageTitle": "Delete a JUnit which was in a wrong path",
            "messageBody": "",
            "insertions": 0,
            "deletions": 13
          },
          {
            "hash": "a1a03fd1deb5d7a069b6452bf54ded1489f09b00",
            "messageTitle": "Fix a code style problem in Parser.java",
            "messageBody": "",
            "insertions": 1,
            "deletions": 1
          },
          {
            "hash": "16ae1ee1bf8e6be4ac690179bbb6d7a1f87c7598",
            "messageTitle": "Fix a problem in ModuleTest.java",
            "messageBody": "",
            "insertions": 1,
            "deletions": 1
          }
        ]
      },
      {
        "insertions": 35,
        "deletions": 7,
        "date": "2020-03-13",
        "commitResults": [
          {
            "hash": "ed145fecc39b35a912b734036b9f09150b05fdfa",
            "messageTitle": "Update code to pass CL",
            "messageBody": "",
            "insertions": 35,
            "deletions": 7
          }
        ]
      },
      {
        "insertions": 56,
        "deletions": 11,
        "date": "2020-03-15",
        "commitResults": [
          {
            "hash": "6bbfe11a90a5b121b4ad0dfc69e3dc7c61a196ce",
            "messageTitle": "Revise code to pass CL test",
            "messageBody": "",
            "insertions": 9,
            "deletions": 4
          },
          {
            "hash": "22a36002d83727e39e4ff4a506734c6faaa2cacc",
            "messageTitle": "Fix a bug when add new module to database",
            "messageBody": "",
            "insertions": 45,
            "deletions": 5
          },
          {
            "hash": "1d57655c413974f98b140f47fa3337c8d646bb19",
            "messageTitle": "Change a string in Ui.java",
            "messageBody": "",
            "insertions": 1,
            "deletions": 1
          },
          {
            "hash": "f12cc70065d10233db00793139e981b0aa89f217",
            "messageTitle": "Fix an error in checkstyleMain",
            "messageBody": "",
            "insertions": 1,
            "deletions": 1
          }
        ]
      },
      {
        "insertions": 110,
        "deletions": 23,
        "date": "2020-03-16",
        "commitResults": [
          {
            "hash": "2c20bf6e5b14c38d1ac433d020afc8cdf7656254",
            "messageTitle": "Add code to support exception handling and assert",
            "messageBody": "",
            "insertions": 100,
            "deletions": 18
          },
          {
            "hash": "8aab2f19c7ef48545c9110db50264af146aea7fb",
            "messageTitle": "Fix some code style errors",
            "messageBody": "",
            "insertions": 8,
            "deletions": 5
          },
          {
            "hash": "5b8ff6088d6cf0113d4a20255b14dcbfe7ec9dbc",
            "messageTitle": "Update text-ui-test",
            "messageBody": "",
            "insertions": 2,
            "deletions": 0
          }
        ]
      },
      {
        "insertions": 111,
        "deletions": 32,
        "date": "2020-03-17",
        "commitResults": [
          {
            "hash": "9e1d75a83b103214f36445ce372819e1a9d60bae",
            "messageTitle": "no message",
            "messageBody": "",
            "insertions": 110,
            "deletions": 31
          },
          {
            "hash": "ea2614716eeed0e43cdad881cd86f0e71f0f9fe5",
            "messageTitle": "Fix a mistake in input.txt",
            "messageBody": "",
            "insertions": 1,
            "deletions": 1
          }
        ]
      },
      {
        "insertions": 45,
        "deletions": 45,
        "date": "2020-03-19",
        "commitResults": [
          {
            "hash": "81d6b45a5247e46c635cc8c8a368fe4e53a50e5e",
            "messageTitle": "Refactor code of view available modules",
            "messageBody": "",
            "insertions": 45,
            "deletions": 45
          }
        ]
      },
      {
        "insertions": 75,
        "deletions": 27,
        "date": "2020-03-20",
        "commitResults": [
          {
            "hash": "2462e6199f467a1d7c09cbada84327b492fc4171",
            "messageTitle": "Refactor code to make it concise and add support to get the value of grade",
            "messageBody": "",
            "insertions": 75,
            "deletions": 27
          }
        ]
      },
      {
        "insertions": 75,
        "deletions": 25,
        "date": "2020-03-24",
        "commitResults": [
          {
            "hash": "dbe9bc313b706b4f59a8f48acb863655613e67b7",
            "messageTitle": "Fix a bug in Find",
            "messageBody": "",
            "insertions": 4,
            "deletions": 6
          },
          {
            "hash": "4a614e6640fa9f1aaa869032b6bbe5add3afcecf",
            "messageTitle": "Updata DG of add to semester",
            "messageBody": "",
            "insertions": 34,
            "deletions": 1
          },
          {
            "hash": "b31ba0ab3a8aa65f82b0fbba349655c5cea05ad0",
            "messageTitle": "Update UG of \u0027add to semester\u0027",
            "messageBody": "",
            "insertions": 14,
            "deletions": 11
          },
          {
            "hash": "9c8b12db428a481f0ac4013473e16fdeac9dcf5c",
            "messageTitle": "Fix a mistake in Duke.java",
            "messageBody": "",
            "insertions": 2,
            "deletions": 1
          },
          {
            "hash": "d6235e73a6849851ab0b2af6ad927386d4094178",
            "messageTitle": "Update img path in DG",
            "messageBody": "",
            "insertions": 1,
            "deletions": 1
          },
          {
            "hash": "681354817bfbbf7bdde2489e44156c607035ebfc",
            "messageTitle": "Fix a bug in add to sem",
            "messageBody": "",
            "insertions": 20,
            "deletions": 5
          }
        ]
      },
      {
        "insertions": 26,
        "deletions": 30,
        "date": "2020-03-25",
        "commitResults": [
          {
            "hash": "5096c47bf068eca350a9e196a9dd96ae1b58a0d3",
            "messageTitle": "Update README.md",
            "messageBody": "",
            "insertions": 1,
            "deletions": 1
          },
          {
            "hash": "4afbba0f1703720c777e7e76340b0e76c320a5d7",
            "messageTitle": "Revised code of \"delete\"",
            "messageBody": "",
            "insertions": 25,
            "deletions": 29
          }
        ]
      },
      {
        "insertions": 33,
        "deletions": 31,
        "date": "2020-03-26",
        "commitResults": [
          {
            "hash": "0b36894c57ca91bd227129ba9c83320450677521",
            "messageTitle": "Revise code and make it pass CL test.",
            "messageBody": "",
            "insertions": 33,
            "deletions": 31
          }
        ]
      },
      {
        "insertions": 614,
        "deletions": 40,
        "date": "2020-03-27",
        "commitResults": [
          {
            "hash": "09dd33720bd991863febf019a3fe59d5c969951d",
            "messageTitle": "Add support for storage person info",
            "messageBody": "",
            "insertions": 168,
            "deletions": 19
          },
          {
            "hash": "614c61c9566adf92a614b43dd17969f8b9366aef",
            "messageTitle": "Add support for storage available modules list",
            "messageBody": "",
            "insertions": 160,
            "deletions": 2
          },
          {
            "hash": "144a3ff201ce7866db77ab0deca03a514a902fc4",
            "messageTitle": "Add support for storage semester list",
            "messageBody": "",
            "insertions": 277,
            "deletions": 12
          },
          {
            "hash": "f03343a7241d3e77c7e268bd963fc473746c91d8",
            "messageTitle": "Correct mistakes about code style",
            "messageBody": "",
            "insertions": 4,
            "deletions": 2
          },
          {
            "hash": "233127d0bd7b558c01a3ffdc48daccf5e7ddd13e",
            "messageTitle": "Update ui test",
            "messageBody": "",
            "insertions": 0,
            "deletions": 1
          },
          {
            "hash": "4f07c80c1ee75247789cca4a5fe179603abf8f3b",
            "messageTitle": "Update personInfo.txt",
            "messageBody": "",
            "insertions": 1,
            "deletions": 0
          },
          {
            "hash": "a2e1bcad13b81b85ff8f2305572c42e39375a8ac",
            "messageTitle": "Updata personInfo storage",
            "messageBody": "",
            "insertions": 1,
            "deletions": 2
          },
          {
            "hash": "fe9817dbd0a145c881eb6526c4a9f026d4e636ac",
            "messageTitle": "Try to figure out why CL TEST in windows fail",
            "messageBody": "",
            "insertions": 1,
            "deletions": 1
          },
          {
            "hash": "004881f6aa0ca8522d553b9833d881f40196ece6",
            "messageTitle": "Update ui test",
            "messageBody": "",
            "insertions": 0,
            "deletions": 1
          },
          {
            "hash": "7ab673980a88a173190fb3481036480321d51348",
            "messageTitle": "Update ui test",
            "messageBody": "",
            "insertions": 2,
            "deletions": 0
          }
        ]
      },
      {
        "insertions": 2,
        "deletions": 2,
        "date": "2020-03-28",
        "commitResults": [
          {
            "hash": "59395b182ee419c9b35617853e266324bf3731be",
            "messageTitle": "Update runtest.bat",
            "messageBody": "",
            "insertions": 2,
            "deletions": 2
          }
        ]
      },
      {
        "insertions": 134,
        "deletions": 50,
        "date": "2020-03-30",
        "commitResults": [
          {
            "hash": "756d94d63bbbec35ef62896465541a1be39e25b1",
            "messageTitle": "Fix a bug in add to data (sometimes cannot add to data successfully)",
            "messageBody": "",
            "insertions": 7,
            "deletions": 13
          },
          {
            "hash": "9254750866231ea443d27d88a31596c546c57d02",
            "messageTitle": "Fix a bug",
            "messageBody": "",
            "insertions": 14,
            "deletions": 6
          },
          {
            "hash": "66188f3f5d9f015ea026006daf19e5d9ffb550ae",
            "messageTitle": "Update DG",
            "messageBody": "",
            "insertions": 10,
            "deletions": 8
          },
          {
            "hash": "699b23639e9f43dc9bc64ac21f614fad1dd22e42",
            "messageTitle": "Update DeveloperGuide.md",
            "messageBody": "",
            "insertions": 1,
            "deletions": 1
          },
          {
            "hash": "36f2c528dbfa283b559b0e1f2ada5c7bc58eabf7",
            "messageTitle": "Update UG",
            "messageBody": "",
            "insertions": 100,
            "deletions": 21
          },
          {
            "hash": "b0d6d04ff57e4652986998282b2ece47e52ede7c",
            "messageTitle": "Fix a mistake in Ui.java",
            "messageBody": "",
            "insertions": 1,
            "deletions": 1
          },
          {
            "hash": "caac397cc30e891e4ea83441145b7f9708589540",
            "messageTitle": "Fix a mistake in text ui test",
            "messageBody": "",
            "insertions": 1,
            "deletions": 0
          }
        ]
      }
    ]
  },
  "authorFinalContributionMap": {
    "chengTzeNing": 415,
    "DeetoMok": 409,
    "bennychanya": 532,
    "RenzoTsai": 1281
  },
  "authorFileTypeContributionMap": {
    "chengTzeNing": {
      "java": 406,
      "md": 1,
      "fxml": 0,
      "sh": 0,
      "bat": 0,
      "gradle": 0,
      "txt": 8
    },
    "DeetoMok": {
      "java": 352,
      "md": 54,
      "fxml": 0,
      "sh": 0,
      "bat": 1,
      "gradle": 0,
      "txt": 2
    },
    "bennychanya": {
      "java": 489,
      "md": 31,
      "fxml": 0,
      "sh": 0,
      "bat": 0,
      "gradle": 0,
      "txt": 12
    },
    "RenzoTsai": {
      "java": 1134,
      "md": 138,
      "fxml": 0,
      "sh": 0,
      "bat": 4,
      "gradle": 1,
      "txt": 4
    }
  },
  "authorContributionVariance": {
    "chengTzeNing": 5897.511,
    "DeetoMok": 6103.888,
    "bennychanya": 20889.22,
    "RenzoTsai": 15548.073
  },
  "authorDisplayNameMap": {
    "chengTzeNing": "CS2113-T15-3 CHEN..NING",
    "DeetoMok": "CS2113-T15-3 MOK ..ARYL",
    "bennychanya": "CS2113-T15-3 CHAN..ENNY",
    "RenzoTsai": "CS2113-T15-3 CAI ..UNZE"
  }
}
