[
  {
    "path": "CONTRIBUTORS.md",
    "fileType": "md",
    "lines": [
      {
        "lineNumber": 1,
        "author": {
          "gitId": "-"
        },
        "content": "# Contributors"
      },
      {
        "lineNumber": 2,
        "author": {
          "gitId": "-"
        },
        "content": ""
      },
      {
        "lineNumber": 3,
        "author": {
          "gitId": "-"
        },
        "content": "Display | Name | Github Profile | Homepage"
      },
      {
        "lineNumber": 4,
        "author": {
          "gitId": "-"
        },
        "content": "---|:---:|:---:|:---:"
      },
      {
        "lineNumber": 5,
        "author": {
          "gitId": "-"
        },
        "content": "![](https://avatars0.githubusercontent.com/u/22460123?s\u003d100) | Jeffry Lum | [Github](https://github.com/j-lum/) | [Homepage](https://se.kasugano.moe)"
      },
      {
        "lineNumber": 6,
        "author": {
          "gitId": "-"
        },
        "content": "![](https://avatars0.githubusercontent.com/u/1673303?s\u003d100) | Damith C. Rajapakse | [Github](https://github.com/damithc/) | [Homepage](https://www.comp.nus.edu.sg/~damithch/)"
      },
      {
        "lineNumber": 7,
        "author": {
          "gitId": "yuchenlichuck"
        },
        "content": "![](https://avatars0.githubusercontent.com/u/123?s\u003d100) | Yuchen Li | [Github](https://github.com/yuchenlichuck/) | [Homepage](http://liyc.fun)"
      },
      {
        "lineNumber": 8,
        "author": {
          "gitId": "yuchenlichuck"
        },
        "content": ""
      },
      {
        "lineNumber": 9,
        "author": {
          "gitId": "yuchenlichuck"
        },
        "content": ""
      },
      {
        "lineNumber": 10,
        "author": {
          "gitId": "-"
        },
        "content": "# I would like to join this list. How can I help the project"
      },
      {
        "lineNumber": 11,
        "author": {
          "gitId": "-"
        },
        "content": ""
      },
      {
        "lineNumber": 12,
        "author": {
          "gitId": "-"
        },
        "content": "For more information, please refer to our [contributor\u0027s guide](https://oss-generic.github.io/process/)."
      }
    ],
    "authorContributionMap": {
      "yuchenlichuck": 3,
      "-": 9
    }
  },
  {
    "path": "docs/AboutUs.md",
    "fileType": "md",
    "lines": [
      {
        "lineNumber": 1,
        "author": {
          "gitId": "-"
        },
        "content": "# About us"
      },
      {
        "lineNumber": 2,
        "author": {
          "gitId": "-"
        },
        "content": ""
      },
      {
        "lineNumber": 3,
        "author": {
          "gitId": "-"
        },
        "content": "Display | Name | Github Profile | Portfolio "
      },
      {
        "lineNumber": 4,
        "author": {
          "gitId": "-"
        },
        "content": "--------|:----:|:--------------:|:---------:"
      },
      {
        "lineNumber": 5,
        "author": {
          "gitId": "JTWang2000"
        },
        "content": "![](https://via.placeholder.com/100.png?text\u003dPhoto) | Wang Jingtan | [Github](https://github.com/JTWang2000) | [Portfolio](docs/team/jingtan.md)"
      },
      {
        "lineNumber": 6,
        "author": {
          "gitId": "Bencotti"
        },
        "content": "![](https://www.wework.com/ideas/wp-content/uploads/sites/4/2015/11/cookie-monster1-1120x630.jpg) | Daniel Ho | [Github](https://github.com/Bencotti) | [Portfolio](docs/team/johndoe.md)"
      },
      {
        "lineNumber": 7,
        "author": {
          "gitId": "-"
        },
        "content": "![](https://via.placeholder.com/100.png?text\u003dPhoto) | Don Joe | [Github](https://github.com/) | [Portfolio](docs/team/johndoe.md)"
      },
      {
        "lineNumber": 8,
        "author": {
          "gitId": "-"
        },
        "content": "![](https://via.placeholder.com/100.png?text\u003dPhoto) | Ron John | [Github](https://github.com/) | [Portfolio](docs/team/johndoe.md)"
      },
      {
        "lineNumber": 9,
        "author": {
          "gitId": "-"
        },
        "content": "![](https://via.placeholder.com/100.png?text\u003dPhoto) | John Roe | [Github](https://github.com/) | [Portfolio](docs/team/johndoe.md)"
      },
      {
        "lineNumber": 10,
        "author": {
          "gitId": "rsanchez-macias"
        },
        "content": "![](https://img1.looper.com/img/gallery/detective-pikachu-2-release-date-cast-and-plot/intro-1568566852.jpg) | Ricardo Sanchez-Macias | [Github](https://github.com/rsanchez-macias) | [Portfolio](docs/team/johndoe.md)"
      }
    ],
    "authorContributionMap": {
      "JTWang2000": 1,
      "rsanchez-macias": 1,
      "Bencotti": 1,
      "-": 7
    }
  },
  {
    "path": "text-ui-test/runtest.bat",
    "fileType": "bat",
    "lines": [
      {
        "lineNumber": 1,
        "author": {
          "gitId": "JTWang2000"
        },
        "content": ""
      },
      {
        "lineNumber": 2,
        "author": {
          "gitId": "-"
        },
        "content": "setlocal enableextensions"
      },
      {
        "lineNumber": 3,
        "author": {
          "gitId": "-"
        },
        "content": "pushd %~dp0"
      },
      {
        "lineNumber": 4,
        "author": {
          "gitId": "-"
        },
        "content": ""
      },
      {
        "lineNumber": 5,
        "author": {
          "gitId": "-"
        },
        "content": "cd .."
      },
      {
        "lineNumber": 6,
        "author": {
          "gitId": "-"
        },
        "content": "call gradlew shadowJar"
      },
      {
        "lineNumber": 7,
        "author": {
          "gitId": "-"
        },
        "content": ""
      },
      {
        "lineNumber": 8,
        "author": {
          "gitId": "-"
        },
        "content": "cd build\\libs"
      },
      {
        "lineNumber": 9,
        "author": {
          "gitId": "-"
        },
        "content": "for /f \"tokens\u003d*\" %%a in ("
      },
      {
        "lineNumber": 10,
        "author": {
          "gitId": "-"
        },
        "content": "    \u0027dir /b *.jar\u0027"
      },
      {
        "lineNumber": 11,
        "author": {
          "gitId": "-"
        },
        "content": ") do ("
      },
      {
        "lineNumber": 12,
        "author": {
          "gitId": "-"
        },
        "content": "    set jarloc\u003d%%a"
      },
      {
        "lineNumber": 13,
        "author": {
          "gitId": "-"
        },
        "content": ")"
      },
      {
        "lineNumber": 14,
        "author": {
          "gitId": "-"
        },
        "content": ""
      },
      {
        "lineNumber": 15,
        "author": {
          "gitId": "-"
        },
        "content": "java -jar %jarloc% \u003c ..\\..\\text-ui-test\\input.txt \u003e ..\\..\\text-ui-test\\ACTUAL.TXT"
      },
      {
        "lineNumber": 16,
        "author": {
          "gitId": "-"
        },
        "content": ""
      },
      {
        "lineNumber": 17,
        "author": {
          "gitId": "-"
        },
        "content": "cd ..\\..\\text-ui-test"
      },
      {
        "lineNumber": 18,
        "author": {
          "gitId": "-"
        },
        "content": ""
      },
      {
        "lineNumber": 19,
        "author": {
          "gitId": "-"
        },
        "content": "FC ACTUAL.TXT EXPECTED.TXT \u003eNUL \u0026\u0026 ECHO Test passed! || Echo Test failed!"
      }
    ],
    "authorContributionMap": {
      "JTWang2000": 1,
      "-": 18
    }
  }
]
