{
  "authorDailyContributionsMap": {
    "JTWang2000": [
      {
        "insertions": 2,
        "deletions": 2,
        "date": "2020-03-03",
        "commitResults": [
          {
            "hash": "d459ce423dd3530a3a72a2010b8616e1a9e6d5f8",
            "messageTitle": "Edit about jingtan",
            "messageBody": "",
            "insertions": 2,
            "deletions": 2
          }
        ]
      },
      {
        "insertions": 277,
        "deletions": 88,
        "date": "2020-03-09",
        "commitResults": [
          {
            "hash": "f3c8c62d4ba8d423ef8c2cbb803ee9c94bb42fe3",
            "messageTitle": "AddCommand added",
            "messageBody": "",
            "insertions": 176,
            "deletions": 61
          },
          {
            "hash": "23df0d13e11caf6e7f69d6c411e4ced78ed1e772",
            "messageTitle": "List Command added",
            "messageBody": "",
            "insertions": 17,
            "deletions": 5
          },
          {
            "hash": "df21a08d8ee545a56e2e6fc076672c3b955566b5",
            "messageTitle": "Add error check for add command",
            "messageBody": "",
            "insertions": 66,
            "deletions": 4
          },
          {
            "hash": "9b7f5053c3b991f1ca194427cb8f500217d49a88",
            "messageTitle": "Change duke to cafs",
            "messageBody": "",
            "insertions": 18,
            "deletions": 18
          }
        ]
      },
      {
        "insertions": 256,
        "deletions": 31,
        "date": "2020-03-14",
        "commitResults": [
          {
            "hash": "bf62cc5bfa5f1dd5440963f5ed10c7acf617f76f",
            "messageTitle": "Modify deadline to follow UG.",
            "messageBody": "",
            "insertions": 97,
            "deletions": 6
          },
          {
            "hash": "6aa776307aca7564a3d77cc08667e8908fc2b476",
            "messageTitle": "Add JUnit test for deadline task",
            "messageBody": "",
            "insertions": 17,
            "deletions": 0
          },
          {
            "hash": "e67a6ff89ca8f1b7c86db808100474eb017c8724",
            "messageTitle": "Add a simple edit command: only edit name\u0026description",
            "messageBody": "",
            "insertions": 65,
            "deletions": 12
          },
          {
            "hash": "3b66e204b103bd1cb21807f3cc7f10cc6c9cb9ce",
            "messageTitle": "Edit coding standard.",
            "messageBody": "",
            "insertions": 77,
            "deletions": 13
          }
        ]
      },
      {
        "insertions": 389,
        "deletions": 187,
        "date": "2020-03-15",
        "commitResults": [
          {
            "hash": "6c106728768d16a3ae4bfa4e1f25a1af6dc21064",
            "messageTitle": "Modify addCommand and editCommand to follow UG.",
            "messageBody": "",
            "insertions": 233,
            "deletions": 150
          },
          {
            "hash": "9456bfca07ab9859fa91e1d61acbd626ddebd96f",
            "messageTitle": "Add JUnit test for EditCommand",
            "messageBody": "",
            "insertions": 84,
            "deletions": 2
          },
          {
            "hash": "e0b726c7b89d6787b98aecc9abb723fd45edfb4f",
            "messageTitle": "Add JUnit test for addCommand",
            "messageBody": "",
            "insertions": 57,
            "deletions": 22
          },
          {
            "hash": "f4e9c704c330444ac860cdd2fede479c2fcf6b6e",
            "messageTitle": "Edit Coding Standard",
            "messageBody": "",
            "insertions": 15,
            "deletions": 13
          }
        ]
      },
      {
        "insertions": 273,
        "deletions": 387,
        "date": "2020-03-16",
        "commitResults": [
          {
            "hash": "5043e5b6359230a85b5e1fae0f12ecde2ed4c37e",
            "messageTitle": "Remove useless task subclass.",
            "messageBody": "",
            "insertions": 177,
            "deletions": 334
          },
          {
            "hash": "93257521f05654b23eaa5c6bbcc0859b23083c39",
            "messageTitle": "Add category filed for tasks",
            "messageBody": "",
            "insertions": 57,
            "deletions": 13
          },
          {
            "hash": "c2d888df7a6699b524976c7d54bd8de49ec716cf",
            "messageTitle": "Edit JUnit test",
            "messageBody": "",
            "insertions": 9,
            "deletions": 9
          },
          {
            "hash": "8bd97d4bde37a79464f35e2955cc2f34fe8a9474",
            "messageTitle": "Small modification for helpmessage\u0026 delete",
            "messageBody": "",
            "insertions": 6,
            "deletions": 24
          },
          {
            "hash": "725a69932c87c9969accd2a0bdc29884d3e6e11b",
            "messageTitle": "Coding standard modification",
            "messageBody": "",
            "insertions": 22,
            "deletions": 5
          },
          {
            "hash": "ded94f15a9081db58126ae14e060bafa12763ebb",
            "messageTitle": "Edit JUnit test",
            "messageBody": "",
            "insertions": 2,
            "deletions": 2
          }
        ]
      },
      {
        "insertions": 8,
        "deletions": 0,
        "date": "2020-03-18",
        "commitResults": [
          {
            "hash": "2e195b91e65823e9ae4177c8051b838a3c87a4de",
            "messageTitle": "Enable assertion and simple assert",
            "messageBody": "",
            "insertions": 8,
            "deletions": 0
          }
        ]
      },
      {
        "insertions": 89,
        "deletions": 35,
        "date": "2020-03-24",
        "commitResults": [
          {
            "hash": "f394619b209df249aeb17cd8c1063670a6e0fdae",
            "messageTitle": "Update DG syntax",
            "messageBody": "",
            "insertions": 34,
            "deletions": 14
          },
          {
            "hash": "e43e8b61a475f9092a6db2bb34d2b6648bc853df",
            "messageTitle": "Add Implementation of View By Category , testing, user profile, and value proposition.",
            "messageBody": "",
            "insertions": 55,
            "deletions": 21
          }
        ]
      },
      {
        "insertions": 751,
        "deletions": 486,
        "date": "2020-03-28",
        "commitResults": [
          {
            "hash": "4828521b6737a37e10c5fbfddcb9df86b5ae0503",
            "messageTitle": "Update UG",
            "messageBody": "",
            "insertions": 116,
            "deletions": 31
          },
          {
            "hash": "04a1dac6b266515f19813a1791bbaeffacc984cb",
            "messageTitle": "Enable list by category.",
            "messageBody": "",
            "insertions": 112,
            "deletions": 49
          },
          {
            "hash": "ca49ee12425c4ae6b4db8d40e31a7954fc952ed5",
            "messageTitle": "Correct a bug in UI",
            "messageBody": "",
            "insertions": 7,
            "deletions": 0
          },
          {
            "hash": "26681505e8897dac8258b6a27de866768a355236",
            "messageTitle": "Enable add class",
            "messageBody": "",
            "insertions": 200,
            "deletions": 200
          },
          {
            "hash": "01e505dd521c214830608712258fe9b71733edbc",
            "messageTitle": "Enable class added.",
            "messageBody": "",
            "insertions": 316,
            "deletions": 206
          }
        ]
      },
      {
        "insertions": 44,
        "deletions": 50,
        "date": "2020-03-30",
        "commitResults": [
          {
            "hash": "729aab7a6da4458b32ba2c52d3e10798253f76d3",
            "messageTitle": "DG update",
            "messageBody": "",
            "insertions": 31,
            "deletions": 25
          },
          {
            "hash": "78a443a9491ec4d233c4c07bd45c10cbb2a455a5",
            "messageTitle": "update DG",
            "messageBody": "",
            "insertions": 1,
            "deletions": 0
          },
          {
            "hash": "d9528665dd8b33dcbd797d7237f35ef344869a76",
            "messageTitle": "DG update for v2.1",
            "messageBody": "",
            "insertions": 2,
            "deletions": 3
          },
          {
            "hash": "2da0df10d24259169b4c0dffb82603d68417662f",
            "messageTitle": "UG update",
            "messageBody": "",
            "insertions": 4,
            "deletions": 20
          },
          {
            "hash": "d7d360076a6c7bee5b24655f90516a8c191030fe",
            "messageTitle": "Delete command error fixed.",
            "messageBody": "",
            "insertions": 5,
            "deletions": 0
          },
          {
            "hash": "bf884d8e88290034ce9aeb41a652abd9281e8ef5",
            "messageTitle": "Coding standard update.",
            "messageBody": "",
            "insertions": 1,
            "deletions": 2
          }
        ]
      }
    ],
    "rsanchez-macias": [
      {
        "insertions": 1,
        "deletions": 1,
        "date": "2020-03-03",
        "commitResults": [
          {
            "hash": "e7be263da9e8c13c6018ec30773839f9c9772b81",
            "messageTitle": "Add myself to the About Us page",
            "messageBody": "",
            "insertions": 1,
            "deletions": 1
          }
        ]
      },
      {
        "insertions": 287,
        "deletions": 61,
        "date": "2020-03-09",
        "commitResults": [
          {
            "hash": "a2d7946867d1d05f43c0f55b8c9b5d1ab7d1d8e5",
            "messageTitle": "Add task types and simple task manager",
            "messageBody": "",
            "insertions": 156,
            "deletions": 6
          },
          {
            "hash": "f0c405b211c6630bf8c7490c52961c637347a820",
            "messageTitle": "Add basic task types and task list",
            "messageBody": "",
            "insertions": 42,
            "deletions": 4
          },
          {
            "hash": "c579652ce97ed8d0c5698bd5bde97893a26e3c1e",
            "messageTitle": "Add JavaDoc comments and follow coding standard",
            "messageBody": "",
            "insertions": 75,
            "deletions": 47
          },
          {
            "hash": "b81a43d37cd2ff95620042a52dd9be582b1dde18",
            "messageTitle": "Add more changes to follow coding standard",
            "messageBody": "",
            "insertions": 13,
            "deletions": 3
          },
          {
            "hash": "71dfd229d6b1c00db3593d1e8afb572fd324b42e",
            "messageTitle": "Update text-ui-test for the expected output",
            "messageBody": "",
            "insertions": 0,
            "deletions": 1
          },
          {
            "hash": "34a49ea3ffcea6483ca4ba1953408ed9a963c7ed",
            "messageTitle": "Fix text-ui-text expected output for not found Duke/data.txt file",
            "messageBody": "",
            "insertions": 1,
            "deletions": 0
          }
        ]
      },
      {
        "insertions": 186,
        "deletions": 114,
        "date": "2020-03-10",
        "commitResults": [
          {
            "hash": "0a7fa3eb68945fa119744af384e607b9896f5da8",
            "messageTitle": "Refactor add task commands, add find and delete command",
            "messageBody": "",
            "insertions": 186,
            "deletions": 114
          }
        ]
      },
      {
        "insertions": 195,
        "deletions": 162,
        "date": "2020-03-16",
        "commitResults": [
          {
            "hash": "81fc7a8ba88ef4cda309654576d5c4ef1e7510fb",
            "messageTitle": "Add command to clear console and edit prompt for user input",
            "messageBody": "",
            "insertions": 32,
            "deletions": 6
          },
          {
            "hash": "321cc2f6c00de04ac27a15644a58f33b188d7af2",
            "messageTitle": "Change UI to take input and to format messages",
            "messageBody": "",
            "insertions": 67,
            "deletions": 115
          },
          {
            "hash": "cd9edad94806f78f47819aac6cf79650978b2391",
            "messageTitle": "Fix bug in find command and add error handling for delete command",
            "messageBody": "",
            "insertions": 77,
            "deletions": 38
          },
          {
            "hash": "cc5fdf7ef905f83cde6cfccb07bf265e00202a3b",
            "messageTitle": "Edit to follow checklist",
            "messageBody": "",
            "insertions": 1,
            "deletions": 1
          },
          {
            "hash": "7153d2e91798da122924a7a18e745edfdb2ab818",
            "messageTitle": "Add user feedback for add command",
            "messageBody": "",
            "insertions": 18,
            "deletions": 2
          }
        ]
      },
      {
        "insertions": 7,
        "deletions": 4,
        "date": "2020-03-18",
        "commitResults": [
          {
            "hash": "910e88304a4ce649882d07e57d24866f82bd31c2",
            "messageTitle": "Add assertions to delete and add command",
            "messageBody": "",
            "insertions": 6,
            "deletions": 3
          },
          {
            "hash": "6bf67f80e366bc53dc6e70b9f7bf042b0e6b059d",
            "messageTitle": "Edit to follow checkstyle",
            "messageBody": "",
            "insertions": 1,
            "deletions": 1
          }
        ]
      },
      {
        "insertions": 203,
        "deletions": 77,
        "date": "2020-03-30",
        "commitResults": [
          {
            "hash": "2f899a3d1fea8cc9f9bd960f63ac127f66e560e7",
            "messageTitle": "Refactor command word and usage; fix help command",
            "messageBody": "",
            "insertions": 72,
            "deletions": 55
          },
          {
            "hash": "cd9b5bb3c11142a62b99279290ccc138ba27ee43",
            "messageTitle": "Add list by category functionality",
            "messageBody": "",
            "insertions": 76,
            "deletions": 21
          },
          {
            "hash": "4cfba3dbb5639f6a9d8ff131d3752598fb76448d",
            "messageTitle": "Add basic list by date functionality",
            "messageBody": "",
            "insertions": 55,
            "deletions": 1
          }
        ]
      }
    ],
    "Bencotti": [
      {
        "insertions": 1,
        "deletions": 1,
        "date": "2020-03-03",
        "commitResults": [
          {
            "hash": "52776708e3a7d1ac64a9f765558fe126e7a4f200",
            "messageTitle": "Update AboutUs document",
            "messageBody": "",
            "insertions": 1,
            "deletions": 1
          }
        ]
      },
      {
        "insertions": 331,
        "deletions": 38,
        "date": "2020-03-08",
        "commitResults": [
          {
            "hash": "696583dcf41bfc5c2436e42276dcb7cf0ae8a8d6",
            "messageTitle": "Add basic classes for application to function",
            "messageBody": "",
            "insertions": 104,
            "deletions": 21
          },
          {
            "hash": "c092041f4ba2226f2ba4f6320b07c90fca0b1e06",
            "messageTitle": "Add logic to check for directory and file",
            "messageBody": "",
            "insertions": 40,
            "deletions": 0
          },
          {
            "hash": "c76dff83415d61d7866b3f005a89fd5fe4b3fd48",
            "messageTitle": "Set-up primary runner method in main",
            "messageBody": "",
            "insertions": 60,
            "deletions": 3
          },
          {
            "hash": "9d453950d91fa4fc96396a0f28593a0e59f736f3",
            "messageTitle": "Add basic parser class and main parser method",
            "messageBody": "",
            "insertions": 46,
            "deletions": 2
          },
          {
            "hash": "798bc469b0fde959d4d87fc355f8c008e106b84f",
            "messageTitle": "Fix return error with message class",
            "messageBody": "",
            "insertions": 55,
            "deletions": 11
          },
          {
            "hash": "29768481af23f7f78e72e852f1fe244516f38ac5",
            "messageTitle": "Add exit command",
            "messageBody": "",
            "insertions": 26,
            "deletions": 1
          }
        ]
      },
      {
        "insertions": 38,
        "deletions": 18,
        "date": "2020-03-09",
        "commitResults": [
          {
            "hash": "72c584911f5073391060c333178c42a08cc1d708",
            "messageTitle": "Fix test scripts not working after name change",
            "messageBody": "",
            "insertions": 6,
            "deletions": 6
          },
          {
            "hash": "37848dfb64fe423f5d8f6a457011a2485d2d6634",
            "messageTitle": "Configue to work with Gradle and JUnit5",
            "messageBody": "",
            "insertions": 32,
            "deletions": 12
          }
        ]
      },
      {
        "insertions": 17,
        "deletions": 37,
        "date": "2020-03-10",
        "commitResults": [
          {
            "hash": "31edd7656af8f7bf03372f3e39e13a58340519b2",
            "messageTitle": "Add JUnit assertion for empty command",
            "messageBody": "",
            "insertions": 17,
            "deletions": 37
          }
        ]
      },
      {
        "insertions": 15,
        "deletions": 15,
        "date": "2020-03-13",
        "commitResults": [
          {
            "hash": "809b54e87a9f383b2171a422f94107824f4cfa52",
            "messageTitle": "Fix #Issue-11, bug when displaying prompt",
            "messageBody": "Scanner class only works when input is on a new line. Changed prompt to print new line when done.\n",
            "insertions": 15,
            "deletions": 15
          }
        ]
      },
      {
        "insertions": 52,
        "deletions": 25,
        "date": "2020-03-15",
        "commitResults": [
          {
            "hash": "14c8e43dc62949a2bf21d00337504ca6d14892d4",
            "messageTitle": "Add asertion for user input detection",
            "messageBody": "",
            "insertions": 35,
            "deletions": 3
          },
          {
            "hash": "d0b95d79b2577e94534017a3c29ab5fa3c6b7506",
            "messageTitle": "Fix indentation errors",
            "messageBody": "",
            "insertions": 6,
            "deletions": 6
          },
          {
            "hash": "d2f6ef769403aa4e883ea80767f1bd8d9f070a06",
            "messageTitle": "Fix indentaion error in main method",
            "messageBody": "",
            "insertions": 3,
            "deletions": 3
          },
          {
            "hash": "e34c5072b4aa886ed5f2e5e3fefc265449738157",
            "messageTitle": "Update test expected value",
            "messageBody": "",
            "insertions": 4,
            "deletions": 1
          },
          {
            "hash": "26b78836e8180df5b520d23f9759816bfba7214c",
            "messageTitle": "Remove redundant print statements from file checking methods",
            "messageBody": "",
            "insertions": 4,
            "deletions": 12
          }
        ]
      },
      {
        "insertions": 193,
        "deletions": 51,
        "date": "2020-03-16",
        "commitResults": [
          {
            "hash": "9e292a848a60a91941947af1a08979fe63262e2c",
            "messageTitle": "Update storage to work with gson",
            "messageBody": "",
            "insertions": 24,
            "deletions": 21
          },
          {
            "hash": "b7309c6da968b0f94e998b431704fb57fb9a2847",
            "messageTitle": "Allow saving of individual task without overwriting file",
            "messageBody": "",
            "insertions": 26,
            "deletions": 4
          },
          {
            "hash": "9a4513d12d2d22afb2548b163065598c711146c7",
            "messageTitle": "Load data from file",
            "messageBody": "",
            "insertions": 29,
            "deletions": 3
          },
          {
            "hash": "42099bbfb6e5f9d970bc2660109cb4fa9d0e49b2",
            "messageTitle": "Fix merge conflicts and gson error",
            "messageBody": "",
            "insertions": 17,
            "deletions": 13
          },
          {
            "hash": "8b5d8bf347e61166481bfbb7b600d769c843f822",
            "messageTitle": "Fix coding standard errors thrown by graddle and test-ui",
            "messageBody": "",
            "insertions": 20,
            "deletions": 4
          },
          {
            "hash": "4825b045182263a0b13b4b48e623db8e20d97322",
            "messageTitle": "Update readme doc",
            "messageBody": "",
            "insertions": 77,
            "deletions": 6
          }
        ]
      },
      {
        "insertions": 10,
        "deletions": 6,
        "date": "2020-03-17",
        "commitResults": [
          {
            "hash": "3d63e460e86c68d95638f5d1e470c0e6fbdfddf8",
            "messageTitle": "Add basic logging for main",
            "messageBody": "",
            "insertions": 7,
            "deletions": 4
          },
          {
            "hash": "cd8c01fcebf0d7e67acd8cbeb24b8cedd81dc054",
            "messageTitle": "Fix graddle style errors",
            "messageBody": "",
            "insertions": 3,
            "deletions": 2
          }
        ]
      },
      {
        "insertions": 18,
        "deletions": 3,
        "date": "2020-03-23",
        "commitResults": [
          {
            "hash": "30b482240c576f7f4b6f9f1a53919d9cfb79fe7b",
            "messageTitle": "Add user stories for v1, v2",
            "messageBody": "",
            "insertions": 14,
            "deletions": 3
          },
          {
            "hash": "979f7c0855f94353c9e75046e5bd26e8047838dd",
            "messageTitle": "Add basic Non-Functional Requirements",
            "messageBody": "",
            "insertions": 4,
            "deletions": 0
          }
        ]
      },
      {
        "insertions": 193,
        "deletions": 30,
        "date": "2020-03-30",
        "commitResults": [
          {
            "hash": "eacfec66c6808aeb21640fa1ff0f1e5f1f4ae147",
            "messageTitle": "Update DG for calendar view",
            "messageBody": "",
            "insertions": 35,
            "deletions": 2
          },
          {
            "hash": "c5c7df5ce53d505dd002e656cde95b361bcb330f",
            "messageTitle": "Added UML diagrams - Class \u0026 Sequence",
            "messageBody": "",
            "insertions": 4,
            "deletions": 2
          },
          {
            "hash": "18f2623c066e64a28d14908a6d1b3e76f08e05bd",
            "messageTitle": "Update CalendarCommand class diagram",
            "messageBody": "",
            "insertions": 14,
            "deletions": 5
          },
          {
            "hash": "64e441169d9bfdff73e1a7bcaf89a2b79e9e4445",
            "messageTitle": "Basic Calendar ready for display",
            "messageBody": "",
            "insertions": 131,
            "deletions": 9
          },
          {
            "hash": "fc78a15fd8a9f7f878027fe56ab49777360171c9",
            "messageTitle": "Update calendar formatting",
            "messageBody": "",
            "insertions": 9,
            "deletions": 12
          }
        ]
      },
      {
        "insertions": 117,
        "deletions": 71,
        "date": "2020-03-31",
        "commitResults": [
          {
            "hash": "b4c462ef5781a0f160def978f5fe06eb30be6b18",
            "messageTitle": "Fix style errors",
            "messageBody": "",
            "insertions": 77,
            "deletions": 47
          },
          {
            "hash": "eda76b2f5ae9e3c21f37097051cbd6f7fcc61d33",
            "messageTitle": "Fix style error",
            "messageBody": "",
            "insertions": 23,
            "deletions": 16
          },
          {
            "hash": "3c9713e6f220678c68477fa333e934875ccb5cd6",
            "messageTitle": "Add Java docs to new method in Parser",
            "messageBody": "",
            "insertions": 11,
            "deletions": 5
          },
          {
            "hash": "ac93a2c82bf3e645bf7077de58c33baaab405ca9",
            "messageTitle": "Fix variable length too long",
            "messageBody": "",
            "insertions": 2,
            "deletions": 1
          },
          {
            "hash": "c897d7e055937f982927064bf744b49486d7f44d",
            "messageTitle": "Update UG to show DG",
            "messageBody": "",
            "insertions": 2,
            "deletions": 0
          },
          {
            "hash": "1e752e9830da0a288eeb98fbf2366cddf500b021",
            "messageTitle": "Fix DG link not working",
            "messageBody": "",
            "insertions": 2,
            "deletions": 2
          }
        ]
      }
    ],
    "yuchenlichuck": [
      {
        "insertions": 3,
        "deletions": 0,
        "date": "2020-03-03",
        "commitResults": [
          {
            "hash": "8cdb14cc8972c0668fa73e53c51d8b42a4f9f92b",
            "messageTitle": "Yuchen",
            "messageBody": "",
            "insertions": 3,
            "deletions": 0
          }
        ]
      },
      {
        "insertions": 28,
        "deletions": 4,
        "date": "2020-03-17",
        "commitResults": [
          {
            "hash": "354209271866358a8eaa2e07712bee5456a5b114",
            "messageTitle": "write contributors",
            "messageBody": "",
            "insertions": 2,
            "deletions": 1
          },
          {
            "hash": "60d3f82fecfa275b6722a94498d3c1ec648d5ee3",
            "messageTitle": "add junit test",
            "messageBody": "",
            "insertions": 25,
            "deletions": 2
          },
          {
            "hash": "8681e2e4dce22547c54a21237a4fa6df5a1dd5ca",
            "messageTitle": "add CONTRIBUTORS",
            "messageBody": "",
            "insertions": 1,
            "deletions": 1
          }
        ]
      },
      {
        "insertions": 23,
        "deletions": 19,
        "date": "2020-03-20",
        "commitResults": [
          {
            "hash": "e01b9fa47e1ec3a8cf05f5b9e46bc267bf61ef46",
            "messageTitle": "add delete assert",
            "messageBody": "",
            "insertions": 3,
            "deletions": 0
          },
          {
            "hash": "70f34e014e139675452d1ef90a0e86eda6b98dbf",
            "messageTitle": "add delete assert",
            "messageBody": "",
            "insertions": 1,
            "deletions": 1
          },
          {
            "hash": "6f81108f8d7a24125fc816d7d643efd509cb092d",
            "messageTitle": "add delete assert",
            "messageBody": "",
            "insertions": 2,
            "deletions": 2
          },
          {
            "hash": "afead4eae8c90de32f15602c1219f5df035e3baa",
            "messageTitle": "add delete assert",
            "messageBody": "",
            "insertions": 4,
            "deletions": 2
          },
          {
            "hash": "6d8ddddab41aa04a87bd42b197abb03cefaf82d3",
            "messageTitle": "add delete assert",
            "messageBody": "",
            "insertions": 2,
            "deletions": 5
          },
          {
            "hash": "15117332da261af9f4daaa779de9a227eb9b06f7",
            "messageTitle": "add delete assert",
            "messageBody": "",
            "insertions": 5,
            "deletions": 3
          },
          {
            "hash": "4eac7d5fa6aee1ecdd6919046c55714ef9bede2e",
            "messageTitle": "add delete assert",
            "messageBody": "",
            "insertions": 1,
            "deletions": 1
          },
          {
            "hash": "2f01a530b91229303844686b37b50a61f50bfabf",
            "messageTitle": "add delete assert",
            "messageBody": "",
            "insertions": 2,
            "deletions": 2
          },
          {
            "hash": "b38d1d4fb322950c4d8881c928d3f3ee88a02aea",
            "messageTitle": "checkout",
            "messageBody": "",
            "insertions": 2,
            "deletions": 1
          },
          {
            "hash": "656b0338070204d4ddf8dda75007c7c64b9db183",
            "messageTitle": "add delete assert",
            "messageBody": "",
            "insertions": 1,
            "deletions": 1
          },
          {
            "hash": "42ffd607f47bb82871c9f9bc0c47dfff9a0b28e0",
            "messageTitle": "add delete assert",
            "messageBody": "",
            "insertions": 0,
            "deletions": 1
          }
        ]
      },
      {
        "insertions": 2,
        "deletions": 2,
        "date": "2020-03-25",
        "commitResults": [
          {
            "hash": "5ca805c8fdb8c7cd079a010867d9e1f636959e4b",
            "messageTitle": "add dp",
            "messageBody": "",
            "insertions": 2,
            "deletions": 2
          }
        ]
      },
      {
        "insertions": 128,
        "deletions": 70,
        "date": "2020-03-30",
        "commitResults": [
          {
            "hash": "d8c113903cfcb37f9dec5d281f720a5e63ef8e58",
            "messageTitle": "change the date and time display to make resolve some time problems",
            "messageBody": "",
            "insertions": 87,
            "deletions": 22
          },
          {
            "hash": "37ff34c6218d31efaaef0f08b70f5614c483f15d",
            "messageTitle": "pass gradle",
            "messageBody": "",
            "insertions": 41,
            "deletions": 48
          }
        ]
      }
    ]
  },
  "authorFinalContributionMap": {
    "JTWang2000": 1047,
    "rsanchez-macias": 523,
    "Bencotti": 664,
    "yuchenlichuck": 132
  },
  "authorFileTypeContributionMap": {
    "JTWang2000": {
      "java": 894,
      "md": 151,
      "fxml": 0,
      "sh": 0,
      "bat": 1,
      "gradle": 1,
      "txt": 0
    },
    "rsanchez-macias": {
      "java": 522,
      "md": 1,
      "fxml": 0,
      "sh": 0,
      "bat": 0,
      "gradle": 0,
      "txt": 0
    },
    "Bencotti": {
      "java": 544,
      "md": 115,
      "fxml": 0,
      "sh": 0,
      "bat": 0,
      "gradle": 4,
      "txt": 1
    },
    "yuchenlichuck": {
      "java": 125,
      "md": 6,
      "fxml": 0,
      "sh": 0,
      "bat": 0,
      "gradle": 0,
      "txt": 1
    }
  },
  "authorContributionVariance": {
    "JTWang2000": 70139.77,
    "rsanchez-macias": 11700.955,
    "Bencotti": 7790.335,
    "yuchenlichuck": 1274.3871
  },
  "authorDisplayNameMap": {
    "JTWang2000": "CS2113-T14-3 WANG..GTAN",
    "rsanchez-macias": "CS2113-T14-3 SANC..ARDO",
    "Bencotti": "CS2113-T14-3 HO J..NIEL",
    "yuchenlichuck": "CS2113-T14-3 LI Y..CHEN"
  }
}
